,cost_multiplier,agent,action,duration,cost,level,time,phase,phase_name,num_vessels,num_ahts_vessels
0,1.0,Mooring System Installation Vessel,Mobilize,168.0,700000.0,ACTION,0.0,MooringSystemInstallation,,,
1,,Mooring System Installation Vessel,Load Mooring System,5.0,20833.333333333336,ACTION,5.0,MooringSystemInstallation,MooringSystemInstallation,,
2,,Mooring System Installation Vessel,Load Mooring System,5.0,20833.333333333336,ACTION,10.0,MooringSystemInstallation,MooringSystemInstallation,,
3,,Mooring System Installation Vessel,Load Mooring System,5.0,20833.333333333336,ACTION,15.0,MooringSystemInstallation,MooringSystemInstallation,,
4,,Mooring System Installation Vessel,Load Mooring System,5.0,20833.333333333336,ACTION,20.0,MooringSystemInstallation,MooringSystemInstallation,,
5,,Mooring System Installation Vessel,Load Mooring System,5.0,20833.333333333336,ACTION,25.0,MooringSystemInstallation,MooringSystemInstallation,,
6,,Mooring System Installation Vessel,Load Mooring System,5.0,20833.333333333336,ACTION,30.0,MooringSystemInstallation,MooringSystemInstallation,,
7,,Mooring System Installation Vessel,Load Mooring System,5.0,20833.333333333336,ACTION,35.0,MooringSystemInstallation,MooringSystemInstallation,,
8,,Mooring System Installation Vessel,Load Mooring System,5.0,20833.333333333336,ACTION,40.0,MooringSystemInstallation,MooringSystemInstallation,,
9,,Mooring System Installation Vessel,Load Mooring System,5.0,20833.333333333336,ACTION,45.0,MooringSystemInstallation,MooringSystemInstallation,,
10,,Mooring System Installation Vessel,Load Mooring System,5.0,20833.333333333336,ACTION,50.0,MooringSystemInstallation,MooringSystemInstallation,,
11,,Mooring System Installation Vessel,Load Mooring System,5.0,20833.333333333336,ACTION,55.0,MooringSystemInstallation,MooringSystemInstallation,,
12,,Mooring System Installation Vessel,Load Mooring System,5.0,20833.333333333336,ACTION,60.0,MooringSystemInstallation,MooringSystemInstallation,,
13,,Mooring System Installation Vessel,Load Mooring System,5.0,20833.333333333336,ACTION,65.0,MooringSystemInstallation,MooringSystemInstallation,,
14,,Mooring System Installation Vessel,Load Mooring System,5.0,20833.333333333336,ACTION,70.0,MooringSystemInstallation,MooringSystemInstallation,,
15,,Mooring System Installation Vessel,Load Mooring System,5.0,20833.333333333336,ACTION,75.0,MooringSystemInstallation,MooringSystemInstallation,,
16,,Mooring System Installation Vessel,Load Mooring System,5.0,20833.333333333336,ACTION,80.0,MooringSystemInstallation,MooringSystemInstallation,,
17,,Mooring System Installation Vessel,Load Mooring System,5.0,20833.333333333336,ACTION,85.0,MooringSystemInstallation,MooringSystemInstallation,,
18,,Mooring System Installation Vessel,Load Mooring System,5.0,20833.333333333336,ACTION,90.0,MooringSystemInstallation,MooringSystemInstallation,,
19,,Mooring System Installation Vessel,Load Mooring System,3.0,12500.0,ACTION,93.0,MooringSystemInstallation,MooringSystemInstallation,,
20,,Mooring System Installation Vessel,Delay,8.0,33333.333333333336,ACTION,101.0,MooringSystemInstallation,MooringSystemInstallation,,
21,,Mooring System Installation Vessel,Load Mooring System,2.0,8333.333333333334,ACTION,103.0,MooringSystemInstallation,MooringSystemInstallation,,
22,,Mooring System Installation Vessel,Load Mooring System,5.0,20833.333333333336,ACTION,108.0,MooringSystemInstallation,MooringSystemInstallation,,
23,,Mooring System Installation Vessel,Load Mooring System,5.0,20833.333333333336,ACTION,113.0,MooringSystemInstallation,MooringSystemInstallation,,
24,,Mooring System Installation Vessel,Load Mooring System,5.0,20833.333333333336,ACTION,118.0,MooringSystemInstallation,MooringSystemInstallation,,
25,,Mooring System Installation Vessel,Load Mooring System,5.0,20833.333333333336,ACTION,123.0,MooringSystemInstallation,MooringSystemInstallation,,
26,,Mooring System Installation Vessel,Load Mooring System,5.0,20833.333333333336,ACTION,128.0,MooringSystemInstallation,MooringSystemInstallation,,
27,,Mooring System Installation Vessel,Load Mooring System,5.0,20833.333333333336,ACTION,133.0,MooringSystemInstallation,MooringSystemInstallation,,
28,,Mooring System Installation Vessel,Load Mooring System,5.0,20833.333333333336,ACTION,138.0,MooringSystemInstallation,MooringSystemInstallation,,
29,,Mooring System Installation Vessel,Load Mooring System,5.0,20833.333333333336,ACTION,143.0,MooringSystemInstallation,MooringSystemInstallation,,
30,,Mooring System Installation Vessel,Load Mooring System,5.0,20833.333333333336,ACTION,148.0,MooringSystemInstallation,MooringSystemInstallation,,
31,,Mooring System Installation Vessel,Load Mooring System,5.0,20833.333333333336,ACTION,153.0,MooringSystemInstallation,MooringSystemInstallation,,
32,,Mooring System Installation Vessel,Load Mooring System,5.0,20833.333333333336,ACTION,158.0,MooringSystemInstallation,MooringSystemInstallation,,
33,,Mooring System Installation Vessel,Load Mooring System,5.0,20833.333333333336,ACTION,163.0,MooringSystemInstallation,MooringSystemInstallation,,
34,,Mooring System Installation Vessel,Load Mooring System,5.0,20833.333333333336,ACTION,168.0,MooringSystemInstallation,MooringSystemInstallation,,
35,,Mooring System Installation Vessel,Load Mooring System,5.0,20833.333333333336,ACTION,173.0,MooringSystemInstallation,MooringSystemInstallation,,
36,,Mooring System Installation Vessel,Load Mooring System,5.0,20833.333333333336,ACTION,178.0,MooringSystemInstallation,MooringSystemInstallation,,
37,,Mooring System Installation Vessel,Load Mooring System,5.0,20833.333333333336,ACTION,183.0,MooringSystemInstallation,MooringSystemInstallation,,
38,,Mooring System Installation Vessel,Load Mooring System,5.0,20833.333333333336,ACTION,188.0,MooringSystemInstallation,MooringSystemInstallation,,
39,,Mooring System Installation Vessel,Load Mooring System,5.0,20833.333333333336,ACTION,193.0,MooringSystemInstallation,MooringSystemInstallation,,
40,,Mooring System Installation Vessel,Load Mooring System,5.0,20833.333333333336,ACTION,198.0,MooringSystemInstallation,MooringSystemInstallation,,
41,,Mooring System Installation Vessel,Load Mooring System,5.0,20833.333333333336,ACTION,203.0,MooringSystemInstallation,MooringSystemInstallation,,
42,,Mooring System Installation Vessel,Load Mooring System,5.0,20833.333333333336,ACTION,208.0,MooringSystemInstallation,MooringSystemInstallation,,
43,,Mooring System Installation Vessel,Load Mooring System,5.0,20833.333333333336,ACTION,213.0,MooringSystemInstallation,MooringSystemInstallation,,
44,,Mooring System Installation Vessel,Load Mooring System,5.0,20833.333333333336,ACTION,218.0,MooringSystemInstallation,MooringSystemInstallation,,
45,,Mooring System Installation Vessel,Transit,8.936780661056405,37236.58608773502,ACTION,226.93678066105642,MooringSystemInstallation,,,
46,,Mooring System Installation Vessel,Position Onsite,5.0,20833.333333333336,ACTION,231.93678066105642,MooringSystemInstallation,,,
47,,Mooring System Installation Vessel,Perform Mooring Site Survey,4.0,16666.666666666668,ACTION,235.93678066105642,MooringSystemInstallation,MooringSystemInstallation,,
48,,Mooring System Installation Vessel,Install Drag Embedment Anchor,16.0,66666.66666666667,ACTION,251.93678066105642,MooringSystemInstallation,MooringSystemInstallation,,
49,,Mooring System Installation Vessel,Install Mooring Line,4.0,16666.666666666668,ACTION,255.93678066105642,MooringSystemInstallation,MooringSystemInstallation,,
50,,Mooring System Installation Vessel,Position Onsite,5.0,20833.333333333336,ACTION,260.93678066105645,MooringSystemInstallation,,,
51,,Mooring System Installation Vessel,Perform Mooring Site Survey,4.0,16666.666666666668,ACTION,264.93678066105645,MooringSystemInstallation,MooringSystemInstallation,,
52,,Mooring System Installation Vessel,Install Drag Embedment Anchor,16.0,66666.66666666667,ACTION,280.93678066105645,MooringSystemInstallation,MooringSystemInstallation,,
53,,Mooring System Installation Vessel,Install Mooring Line,4.0,16666.666666666668,ACTION,284.93678066105645,MooringSystemInstallation,MooringSystemInstallation,,
54,,Mooring System Installation Vessel,Position Onsite,5.0,20833.333333333336,ACTION,289.93678066105645,MooringSystemInstallation,,,
55,,Mooring System Installation Vessel,Perform Mooring Site Survey,4.0,16666.666666666668,ACTION,293.93678066105645,MooringSystemInstallation,MooringSystemInstallation,,
56,,Mooring System Installation Vessel,Install Drag Embedment Anchor,16.0,66666.66666666667,ACTION,309.93678066105645,MooringSystemInstallation,MooringSystemInstallation,,
57,,Mooring System Installation Vessel,Install Mooring Line,4.0,16666.666666666668,ACTION,313.93678066105645,MooringSystemInstallation,MooringSystemInstallation,,
58,,Mooring System Installation Vessel,Position Onsite,5.0,20833.333333333336,ACTION,318.93678066105645,MooringSystemInstallation,,,
59,,Mooring System Installation Vessel,Perform Mooring Site Survey,4.0,16666.666666666668,ACTION,322.93678066105645,MooringSystemInstallation,MooringSystemInstallation,,
60,,Mooring System Installation Vessel,Install Drag Embedment Anchor,16.0,66666.66666666667,ACTION,338.93678066105645,MooringSystemInstallation,MooringSystemInstallation,,
61,,Mooring System Installation Vessel,Install Mooring Line,4.0,16666.666666666668,ACTION,342.93678066105645,MooringSystemInstallation,MooringSystemInstallation,,
62,,Mooring System Installation Vessel,Position Onsite,5.0,20833.333333333336,ACTION,347.93678066105645,MooringSystemInstallation,,,
63,,Mooring System Installation Vessel,Perform Mooring Site Survey,4.0,16666.666666666668,ACTION,351.93678066105645,MooringSystemInstallation,MooringSystemInstallation,,
64,,Mooring System Installation Vessel,Install Drag Embedment Anchor,16.0,66666.66666666667,ACTION,367.93678066105645,MooringSystemInstallation,MooringSystemInstallation,,
65,,Mooring System Installation Vessel,Install Mooring Line,4.0,16666.666666666668,ACTION,371.93678066105645,MooringSystemInstallation,MooringSystemInstallation,,
66,,Mooring System Installation Vessel,Position Onsite,5.0,20833.333333333336,ACTION,376.93678066105645,MooringSystemInstallation,,,
67,,Mooring System Installation Vessel,Perform Mooring Site Survey,4.0,16666.666666666668,ACTION,380.93678066105645,MooringSystemInstallation,MooringSystemInstallation,,
68,,Mooring System Installation Vessel,Install Drag Embedment Anchor,16.0,66666.66666666667,ACTION,396.93678066105645,MooringSystemInstallation,MooringSystemInstallation,,
69,,Mooring System Installation Vessel,Install Mooring Line,4.0,16666.666666666668,ACTION,400.93678066105645,MooringSystemInstallation,MooringSystemInstallation,,
70,,Mooring System Installation Vessel,Position Onsite,5.0,20833.333333333336,ACTION,405.93678066105645,MooringSystemInstallation,,,
71,,Mooring System Installation Vessel,Perform Mooring Site Survey,4.0,16666.666666666668,ACTION,409.93678066105645,MooringSystemInstallation,MooringSystemInstallation,,
72,,Mooring System Installation Vessel,Install Drag Embedment Anchor,16.0,66666.66666666667,ACTION,425.93678066105645,MooringSystemInstallation,MooringSystemInstallation,,
73,,Mooring System Installation Vessel,Install Mooring Line,4.0,16666.666666666668,ACTION,429.93678066105645,MooringSystemInstallation,MooringSystemInstallation,,
74,,Mooring System Installation Vessel,Position Onsite,5.0,20833.333333333336,ACTION,434.93678066105645,MooringSystemInstallation,,,
75,,Mooring System Installation Vessel,Perform Mooring Site Survey,4.0,16666.666666666668,ACTION,438.93678066105645,MooringSystemInstallation,MooringSystemInstallation,,
76,,Mooring System Installation Vessel,Install Drag Embedment Anchor,16.0,66666.66666666667,ACTION,454.93678066105645,MooringSystemInstallation,MooringSystemInstallation,,
77,,Mooring System Installation Vessel,Install Mooring Line,4.0,16666.666666666668,ACTION,458.93678066105645,MooringSystemInstallation,MooringSystemInstallation,,
78,,Mooring System Installation Vessel,Position Onsite,5.0,20833.333333333336,ACTION,463.93678066105645,MooringSystemInstallation,,,
79,,Mooring System Installation Vessel,Perform Mooring Site Survey,4.0,16666.666666666668,ACTION,467.93678066105645,MooringSystemInstallation,MooringSystemInstallation,,
80,,Mooring System Installation Vessel,Install Drag Embedment Anchor,16.0,66666.66666666667,ACTION,483.93678066105645,MooringSystemInstallation,MooringSystemInstallation,,
81,,Mooring System Installation Vessel,Install Mooring Line,4.0,16666.666666666668,ACTION,487.93678066105645,MooringSystemInstallation,MooringSystemInstallation,,
82,,Mooring System Installation Vessel,Position Onsite,5.0,20833.333333333336,ACTION,492.93678066105645,MooringSystemInstallation,,,
83,,Mooring System Installation Vessel,Perform Mooring Site Survey,4.0,16666.666666666668,ACTION,496.93678066105645,MooringSystemInstallation,MooringSystemInstallation,,
84,,Mooring System Installation Vessel,Install Drag Embedment Anchor,16.0,66666.66666666667,ACTION,512.9367806610564,MooringSystemInstallation,MooringSystemInstallation,,
85,,Mooring System Installation Vessel,Install Mooring Line,4.0,16666.666666666668,ACTION,516.9367806610564,MooringSystemInstallation,MooringSystemInstallation,,
86,,Mooring System Installation Vessel,Position Onsite,5.0,20833.333333333336,ACTION,521.9367806610564,MooringSystemInstallation,,,
87,,Mooring System Installation Vessel,Perform Mooring Site Survey,4.0,16666.666666666668,ACTION,525.9367806610564,MooringSystemInstallation,MooringSystemInstallation,,
88,,Mooring System Installation Vessel,Install Drag Embedment Anchor,16.0,66666.66666666667,ACTION,541.9367806610564,MooringSystemInstallation,MooringSystemInstallation,,
89,,Mooring System Installation Vessel,Install Mooring Line,4.0,16666.666666666668,ACTION,545.9367806610564,MooringSystemInstallation,MooringSystemInstallation,,
90,,Mooring System Installation Vessel,Position Onsite,5.0,20833.333333333336,ACTION,550.9367806610564,MooringSystemInstallation,,,
91,,Mooring System Installation Vessel,Perform Mooring Site Survey,4.0,16666.666666666668,ACTION,554.9367806610564,MooringSystemInstallation,MooringSystemInstallation,,
92,,Mooring System Installation Vessel,Install Drag Embedment Anchor,16.0,66666.66666666667,ACTION,570.9367806610564,MooringSystemInstallation,MooringSystemInstallation,,
93,,Mooring System Installation Vessel,Install Mooring Line,4.0,16666.666666666668,ACTION,574.9367806610564,MooringSystemInstallation,MooringSystemInstallation,,
94,,Mooring System Installation Vessel,Position Onsite,5.0,20833.333333333336,ACTION,579.9367806610564,MooringSystemInstallation,,,
95,,Mooring System Installation Vessel,Perform Mooring Site Survey,4.0,16666.666666666668,ACTION,583.9367806610564,MooringSystemInstallation,MooringSystemInstallation,,
96,,Mooring System Installation Vessel,Install Drag Embedment Anchor,16.0,66666.66666666667,ACTION,599.9367806610564,MooringSystemInstallation,MooringSystemInstallation,,
97,,Mooring System Installation Vessel,Install Mooring Line,4.0,16666.666666666668,ACTION,603.9367806610564,MooringSystemInstallation,MooringSystemInstallation,,
98,,Mooring System Installation Vessel,Position Onsite,5.0,20833.333333333336,ACTION,608.9367806610564,MooringSystemInstallation,,,
99,,Mooring System Installation Vessel,Perform Mooring Site Survey,4.0,16666.666666666668,ACTION,612.9367806610564,MooringSystemInstallation,MooringSystemInstallation,,
100,,Mooring System Installation Vessel,Install Drag Embedment Anchor,16.0,66666.66666666667,ACTION,628.9367806610564,MooringSystemInstallation,MooringSystemInstallation,,
101,,Mooring System Installation Vessel,Install Mooring Line,4.0,16666.666666666668,ACTION,632.9367806610564,MooringSystemInstallation,MooringSystemInstallation,,
102,,Mooring System Installation Vessel,Position Onsite,5.0,20833.333333333336,ACTION,637.9367806610564,MooringSystemInstallation,,,
103,,Mooring System Installation Vessel,Perform Mooring Site Survey,4.0,16666.666666666668,ACTION,641.9367806610564,MooringSystemInstallation,MooringSystemInstallation,,
104,,Mooring System Installation Vessel,Install Drag Embedment Anchor,16.0,66666.66666666667,ACTION,657.9367806610564,MooringSystemInstallation,MooringSystemInstallation,,
105,,Mooring System Installation Vessel,Install Mooring Line,4.0,16666.666666666668,ACTION,661.9367806610564,MooringSystemInstallation,MooringSystemInstallation,,
106,,Mooring System Installation Vessel,Position Onsite,5.0,20833.333333333336,ACTION,666.9367806610564,MooringSystemInstallation,,,
107,,Mooring System Installation Vessel,Perform Mooring Site Survey,4.0,16666.666666666668,ACTION,670.9367806610564,MooringSystemInstallation,MooringSystemInstallation,,
108,,Mooring System Installation Vessel,Install Drag Embedment Anchor,16.0,66666.66666666667,ACTION,686.9367806610564,MooringSystemInstallation,MooringSystemInstallation,,
109,,Mooring System Installation Vessel,Install Mooring Line,4.0,16666.666666666668,ACTION,690.9367806610564,MooringSystemInstallation,MooringSystemInstallation,,
110,,Mooring System Installation Vessel,Position Onsite,5.0,20833.333333333336,ACTION,695.9367806610564,MooringSystemInstallation,,,
111,,Mooring System Installation Vessel,Perform Mooring Site Survey,4.0,16666.666666666668,ACTION,699.9367806610564,MooringSystemInstallation,MooringSystemInstallation,,
112,,Mooring System Installation Vessel,Install Drag Embedment Anchor,16.0,66666.66666666667,ACTION,715.9367806610564,MooringSystemInstallation,MooringSystemInstallation,,
113,,Mooring System Installation Vessel,Install Mooring Line,4.0,16666.666666666668,ACTION,719.9367806610564,MooringSystemInstallation,MooringSystemInstallation,,
114,,Mooring System Installation Vessel,Position Onsite,5.0,20833.333333333336,ACTION,724.9367806610564,MooringSystemInstallation,,,
115,,Mooring System Installation Vessel,Perform Mooring Site Survey,4.0,16666.666666666668,ACTION,728.9367806610564,MooringSystemInstallation,MooringSystemInstallation,,
116,,Mooring System Installation Vessel,Install Drag Embedment Anchor,16.0,66666.66666666667,ACTION,744.9367806610564,MooringSystemInstallation,MooringSystemInstallation,,
117,,Mooring System Installation Vessel,Install Mooring Line,4.0,16666.666666666668,ACTION,748.9367806610564,MooringSystemInstallation,MooringSystemInstallation,,
118,,Mooring System Installation Vessel,Position Onsite,5.0,20833.333333333336,ACTION,753.9367806610564,MooringSystemInstallation,,,
119,,Mooring System Installation Vessel,Perform Mooring Site Survey,4.0,16666.666666666668,ACTION,757.9367806610564,MooringSystemInstallation,MooringSystemInstallation,,
120,,Mooring System Installation Vessel,Install Drag Embedment Anchor,16.0,66666.66666666667,ACTION,773.9367806610564,MooringSystemInstallation,MooringSystemInstallation,,
121,,Mooring System Installation Vessel,Install Mooring Line,4.0,16666.666666666668,ACTION,777.9367806610564,MooringSystemInstallation,MooringSystemInstallation,,
122,,Mooring System Installation Vessel,Position Onsite,5.0,20833.333333333336,ACTION,782.9367806610564,MooringSystemInstallation,,,
123,,Mooring System Installation Vessel,Perform Mooring Site Survey,4.0,16666.666666666668,ACTION,786.9367806610564,MooringSystemInstallation,MooringSystemInstallation,,
124,,Mooring System Installation Vessel,Install Drag Embedment Anchor,16.0,66666.66666666667,ACTION,802.9367806610564,MooringSystemInstallation,MooringSystemInstallation,,
125,,Mooring System Installation Vessel,Install Mooring Line,4.0,16666.666666666668,ACTION,806.9367806610564,MooringSystemInstallation,MooringSystemInstallation,,
126,,Mooring System Installation Vessel,Position Onsite,5.0,20833.333333333336,ACTION,811.9367806610564,MooringSystemInstallation,,,
127,,Mooring System Installation Vessel,Perform Mooring Site Survey,4.0,16666.666666666668,ACTION,815.9367806610564,MooringSystemInstallation,MooringSystemInstallation,,
128,,Mooring System Installation Vessel,Install Drag Embedment Anchor,16.0,66666.66666666667,ACTION,831.9367806610564,MooringSystemInstallation,MooringSystemInstallation,,
129,,Mooring System Installation Vessel,Install Mooring Line,4.0,16666.666666666668,ACTION,835.9367806610564,MooringSystemInstallation,MooringSystemInstallation,,
130,,Mooring System Installation Vessel,Position Onsite,5.0,20833.333333333336,ACTION,840.9367806610564,MooringSystemInstallation,,,
131,,Mooring System Installation Vessel,Perform Mooring Site Survey,4.0,16666.666666666668,ACTION,844.9367806610564,MooringSystemInstallation,MooringSystemInstallation,,
132,,Mooring System Installation Vessel,Install Drag Embedment Anchor,16.0,66666.66666666667,ACTION,860.9367806610564,MooringSystemInstallation,MooringSystemInstallation,,
133,,Mooring System Installation Vessel,Install Mooring Line,4.0,16666.666666666668,ACTION,864.9367806610564,MooringSystemInstallation,MooringSystemInstallation,,
134,,Mooring System Installation Vessel,Position Onsite,5.0,20833.333333333336,ACTION,869.9367806610564,MooringSystemInstallation,,,
135,,Mooring System Installation Vessel,Perform Mooring Site Survey,4.0,16666.666666666668,ACTION,873.9367806610564,MooringSystemInstallation,MooringSystemInstallation,,
136,,Mooring System Installation Vessel,Install Drag Embedment Anchor,16.0,66666.66666666667,ACTION,889.9367806610564,MooringSystemInstallation,MooringSystemInstallation,,
137,,Mooring System Installation Vessel,Install Mooring Line,4.0,16666.666666666668,ACTION,893.9367806610564,MooringSystemInstallation,MooringSystemInstallation,,
138,,Mooring System Installation Vessel,Position Onsite,5.0,20833.333333333336,ACTION,898.9367806610564,MooringSystemInstallation,,,
139,,Mooring System Installation Vessel,Perform Mooring Site Survey,4.0,16666.666666666668,ACTION,902.9367806610564,MooringSystemInstallation,MooringSystemInstallation,,
140,,Mooring System Installation Vessel,Install Drag Embedment Anchor,16.0,66666.66666666667,ACTION,918.9367806610564,MooringSystemInstallation,MooringSystemInstallation,,
141,,Mooring System Installation Vessel,Install Mooring Line,4.0,16666.666666666668,ACTION,922.9367806610564,MooringSystemInstallation,MooringSystemInstallation,,
142,,Mooring System Installation Vessel,Position Onsite,5.0,20833.333333333336,ACTION,927.9367806610564,MooringSystemInstallation,,,
143,,Mooring System Installation Vessel,Perform Mooring Site Survey,4.0,16666.666666666668,ACTION,931.9367806610564,MooringSystemInstallation,MooringSystemInstallation,,
144,,Mooring System Installation Vessel,Install Drag Embedment Anchor,16.0,66666.66666666667,ACTION,947.9367806610564,MooringSystemInstallation,MooringSystemInstallation,,
145,,Mooring System Installation Vessel,Install Mooring Line,4.0,16666.666666666668,ACTION,951.9367806610564,MooringSystemInstallation,MooringSystemInstallation,,
146,,Mooring System Installation Vessel,Position Onsite,5.0,20833.333333333336,ACTION,956.9367806610564,MooringSystemInstallation,,,
147,,Mooring System Installation Vessel,Perform Mooring Site Survey,4.0,16666.666666666668,ACTION,960.9367806610564,MooringSystemInstallation,MooringSystemInstallation,,
148,,Mooring System Installation Vessel,Install Drag Embedment Anchor,16.0,66666.66666666667,ACTION,976.9367806610564,MooringSystemInstallation,MooringSystemInstallation,,
149,,Mooring System Installation Vessel,Install Mooring Line,4.0,16666.666666666668,ACTION,980.9367806610564,MooringSystemInstallation,MooringSystemInstallation,,
150,,Mooring System Installation Vessel,Position Onsite,5.0,20833.333333333336,ACTION,985.9367806610564,MooringSystemInstallation,,,
151,,Mooring System Installation Vessel,Perform Mooring Site Survey,4.0,16666.666666666668,ACTION,989.9367806610564,MooringSystemInstallation,MooringSystemInstallation,,
152,,Mooring System Installation Vessel,Install Drag Embedment Anchor,16.0,66666.66666666667,ACTION,1005.9367806610564,MooringSystemInstallation,MooringSystemInstallation,,
153,,Mooring System Installation Vessel,Install Mooring Line,4.0,16666.666666666668,ACTION,1009.9367806610564,MooringSystemInstallation,MooringSystemInstallation,,
154,,Mooring System Installation Vessel,Position Onsite,5.0,20833.333333333336,ACTION,1014.9367806610564,MooringSystemInstallation,,,
155,,Mooring System Installation Vessel,Perform Mooring Site Survey,4.0,16666.666666666668,ACTION,1018.9367806610564,MooringSystemInstallation,MooringSystemInstallation,,
156,,Mooring System Installation Vessel,Install Drag Embedment Anchor,16.0,66666.66666666667,ACTION,1034.9367806610564,MooringSystemInstallation,MooringSystemInstallation,,
157,,Mooring System Installation Vessel,Install Mooring Line,4.0,16666.666666666668,ACTION,1038.9367806610564,MooringSystemInstallation,MooringSystemInstallation,,
158,,Mooring System Installation Vessel,Position Onsite,5.0,20833.333333333336,ACTION,1043.9367806610564,MooringSystemInstallation,,,
159,,Mooring System Installation Vessel,Perform Mooring Site Survey,4.0,16666.666666666668,ACTION,1047.9367806610564,MooringSystemInstallation,MooringSystemInstallation,,
160,,Mooring System Installation Vessel,Install Drag Embedment Anchor,16.0,66666.66666666667,ACTION,1063.9367806610564,MooringSystemInstallation,MooringSystemInstallation,,
161,,Mooring System Installation Vessel,Install Mooring Line,4.0,16666.666666666668,ACTION,1067.9367806610564,MooringSystemInstallation,MooringSystemInstallation,,
162,,Mooring System Installation Vessel,Position Onsite,5.0,20833.333333333336,ACTION,1072.9367806610564,MooringSystemInstallation,,,
163,,Mooring System Installation Vessel,Perform Mooring Site Survey,4.0,16666.666666666668,ACTION,1076.9367806610564,MooringSystemInstallation,MooringSystemInstallation,,
164,,Mooring System Installation Vessel,Install Drag Embedment Anchor,16.0,66666.66666666667,ACTION,1092.9367806610564,MooringSystemInstallation,MooringSystemInstallation,,
165,,Mooring System Installation Vessel,Install Mooring Line,4.0,16666.666666666668,ACTION,1096.9367806610564,MooringSystemInstallation,MooringSystemInstallation,,
166,,Mooring System Installation Vessel,Position Onsite,5.0,20833.333333333336,ACTION,1101.9367806610564,MooringSystemInstallation,,,
167,,Mooring System Installation Vessel,Perform Mooring Site Survey,4.0,16666.666666666668,ACTION,1105.9367806610564,MooringSystemInstallation,MooringSystemInstallation,,
168,,Mooring System Installation Vessel,Install Drag Embedment Anchor,16.0,66666.66666666667,ACTION,1121.9367806610564,MooringSystemInstallation,MooringSystemInstallation,,
169,,Mooring System Installation Vessel,Install Mooring Line,4.0,16666.666666666668,ACTION,1125.9367806610564,MooringSystemInstallation,MooringSystemInstallation,,
170,,Mooring System Installation Vessel,Position Onsite,5.0,20833.333333333336,ACTION,1130.9367806610564,MooringSystemInstallation,,,
171,,Mooring System Installation Vessel,Perform Mooring Site Survey,4.0,16666.666666666668,ACTION,1134.9367806610564,MooringSystemInstallation,MooringSystemInstallation,,
172,,Mooring System Installation Vessel,Install Drag Embedment Anchor,16.0,66666.66666666667,ACTION,1150.9367806610564,MooringSystemInstallation,MooringSystemInstallation,,
173,,Mooring System Installation Vessel,Install Mooring Line,4.0,16666.666666666668,ACTION,1154.9367806610564,MooringSystemInstallation,MooringSystemInstallation,,
174,,Mooring System Installation Vessel,Position Onsite,5.0,20833.333333333336,ACTION,1159.9367806610564,MooringSystemInstallation,,,
175,,Mooring System Installation Vessel,Perform Mooring Site Survey,4.0,16666.666666666668,ACTION,1163.9367806610564,MooringSystemInstallation,MooringSystemInstallation,,
176,,Mooring System Installation Vessel,Install Drag Embedment Anchor,16.0,66666.66666666667,ACTION,1179.9367806610564,MooringSystemInstallation,MooringSystemInstallation,,
177,,Mooring System Installation Vessel,Install Mooring Line,4.0,16666.666666666668,ACTION,1183.9367806610564,MooringSystemInstallation,MooringSystemInstallation,,
178,,Mooring System Installation Vessel,Position Onsite,5.0,20833.333333333336,ACTION,1188.9367806610564,MooringSystemInstallation,,,
179,,Mooring System Installation Vessel,Perform Mooring Site Survey,4.0,16666.666666666668,ACTION,1192.9367806610564,MooringSystemInstallation,MooringSystemInstallation,,
180,,Mooring System Installation Vessel,Install Drag Embedment Anchor,16.0,66666.66666666667,ACTION,1208.9367806610564,MooringSystemInstallation,MooringSystemInstallation,,
181,,Mooring System Installation Vessel,Install Mooring Line,4.0,16666.666666666668,ACTION,1212.9367806610564,MooringSystemInstallation,MooringSystemInstallation,,
182,,Mooring System Installation Vessel,Position Onsite,5.0,20833.333333333336,ACTION,1217.9367806610564,MooringSystemInstallation,,,
183,,Mooring System Installation Vessel,Perform Mooring Site Survey,4.0,16666.666666666668,ACTION,1221.9367806610564,MooringSystemInstallation,MooringSystemInstallation,,
184,,Mooring System Installation Vessel,Install Drag Embedment Anchor,16.0,66666.66666666667,ACTION,1237.9367806610564,MooringSystemInstallation,MooringSystemInstallation,,
185,,Mooring System Installation Vessel,Install Mooring Line,4.0,16666.666666666668,ACTION,1241.9367806610564,MooringSystemInstallation,MooringSystemInstallation,,
186,,Mooring System Installation Vessel,Position Onsite,5.0,20833.333333333336,ACTION,1246.9367806610564,MooringSystemInstallation,,,
187,,Mooring System Installation Vessel,Perform Mooring Site Survey,4.0,16666.666666666668,ACTION,1250.9367806610564,MooringSystemInstallation,MooringSystemInstallation,,
188,,Mooring System Installation Vessel,Install Drag Embedment Anchor,16.0,66666.66666666667,ACTION,1266.9367806610564,MooringSystemInstallation,MooringSystemInstallation,,
189,,Mooring System Installation Vessel,Install Mooring Line,4.0,16666.666666666668,ACTION,1270.9367806610564,MooringSystemInstallation,MooringSystemInstallation,,
190,,Mooring System Installation Vessel,Position Onsite,5.0,20833.333333333336,ACTION,1275.9367806610564,MooringSystemInstallation,,,
191,,Mooring System Installation Vessel,Perform Mooring Site Survey,4.0,16666.666666666668,ACTION,1279.9367806610564,MooringSystemInstallation,MooringSystemInstallation,,
192,,Mooring System Installation Vessel,Install Drag Embedment Anchor,16.0,66666.66666666667,ACTION,1295.9367806610564,MooringSystemInstallation,MooringSystemInstallation,,
193,,Mooring System Installation Vessel,Install Mooring Line,4.0,16666.666666666668,ACTION,1299.9367806610564,MooringSystemInstallation,MooringSystemInstallation,,
194,,Mooring System Installation Vessel,Position Onsite,5.0,20833.333333333336,ACTION,1304.9367806610564,MooringSystemInstallation,,,
195,,Mooring System Installation Vessel,Perform Mooring Site Survey,4.0,16666.666666666668,ACTION,1308.9367806610564,MooringSystemInstallation,MooringSystemInstallation,,
196,,Mooring System Installation Vessel,Install Drag Embedment Anchor,16.0,66666.66666666667,ACTION,1324.9367806610564,MooringSystemInstallation,MooringSystemInstallation,,
197,,Mooring System Installation Vessel,Install Mooring Line,4.0,16666.666666666668,ACTION,1328.9367806610564,MooringSystemInstallation,MooringSystemInstallation,,
198,,Mooring System Installation Vessel,Position Onsite,5.0,20833.333333333336,ACTION,1333.9367806610564,MooringSystemInstallation,,,
199,,Mooring System Installation Vessel,Perform Mooring Site Survey,4.0,16666.666666666668,ACTION,1337.9367806610564,MooringSystemInstallation,MooringSystemInstallation,,
200,,Mooring System Installation Vessel,Install Drag Embedment Anchor,16.0,66666.66666666667,ACTION,1353.9367806610564,MooringSystemInstallation,MooringSystemInstallation,,
201,,Mooring System Installation Vessel,Install Mooring Line,4.0,16666.666666666668,ACTION,1357.9367806610564,MooringSystemInstallation,MooringSystemInstallation,,
202,,Mooring System Installation Vessel,Position Onsite,5.0,20833.333333333336,ACTION,1362.9367806610564,MooringSystemInstallation,,,
203,,Mooring System Installation Vessel,Perform Mooring Site Survey,4.0,16666.666666666668,ACTION,1366.9367806610564,MooringSystemInstallation,MooringSystemInstallation,,
204,,Mooring System Installation Vessel,Install Drag Embedment Anchor,16.0,66666.66666666667,ACTION,1382.9367806610564,MooringSystemInstallation,MooringSystemInstallation,,
205,,Mooring System Installation Vessel,Install Mooring Line,4.0,16666.666666666668,ACTION,1386.9367806610564,MooringSystemInstallation,MooringSystemInstallation,,
206,,Mooring System Installation Vessel,Position Onsite,5.0,20833.333333333336,ACTION,1391.9367806610564,MooringSystemInstallation,,,
207,,Mooring System Installation Vessel,Perform Mooring Site Survey,4.0,16666.666666666668,ACTION,1395.9367806610564,MooringSystemInstallation,MooringSystemInstallation,,
208,,Mooring System Installation Vessel,Install Drag Embedment Anchor,16.0,66666.66666666667,ACTION,1411.9367806610564,MooringSystemInstallation,MooringSystemInstallation,,
209,,Mooring System Installation Vessel,Install Mooring Line,4.0,16666.666666666668,ACTION,1415.9367806610564,MooringSystemInstallation,MooringSystemInstallation,,
210,,Mooring System Installation Vessel,Position Onsite,5.0,20833.333333333336,ACTION,1420.9367806610564,MooringSystemInstallation,,,
211,,Mooring System Installation Vessel,Perform Mooring Site Survey,4.0,16666.666666666668,ACTION,1424.9367806610564,MooringSystemInstallation,MooringSystemInstallation,,
212,,Mooring System Installation Vessel,Install Drag Embedment Anchor,16.0,66666.66666666667,ACTION,1440.9367806610564,MooringSystemInstallation,MooringSystemInstallation,,
213,,Mooring System Installation Vessel,Install Mooring Line,4.0,16666.666666666668,ACTION,1444.9367806610564,MooringSystemInstallation,MooringSystemInstallation,,
214,,Mooring System Installation Vessel,Position Onsite,5.0,20833.333333333336,ACTION,1449.9367806610564,MooringSystemInstallation,,,
215,,Mooring System Installation Vessel,Perform Mooring Site Survey,4.0,16666.666666666668,ACTION,1453.9367806610564,MooringSystemInstallation,MooringSystemInstallation,,
216,,Mooring System Installation Vessel,Install Drag Embedment Anchor,16.0,66666.66666666667,ACTION,1469.9367806610564,MooringSystemInstallation,MooringSystemInstallation,,
217,,Mooring System Installation Vessel,Install Mooring Line,4.0,16666.666666666668,ACTION,1473.9367806610564,MooringSystemInstallation,MooringSystemInstallation,,
218,,Mooring System Installation Vessel,Position Onsite,5.0,20833.333333333336,ACTION,1478.9367806610564,MooringSystemInstallation,,,
219,,Mooring System Installation Vessel,Perform Mooring Site Survey,4.0,16666.666666666668,ACTION,1482.9367806610564,MooringSystemInstallation,MooringSystemInstallation,,
220,,Mooring System Installation Vessel,Install Drag Embedment Anchor,16.0,66666.66666666667,ACTION,1498.9367806610564,MooringSystemInstallation,MooringSystemInstallation,,
221,,Mooring System Installation Vessel,Install Mooring Line,4.0,16666.666666666668,ACTION,1502.9367806610564,MooringSystemInstallation,MooringSystemInstallation,,
222,,Mooring System Installation Vessel,Position Onsite,5.0,20833.333333333336,ACTION,1507.9367806610564,MooringSystemInstallation,,,
223,,Mooring System Installation Vessel,Perform Mooring Site Survey,4.0,16666.666666666668,ACTION,1511.9367806610564,MooringSystemInstallation,MooringSystemInstallation,,
224,,Mooring System Installation Vessel,Install Drag Embedment Anchor,16.0,66666.66666666667,ACTION,1527.9367806610564,MooringSystemInstallation,MooringSystemInstallation,,
225,,Mooring System Installation Vessel,Install Mooring Line,4.0,16666.666666666668,ACTION,1531.9367806610564,MooringSystemInstallation,MooringSystemInstallation,,
226,,Mooring System Installation Vessel,Position Onsite,5.0,20833.333333333336,ACTION,1536.9367806610564,MooringSystemInstallation,,,
227,,Mooring System Installation Vessel,Perform Mooring Site Survey,4.0,16666.666666666668,ACTION,1540.9367806610564,MooringSystemInstallation,MooringSystemInstallation,,
228,,Mooring System Installation Vessel,Install Drag Embedment Anchor,16.0,66666.66666666667,ACTION,1556.9367806610564,MooringSystemInstallation,MooringSystemInstallation,,
229,,Mooring System Installation Vessel,Install Mooring Line,4.0,16666.666666666668,ACTION,1560.9367806610564,MooringSystemInstallation,MooringSystemInstallation,,
230,,Mooring System Installation Vessel,Position Onsite,5.0,20833.333333333336,ACTION,1565.9367806610564,MooringSystemInstallation,,,
231,,Mooring System Installation Vessel,Perform Mooring Site Survey,4.0,16666.666666666668,ACTION,1569.9367806610564,MooringSystemInstallation,MooringSystemInstallation,,
232,,Mooring System Installation Vessel,Install Drag Embedment Anchor,16.0,66666.66666666667,ACTION,1585.9367806610564,MooringSystemInstallation,MooringSystemInstallation,,
233,,Mooring System Installation Vessel,Install Mooring Line,4.0,16666.666666666668,ACTION,1589.9367806610564,MooringSystemInstallation,MooringSystemInstallation,,
234,,Mooring System Installation Vessel,Position Onsite,5.0,20833.333333333336,ACTION,1594.9367806610564,MooringSystemInstallation,,,
235,,Mooring System Installation Vessel,Perform Mooring Site Survey,4.0,16666.666666666668,ACTION,1598.9367806610564,MooringSystemInstallation,MooringSystemInstallation,,
236,,Mooring System Installation Vessel,Install Drag Embedment Anchor,16.0,66666.66666666667,ACTION,1614.9367806610564,MooringSystemInstallation,MooringSystemInstallation,,
237,,Mooring System Installation Vessel,Install Mooring Line,4.0,16666.666666666668,ACTION,1618.9367806610564,MooringSystemInstallation,MooringSystemInstallation,,
238,,Mooring System Installation Vessel,Position Onsite,5.0,20833.333333333336,ACTION,1623.9367806610564,MooringSystemInstallation,,,
239,,Mooring System Installation Vessel,Perform Mooring Site Survey,4.0,16666.666666666668,ACTION,1627.9367806610564,MooringSystemInstallation,MooringSystemInstallation,,
240,,Mooring System Installation Vessel,Install Drag Embedment Anchor,16.0,66666.66666666667,ACTION,1643.9367806610564,MooringSystemInstallation,MooringSystemInstallation,,
241,,Mooring System Installation Vessel,Install Mooring Line,4.0,16666.666666666668,ACTION,1647.9367806610564,MooringSystemInstallation,MooringSystemInstallation,,
242,,Mooring System Installation Vessel,Position Onsite,5.0,20833.333333333336,ACTION,1652.9367806610564,MooringSystemInstallation,,,
243,,Mooring System Installation Vessel,Perform Mooring Site Survey,4.0,16666.666666666668,ACTION,1656.9367806610564,MooringSystemInstallation,MooringSystemInstallation,,
244,,Mooring System Installation Vessel,Install Drag Embedment Anchor,16.0,66666.66666666667,ACTION,1672.9367806610564,MooringSystemInstallation,MooringSystemInstallation,,
245,,Mooring System Installation Vessel,Install Mooring Line,4.0,16666.666666666668,ACTION,1676.9367806610564,MooringSystemInstallation,MooringSystemInstallation,,
246,,Mooring System Installation Vessel,Position Onsite,5.0,20833.333333333336,ACTION,1681.9367806610564,MooringSystemInstallation,,,
247,,Mooring System Installation Vessel,Perform Mooring Site Survey,4.0,16666.666666666668,ACTION,1685.9367806610564,MooringSystemInstallation,MooringSystemInstallation,,
248,,Mooring System Installation Vessel,Install Drag Embedment Anchor,16.0,66666.66666666667,ACTION,1701.9367806610564,MooringSystemInstallation,MooringSystemInstallation,,
249,,Mooring System Installation Vessel,Install Mooring Line,4.0,16666.666666666668,ACTION,1705.9367806610564,MooringSystemInstallation,MooringSystemInstallation,,
250,,Mooring System Installation Vessel,Position Onsite,5.0,20833.333333333336,ACTION,1710.9367806610564,MooringSystemInstallation,,,
251,,Mooring System Installation Vessel,Perform Mooring Site Survey,4.0,16666.666666666668,ACTION,1714.9367806610564,MooringSystemInstallation,MooringSystemInstallation,,
252,,Mooring System Installation Vessel,Install Drag Embedment Anchor,16.0,66666.66666666667,ACTION,1730.9367806610564,MooringSystemInstallation,MooringSystemInstallation,,
253,,Mooring System Installation Vessel,Install Mooring Line,4.0,16666.666666666668,ACTION,1734.9367806610564,MooringSystemInstallation,MooringSystemInstallation,,
254,,Mooring System Installation Vessel,Position Onsite,5.0,20833.333333333336,ACTION,1739.9367806610564,MooringSystemInstallation,,,
255,,Mooring System Installation Vessel,Perform Mooring Site Survey,4.0,16666.666666666668,ACTION,1743.9367806610564,MooringSystemInstallation,MooringSystemInstallation,,
256,,Mooring System Installation Vessel,Install Drag Embedment Anchor,16.0,66666.66666666667,ACTION,1759.9367806610564,MooringSystemInstallation,MooringSystemInstallation,,
257,,Mooring System Installation Vessel,Install Mooring Line,4.0,16666.666666666668,ACTION,1763.9367806610564,MooringSystemInstallation,MooringSystemInstallation,,
258,,Mooring System Installation Vessel,Position Onsite,5.0,20833.333333333336,ACTION,1768.9367806610564,MooringSystemInstallation,,,
259,,Mooring System Installation Vessel,Perform Mooring Site Survey,4.0,16666.666666666668,ACTION,1772.9367806610564,MooringSystemInstallation,MooringSystemInstallation,,
260,,Mooring System Installation Vessel,Install Drag Embedment Anchor,16.0,66666.66666666667,ACTION,1788.9367806610564,MooringSystemInstallation,MooringSystemInstallation,,
261,,Mooring System Installation Vessel,Install Mooring Line,4.0,16666.666666666668,ACTION,1792.9367806610564,MooringSystemInstallation,MooringSystemInstallation,,
262,,Mooring System Installation Vessel,Position Onsite,5.0,20833.333333333336,ACTION,1797.9367806610564,MooringSystemInstallation,,,
263,,Mooring System Installation Vessel,Perform Mooring Site Survey,4.0,16666.666666666668,ACTION,1801.9367806610564,MooringSystemInstallation,MooringSystemInstallation,,
264,,Mooring System Installation Vessel,Install Drag Embedment Anchor,16.0,66666.66666666667,ACTION,1817.9367806610564,MooringSystemInstallation,MooringSystemInstallation,,
265,,Mooring System Installation Vessel,Install Mooring Line,4.0,16666.666666666668,ACTION,1821.9367806610564,MooringSystemInstallation,MooringSystemInstallation,,
266,,Mooring System Installation Vessel,Position Onsite,5.0,20833.333333333336,ACTION,1826.9367806610564,MooringSystemInstallation,,,
267,,Mooring System Installation Vessel,Perform Mooring Site Survey,4.0,16666.666666666668,ACTION,1830.9367806610564,MooringSystemInstallation,MooringSystemInstallation,,
268,,Mooring System Installation Vessel,Install Drag Embedment Anchor,16.0,66666.66666666667,ACTION,1846.9367806610564,MooringSystemInstallation,MooringSystemInstallation,,
269,,Mooring System Installation Vessel,Install Mooring Line,4.0,16666.666666666668,ACTION,1850.9367806610564,MooringSystemInstallation,MooringSystemInstallation,,
270,,Mooring System Installation Vessel,Position Onsite,5.0,20833.333333333336,ACTION,1855.9367806610564,MooringSystemInstallation,,,
271,,Mooring System Installation Vessel,Perform Mooring Site Survey,4.0,16666.666666666668,ACTION,1859.9367806610564,MooringSystemInstallation,MooringSystemInstallation,,
272,,Mooring System Installation Vessel,Install Drag Embedment Anchor,16.0,66666.66666666667,ACTION,1875.9367806610564,MooringSystemInstallation,MooringSystemInstallation,,
273,,Mooring System Installation Vessel,Install Mooring Line,4.0,16666.666666666668,ACTION,1879.9367806610564,MooringSystemInstallation,MooringSystemInstallation,,
274,,Mooring System Installation Vessel,Position Onsite,5.0,20833.333333333336,ACTION,1884.9367806610564,MooringSystemInstallation,,,
275,,Mooring System Installation Vessel,Perform Mooring Site Survey,4.0,16666.666666666668,ACTION,1888.9367806610564,MooringSystemInstallation,MooringSystemInstallation,,
276,,Mooring System Installation Vessel,Install Drag Embedment Anchor,16.0,66666.66666666667,ACTION,1904.9367806610564,MooringSystemInstallation,MooringSystemInstallation,,
277,,Mooring System Installation Vessel,Install Mooring Line,4.0,16666.666666666668,ACTION,1908.9367806610564,MooringSystemInstallation,MooringSystemInstallation,,
278,,Mooring System Installation Vessel,Position Onsite,5.0,20833.333333333336,ACTION,1913.9367806610564,MooringSystemInstallation,,,
279,,Mooring System Installation Vessel,Perform Mooring Site Survey,4.0,16666.666666666668,ACTION,1917.9367806610564,MooringSystemInstallation,MooringSystemInstallation,,
280,,Mooring System Installation Vessel,Install Drag Embedment Anchor,16.0,66666.66666666667,ACTION,1933.9367806610564,MooringSystemInstallation,MooringSystemInstallation,,
281,,Mooring System Installation Vessel,Install Mooring Line,4.0,16666.666666666668,ACTION,1937.9367806610564,MooringSystemInstallation,MooringSystemInstallation,,
282,,Mooring System Installation Vessel,Position Onsite,5.0,20833.333333333336,ACTION,1942.9367806610564,MooringSystemInstallation,,,
283,,Mooring System Installation Vessel,Perform Mooring Site Survey,4.0,16666.666666666668,ACTION,1946.9367806610564,MooringSystemInstallation,MooringSystemInstallation,,
284,,Mooring System Installation Vessel,Install Drag Embedment Anchor,16.0,66666.66666666667,ACTION,1962.9367806610564,MooringSystemInstallation,MooringSystemInstallation,,
285,,Mooring System Installation Vessel,Install Mooring Line,4.0,16666.666666666668,ACTION,1966.9367806610564,MooringSystemInstallation,MooringSystemInstallation,,
286,,Mooring System Installation Vessel,Position Onsite,5.0,20833.333333333336,ACTION,1971.9367806610564,MooringSystemInstallation,,,
287,,Mooring System Installation Vessel,Perform Mooring Site Survey,4.0,16666.666666666668,ACTION,1975.9367806610564,MooringSystemInstallation,MooringSystemInstallation,,
288,,Mooring System Installation Vessel,Install Drag Embedment Anchor,16.0,66666.66666666667,ACTION,1991.9367806610564,MooringSystemInstallation,MooringSystemInstallation,,
289,,Mooring System Installation Vessel,Install Mooring Line,4.0,16666.666666666668,ACTION,1995.9367806610564,MooringSystemInstallation,MooringSystemInstallation,,
290,,Mooring System Installation Vessel,Position Onsite,5.0,20833.333333333336,ACTION,2000.9367806610564,MooringSystemInstallation,,,
291,,Mooring System Installation Vessel,Perform Mooring Site Survey,4.0,16666.666666666668,ACTION,2004.9367806610564,MooringSystemInstallation,MooringSystemInstallation,,
292,,Mooring System Installation Vessel,Install Drag Embedment Anchor,16.0,66666.66666666667,ACTION,2020.9367806610564,MooringSystemInstallation,MooringSystemInstallation,,
293,,Mooring System Installation Vessel,Install Mooring Line,4.0,16666.666666666668,ACTION,2024.9367806610564,MooringSystemInstallation,MooringSystemInstallation,,
294,,Mooring System Installation Vessel,Position Onsite,5.0,20833.333333333336,ACTION,2029.9367806610564,MooringSystemInstallation,,,
295,,Mooring System Installation Vessel,Perform Mooring Site Survey,4.0,16666.666666666668,ACTION,2033.9367806610564,MooringSystemInstallation,MooringSystemInstallation,,
296,,Mooring System Installation Vessel,Install Drag Embedment Anchor,16.0,66666.66666666667,ACTION,2049.936780661056,MooringSystemInstallation,MooringSystemInstallation,,
297,,Mooring System Installation Vessel,Install Mooring Line,4.0,16666.666666666668,ACTION,2053.936780661056,MooringSystemInstallation,MooringSystemInstallation,,
298,,Mooring System Installation Vessel,Position Onsite,5.0,20833.333333333336,ACTION,2058.936780661056,MooringSystemInstallation,,,
299,,Mooring System Installation Vessel,Perform Mooring Site Survey,4.0,16666.666666666668,ACTION,2062.936780661056,MooringSystemInstallation,MooringSystemInstallation,,
300,,Mooring System Installation Vessel,Install Drag Embedment Anchor,16.0,66666.66666666667,ACTION,2078.936780661056,MooringSystemInstallation,MooringSystemInstallation,,
301,,Mooring System Installation Vessel,Install Mooring Line,4.0,16666.666666666668,ACTION,2082.936780661056,MooringSystemInstallation,MooringSystemInstallation,,
302,,Mooring System Installation Vessel,Position Onsite,5.0,20833.333333333336,ACTION,2087.936780661056,MooringSystemInstallation,,,
303,,Mooring System Installation Vessel,Perform Mooring Site Survey,4.0,16666.666666666668,ACTION,2091.936780661056,MooringSystemInstallation,MooringSystemInstallation,,
304,,Mooring System Installation Vessel,Install Drag Embedment Anchor,16.0,66666.66666666667,ACTION,2107.936780661056,MooringSystemInstallation,MooringSystemInstallation,,
305,,Mooring System Installation Vessel,Install Mooring Line,4.0,16666.666666666668,ACTION,2111.936780661056,MooringSystemInstallation,MooringSystemInstallation,,
306,,Mooring System Installation Vessel,Position Onsite,5.0,20833.333333333336,ACTION,2116.936780661056,MooringSystemInstallation,,,
307,,Mooring System Installation Vessel,Perform Mooring Site Survey,4.0,16666.666666666668,ACTION,2120.936780661056,MooringSystemInstallation,MooringSystemInstallation,,
308,,Mooring System Installation Vessel,Install Drag Embedment Anchor,16.0,66666.66666666667,ACTION,2136.936780661056,MooringSystemInstallation,MooringSystemInstallation,,
309,,Mooring System Installation Vessel,Install Mooring Line,4.0,16666.666666666668,ACTION,2140.936780661056,MooringSystemInstallation,MooringSystemInstallation,,
310,,Mooring System Installation Vessel,Position Onsite,5.0,20833.333333333336,ACTION,2145.936780661056,MooringSystemInstallation,,,
311,,Mooring System Installation Vessel,Perform Mooring Site Survey,4.0,16666.666666666668,ACTION,2149.936780661056,MooringSystemInstallation,MooringSystemInstallation,,
312,,Mooring System Installation Vessel,Install Drag Embedment Anchor,16.0,66666.66666666667,ACTION,2165.936780661056,MooringSystemInstallation,MooringSystemInstallation,,
313,,Mooring System Installation Vessel,Install Mooring Line,4.0,16666.666666666668,ACTION,2169.936780661056,MooringSystemInstallation,MooringSystemInstallation,,
314,,Mooring System Installation Vessel,Position Onsite,5.0,20833.333333333336,ACTION,2174.936780661056,MooringSystemInstallation,,,
315,,Mooring System Installation Vessel,Perform Mooring Site Survey,4.0,16666.666666666668,ACTION,2178.936780661056,MooringSystemInstallation,MooringSystemInstallation,,
316,,Mooring System Installation Vessel,Install Drag Embedment Anchor,16.0,66666.66666666667,ACTION,2194.936780661056,MooringSystemInstallation,MooringSystemInstallation,,
317,,Mooring System Installation Vessel,Install Mooring Line,4.0,16666.666666666668,ACTION,2198.936780661056,MooringSystemInstallation,MooringSystemInstallation,,
318,,Mooring System Installation Vessel,Position Onsite,5.0,20833.333333333336,ACTION,2203.936780661056,MooringSystemInstallation,,,
319,,Mooring System Installation Vessel,Perform Mooring Site Survey,4.0,16666.666666666668,ACTION,2207.936780661056,MooringSystemInstallation,MooringSystemInstallation,,
320,,Mooring System Installation Vessel,Install Drag Embedment Anchor,16.0,66666.66666666667,ACTION,2223.936780661056,MooringSystemInstallation,MooringSystemInstallation,,
321,,Mooring System Installation Vessel,Install Mooring Line,4.0,16666.666666666668,ACTION,2227.936780661056,MooringSystemInstallation,MooringSystemInstallation,,
322,,Mooring System Installation Vessel,Position Onsite,5.0,20833.333333333336,ACTION,2232.936780661056,MooringSystemInstallation,,,
323,,Mooring System Installation Vessel,Perform Mooring Site Survey,4.0,16666.666666666668,ACTION,2236.936780661056,MooringSystemInstallation,MooringSystemInstallation,,
324,,Mooring System Installation Vessel,Install Drag Embedment Anchor,16.0,66666.66666666667,ACTION,2252.936780661056,MooringSystemInstallation,MooringSystemInstallation,,
325,,Mooring System Installation Vessel,Install Mooring Line,4.0,16666.666666666668,ACTION,2256.936780661056,MooringSystemInstallation,MooringSystemInstallation,,
326,,Mooring System Installation Vessel,Position Onsite,5.0,20833.333333333336,ACTION,2261.936780661056,MooringSystemInstallation,,,
327,,Mooring System Installation Vessel,Perform Mooring Site Survey,4.0,16666.666666666668,ACTION,2265.936780661056,MooringSystemInstallation,MooringSystemInstallation,,
328,,Mooring System Installation Vessel,Install Drag Embedment Anchor,16.0,66666.66666666667,ACTION,2281.936780661056,MooringSystemInstallation,MooringSystemInstallation,,
329,,Mooring System Installation Vessel,Install Mooring Line,4.0,16666.666666666668,ACTION,2285.936780661056,MooringSystemInstallation,MooringSystemInstallation,,
330,,Mooring System Installation Vessel,Position Onsite,5.0,20833.333333333336,ACTION,2290.936780661056,MooringSystemInstallation,,,
331,,Mooring System Installation Vessel,Perform Mooring Site Survey,4.0,16666.666666666668,ACTION,2294.936780661056,MooringSystemInstallation,MooringSystemInstallation,,
332,,Mooring System Installation Vessel,Install Drag Embedment Anchor,16.0,66666.66666666667,ACTION,2310.936780661056,MooringSystemInstallation,MooringSystemInstallation,,
333,,Mooring System Installation Vessel,Install Mooring Line,4.0,16666.666666666668,ACTION,2314.936780661056,MooringSystemInstallation,MooringSystemInstallation,,
334,,Mooring System Installation Vessel,Position Onsite,5.0,20833.333333333336,ACTION,2319.936780661056,MooringSystemInstallation,,,
335,,Mooring System Installation Vessel,Perform Mooring Site Survey,4.0,16666.666666666668,ACTION,2323.936780661056,MooringSystemInstallation,MooringSystemInstallation,,
336,,Mooring System Installation Vessel,Install Drag Embedment Anchor,16.0,66666.66666666667,ACTION,2339.936780661056,MooringSystemInstallation,MooringSystemInstallation,,
337,,Mooring System Installation Vessel,Install Mooring Line,4.0,16666.666666666668,ACTION,2343.936780661056,MooringSystemInstallation,MooringSystemInstallation,,
338,,Mooring System Installation Vessel,Position Onsite,5.0,20833.333333333336,ACTION,2348.936780661056,MooringSystemInstallation,,,
339,,Mooring System Installation Vessel,Perform Mooring Site Survey,4.0,16666.666666666668,ACTION,2352.936780661056,MooringSystemInstallation,MooringSystemInstallation,,
340,,Mooring System Installation Vessel,Install Drag Embedment Anchor,16.0,66666.66666666667,ACTION,2368.936780661056,MooringSystemInstallation,MooringSystemInstallation,,
341,,Mooring System Installation Vessel,Install Mooring Line,4.0,16666.666666666668,ACTION,2372.936780661056,MooringSystemInstallation,MooringSystemInstallation,,
342,,Mooring System Installation Vessel,Position Onsite,5.0,20833.333333333336,ACTION,2377.936780661056,MooringSystemInstallation,,,
343,,Mooring System Installation Vessel,Perform Mooring Site Survey,4.0,16666.666666666668,ACTION,2381.936780661056,MooringSystemInstallation,MooringSystemInstallation,,
344,,Mooring System Installation Vessel,Install Drag Embedment Anchor,16.0,66666.66666666667,ACTION,2397.936780661056,MooringSystemInstallation,MooringSystemInstallation,,
345,,Mooring System Installation Vessel,Install Mooring Line,4.0,16666.666666666668,ACTION,2401.936780661056,MooringSystemInstallation,MooringSystemInstallation,,
346,,Mooring System Installation Vessel,Position Onsite,5.0,20833.333333333336,ACTION,2406.936780661056,MooringSystemInstallation,,,
347,,Mooring System Installation Vessel,Perform Mooring Site Survey,4.0,16666.666666666668,ACTION,2410.936780661056,MooringSystemInstallation,MooringSystemInstallation,,
348,,Mooring System Installation Vessel,Install Drag Embedment Anchor,16.0,66666.66666666667,ACTION,2426.936780661056,MooringSystemInstallation,MooringSystemInstallation,,
349,,Mooring System Installation Vessel,Install Mooring Line,4.0,16666.666666666668,ACTION,2430.936780661056,MooringSystemInstallation,MooringSystemInstallation,,
350,,Mooring System Installation Vessel,Position Onsite,5.0,20833.333333333336,ACTION,2435.936780661056,MooringSystemInstallation,,,
351,,Mooring System Installation Vessel,Perform Mooring Site Survey,4.0,16666.666666666668,ACTION,2439.936780661056,MooringSystemInstallation,MooringSystemInstallation,,
352,,Mooring System Installation Vessel,Install Drag Embedment Anchor,16.0,66666.66666666667,ACTION,2455.936780661056,MooringSystemInstallation,MooringSystemInstallation,,
353,,Mooring System Installation Vessel,Install Mooring Line,4.0,16666.666666666668,ACTION,2459.936780661056,MooringSystemInstallation,MooringSystemInstallation,,
354,,Mooring System Installation Vessel,Position Onsite,5.0,20833.333333333336,ACTION,2464.936780661056,MooringSystemInstallation,,,
355,,Mooring System Installation Vessel,Perform Mooring Site Survey,4.0,16666.666666666668,ACTION,2468.936780661056,MooringSystemInstallation,MooringSystemInstallation,,
356,,Mooring System Installation Vessel,Install Drag Embedment Anchor,16.0,66666.66666666667,ACTION,2484.936780661056,MooringSystemInstallation,MooringSystemInstallation,,
357,,Mooring System Installation Vessel,Install Mooring Line,4.0,16666.666666666668,ACTION,2488.936780661056,MooringSystemInstallation,MooringSystemInstallation,,
358,,Mooring System Installation Vessel,Position Onsite,5.0,20833.333333333336,ACTION,2493.936780661056,MooringSystemInstallation,,,
359,,Mooring System Installation Vessel,Perform Mooring Site Survey,4.0,16666.666666666668,ACTION,2497.936780661056,MooringSystemInstallation,MooringSystemInstallation,,
360,,Mooring System Installation Vessel,Install Drag Embedment Anchor,16.0,66666.66666666667,ACTION,2513.936780661056,MooringSystemInstallation,MooringSystemInstallation,,
361,,Mooring System Installation Vessel,Install Mooring Line,4.0,16666.666666666668,ACTION,2517.936780661056,MooringSystemInstallation,MooringSystemInstallation,,
362,,Mooring System Installation Vessel,Position Onsite,5.0,20833.333333333336,ACTION,2522.936780661056,MooringSystemInstallation,,,
363,,Mooring System Installation Vessel,Perform Mooring Site Survey,4.0,16666.666666666668,ACTION,2526.936780661056,MooringSystemInstallation,MooringSystemInstallation,,
364,,Mooring System Installation Vessel,Install Drag Embedment Anchor,16.0,66666.66666666667,ACTION,2542.936780661056,MooringSystemInstallation,MooringSystemInstallation,,
365,,Mooring System Installation Vessel,Install Mooring Line,4.0,16666.666666666668,ACTION,2546.936780661056,MooringSystemInstallation,MooringSystemInstallation,,
366,,Mooring System Installation Vessel,Position Onsite,5.0,20833.333333333336,ACTION,2551.936780661056,MooringSystemInstallation,,,
367,,Mooring System Installation Vessel,Perform Mooring Site Survey,4.0,16666.666666666668,ACTION,2555.936780661056,MooringSystemInstallation,MooringSystemInstallation,,
368,,Mooring System Installation Vessel,Install Drag Embedment Anchor,16.0,66666.66666666667,ACTION,2571.936780661056,MooringSystemInstallation,MooringSystemInstallation,,
369,,Mooring System Installation Vessel,Install Mooring Line,4.0,16666.666666666668,ACTION,2575.936780661056,MooringSystemInstallation,MooringSystemInstallation,,
370,,Mooring System Installation Vessel,Position Onsite,5.0,20833.333333333336,ACTION,2580.936780661056,MooringSystemInstallation,,,
371,,Mooring System Installation Vessel,Perform Mooring Site Survey,4.0,16666.666666666668,ACTION,2584.936780661056,MooringSystemInstallation,MooringSystemInstallation,,
372,,Mooring System Installation Vessel,Install Drag Embedment Anchor,16.0,66666.66666666667,ACTION,2600.936780661056,MooringSystemInstallation,MooringSystemInstallation,,
373,,Mooring System Installation Vessel,Install Mooring Line,4.0,16666.666666666668,ACTION,2604.936780661056,MooringSystemInstallation,MooringSystemInstallation,,
374,,Mooring System Installation Vessel,Position Onsite,5.0,20833.333333333336,ACTION,2609.936780661056,MooringSystemInstallation,,,
375,,Mooring System Installation Vessel,Perform Mooring Site Survey,4.0,16666.666666666668,ACTION,2613.936780661056,MooringSystemInstallation,MooringSystemInstallation,,
376,,Mooring System Installation Vessel,Install Drag Embedment Anchor,16.0,66666.66666666667,ACTION,2629.936780661056,MooringSystemInstallation,MooringSystemInstallation,,
377,,Mooring System Installation Vessel,Install Mooring Line,4.0,16666.666666666668,ACTION,2633.936780661056,MooringSystemInstallation,MooringSystemInstallation,,
378,,Mooring System Installation Vessel,Position Onsite,5.0,20833.333333333336,ACTION,2638.936780661056,MooringSystemInstallation,,,
379,,Mooring System Installation Vessel,Perform Mooring Site Survey,4.0,16666.666666666668,ACTION,2642.936780661056,MooringSystemInstallation,MooringSystemInstallation,,
380,,Mooring System Installation Vessel,Install Drag Embedment Anchor,16.0,66666.66666666667,ACTION,2658.936780661056,MooringSystemInstallation,MooringSystemInstallation,,
381,,Mooring System Installation Vessel,Install Mooring Line,4.0,16666.666666666668,ACTION,2662.936780661056,MooringSystemInstallation,MooringSystemInstallation,,
382,,Mooring System Installation Vessel,Position Onsite,5.0,20833.333333333336,ACTION,2667.936780661056,MooringSystemInstallation,,,
383,,Mooring System Installation Vessel,Perform Mooring Site Survey,4.0,16666.666666666668,ACTION,2671.936780661056,MooringSystemInstallation,MooringSystemInstallation,,
384,,Mooring System Installation Vessel,Install Drag Embedment Anchor,16.0,66666.66666666667,ACTION,2687.936780661056,MooringSystemInstallation,MooringSystemInstallation,,
385,,Mooring System Installation Vessel,Install Mooring Line,4.0,16666.666666666668,ACTION,2691.936780661056,MooringSystemInstallation,MooringSystemInstallation,,
386,,Mooring System Installation Vessel,Position Onsite,5.0,20833.333333333336,ACTION,2696.936780661056,MooringSystemInstallation,,,
387,,Mooring System Installation Vessel,Perform Mooring Site Survey,4.0,16666.666666666668,ACTION,2700.936780661056,MooringSystemInstallation,MooringSystemInstallation,,
388,,Mooring System Installation Vessel,Install Drag Embedment Anchor,16.0,66666.66666666667,ACTION,2716.936780661056,MooringSystemInstallation,MooringSystemInstallation,,
389,,Mooring System Installation Vessel,Install Mooring Line,4.0,16666.666666666668,ACTION,2720.936780661056,MooringSystemInstallation,MooringSystemInstallation,,
390,,Mooring System Installation Vessel,Position Onsite,5.0,20833.333333333336,ACTION,2725.936780661056,MooringSystemInstallation,,,
391,,Mooring System Installation Vessel,Perform Mooring Site Survey,4.0,16666.666666666668,ACTION,2729.936780661056,MooringSystemInstallation,MooringSystemInstallation,,
392,,Mooring System Installation Vessel,Install Drag Embedment Anchor,16.0,66666.66666666667,ACTION,2745.936780661056,MooringSystemInstallation,MooringSystemInstallation,,
393,,Mooring System Installation Vessel,Install Mooring Line,4.0,16666.666666666668,ACTION,2749.936780661056,MooringSystemInstallation,MooringSystemInstallation,,
394,,Mooring System Installation Vessel,Position Onsite,5.0,20833.333333333336,ACTION,2754.936780661056,MooringSystemInstallation,,,
395,,Mooring System Installation Vessel,Perform Mooring Site Survey,4.0,16666.666666666668,ACTION,2758.936780661056,MooringSystemInstallation,MooringSystemInstallation,,
396,,Mooring System Installation Vessel,Install Drag Embedment Anchor,16.0,66666.66666666667,ACTION,2774.936780661056,MooringSystemInstallation,MooringSystemInstallation,,
397,,Mooring System Installation Vessel,Install Mooring Line,4.0,16666.666666666668,ACTION,2778.936780661056,MooringSystemInstallation,MooringSystemInstallation,,
398,,Mooring System Installation Vessel,Position Onsite,5.0,20833.333333333336,ACTION,2783.936780661056,MooringSystemInstallation,,,
399,,Mooring System Installation Vessel,Perform Mooring Site Survey,4.0,16666.666666666668,ACTION,2787.936780661056,MooringSystemInstallation,MooringSystemInstallation,,
400,,Mooring System Installation Vessel,Install Drag Embedment Anchor,16.0,66666.66666666667,ACTION,2803.936780661056,MooringSystemInstallation,MooringSystemInstallation,,
401,,Mooring System Installation Vessel,Install Mooring Line,4.0,16666.666666666668,ACTION,2807.936780661056,MooringSystemInstallation,MooringSystemInstallation,,
402,,Mooring System Installation Vessel,Position Onsite,5.0,20833.333333333336,ACTION,2812.936780661056,MooringSystemInstallation,,,
403,,Mooring System Installation Vessel,Perform Mooring Site Survey,4.0,16666.666666666668,ACTION,2816.936780661056,MooringSystemInstallation,MooringSystemInstallation,,
404,,Mooring System Installation Vessel,Install Drag Embedment Anchor,16.0,66666.66666666667,ACTION,2832.936780661056,MooringSystemInstallation,MooringSystemInstallation,,
405,,Mooring System Installation Vessel,Install Mooring Line,4.0,16666.666666666668,ACTION,2836.936780661056,MooringSystemInstallation,MooringSystemInstallation,,
406,,Mooring System Installation Vessel,Position Onsite,5.0,20833.333333333336,ACTION,2841.936780661056,MooringSystemInstallation,,,
407,,Mooring System Installation Vessel,Perform Mooring Site Survey,4.0,16666.666666666668,ACTION,2845.936780661056,MooringSystemInstallation,MooringSystemInstallation,,
408,,Mooring System Installation Vessel,Install Drag Embedment Anchor,16.0,66666.66666666667,ACTION,2861.936780661056,MooringSystemInstallation,MooringSystemInstallation,,
409,,Mooring System Installation Vessel,Install Mooring Line,4.0,16666.666666666668,ACTION,2865.936780661056,MooringSystemInstallation,MooringSystemInstallation,,
410,,Mooring System Installation Vessel,Position Onsite,5.0,20833.333333333336,ACTION,2870.936780661056,MooringSystemInstallation,,,
411,,Mooring System Installation Vessel,Perform Mooring Site Survey,4.0,16666.666666666668,ACTION,2874.936780661056,MooringSystemInstallation,MooringSystemInstallation,,
412,,Mooring System Installation Vessel,Install Drag Embedment Anchor,16.0,66666.66666666667,ACTION,2890.936780661056,MooringSystemInstallation,MooringSystemInstallation,,
413,,Mooring System Installation Vessel,Install Mooring Line,4.0,16666.666666666668,ACTION,2894.936780661056,MooringSystemInstallation,MooringSystemInstallation,,
414,,Mooring System Installation Vessel,Position Onsite,5.0,20833.333333333336,ACTION,2899.936780661056,MooringSystemInstallation,,,
415,,Mooring System Installation Vessel,Perform Mooring Site Survey,4.0,16666.666666666668,ACTION,2903.936780661056,MooringSystemInstallation,MooringSystemInstallation,,
416,,Mooring System Installation Vessel,Install Drag Embedment Anchor,16.0,66666.66666666667,ACTION,2919.936780661056,MooringSystemInstallation,MooringSystemInstallation,,
417,,Mooring System Installation Vessel,Install Mooring Line,4.0,16666.666666666668,ACTION,2923.936780661056,MooringSystemInstallation,MooringSystemInstallation,,
418,,Mooring System Installation Vessel,Position Onsite,5.0,20833.333333333336,ACTION,2928.936780661056,MooringSystemInstallation,,,
419,,Mooring System Installation Vessel,Perform Mooring Site Survey,4.0,16666.666666666668,ACTION,2932.936780661056,MooringSystemInstallation,MooringSystemInstallation,,
420,,Mooring System Installation Vessel,Install Drag Embedment Anchor,16.0,66666.66666666667,ACTION,2948.936780661056,MooringSystemInstallation,MooringSystemInstallation,,
421,,Mooring System Installation Vessel,Install Mooring Line,4.0,16666.666666666668,ACTION,2952.936780661056,MooringSystemInstallation,MooringSystemInstallation,,
422,,Mooring System Installation Vessel,Position Onsite,5.0,20833.333333333336,ACTION,2957.936780661056,MooringSystemInstallation,,,
423,,Mooring System Installation Vessel,Perform Mooring Site Survey,4.0,16666.666666666668,ACTION,2961.936780661056,MooringSystemInstallation,MooringSystemInstallation,,
424,,Mooring System Installation Vessel,Install Drag Embedment Anchor,16.0,66666.66666666667,ACTION,2977.936780661056,MooringSystemInstallation,MooringSystemInstallation,,
425,,Mooring System Installation Vessel,Install Mooring Line,4.0,16666.666666666668,ACTION,2981.936780661056,MooringSystemInstallation,MooringSystemInstallation,,
426,,Mooring System Installation Vessel,Position Onsite,5.0,20833.333333333336,ACTION,2986.936780661056,MooringSystemInstallation,,,
427,,Mooring System Installation Vessel,Perform Mooring Site Survey,4.0,16666.666666666668,ACTION,2990.936780661056,MooringSystemInstallation,MooringSystemInstallation,,
428,,Mooring System Installation Vessel,Install Drag Embedment Anchor,16.0,66666.66666666667,ACTION,3006.936780661056,MooringSystemInstallation,MooringSystemInstallation,,
429,,Mooring System Installation Vessel,Install Mooring Line,4.0,16666.666666666668,ACTION,3010.936780661056,MooringSystemInstallation,MooringSystemInstallation,,
430,,Mooring System Installation Vessel,Position Onsite,5.0,20833.333333333336,ACTION,3015.936780661056,MooringSystemInstallation,,,
431,,Mooring System Installation Vessel,Perform Mooring Site Survey,4.0,16666.666666666668,ACTION,3019.936780661056,MooringSystemInstallation,MooringSystemInstallation,,
432,,Mooring System Installation Vessel,Install Drag Embedment Anchor,16.0,66666.66666666667,ACTION,3035.936780661056,MooringSystemInstallation,MooringSystemInstallation,,
433,,Mooring System Installation Vessel,Install Mooring Line,4.0,16666.666666666668,ACTION,3039.936780661056,MooringSystemInstallation,MooringSystemInstallation,,
434,,Mooring System Installation Vessel,Position Onsite,5.0,20833.333333333336,ACTION,3044.936780661056,MooringSystemInstallation,,,
435,,Mooring System Installation Vessel,Perform Mooring Site Survey,4.0,16666.666666666668,ACTION,3048.936780661056,MooringSystemInstallation,MooringSystemInstallation,,
436,,Mooring System Installation Vessel,Install Drag Embedment Anchor,16.0,66666.66666666667,ACTION,3064.936780661056,MooringSystemInstallation,MooringSystemInstallation,,
437,,Mooring System Installation Vessel,Install Mooring Line,4.0,16666.666666666668,ACTION,3068.936780661056,MooringSystemInstallation,MooringSystemInstallation,,
438,,Mooring System Installation Vessel,Position Onsite,5.0,20833.333333333336,ACTION,3073.936780661056,MooringSystemInstallation,,,
439,,Mooring System Installation Vessel,Perform Mooring Site Survey,4.0,16666.666666666668,ACTION,3077.936780661056,MooringSystemInstallation,MooringSystemInstallation,,
440,,Mooring System Installation Vessel,Install Drag Embedment Anchor,16.0,66666.66666666667,ACTION,3093.936780661056,MooringSystemInstallation,MooringSystemInstallation,,
441,,Mooring System Installation Vessel,Install Mooring Line,4.0,16666.666666666668,ACTION,3097.936780661056,MooringSystemInstallation,MooringSystemInstallation,,
442,,Mooring System Installation Vessel,Position Onsite,5.0,20833.333333333336,ACTION,3102.936780661056,MooringSystemInstallation,,,
443,,Mooring System Installation Vessel,Perform Mooring Site Survey,4.0,16666.666666666668,ACTION,3106.936780661056,MooringSystemInstallation,MooringSystemInstallation,,
444,,Mooring System Installation Vessel,Install Drag Embedment Anchor,16.0,66666.66666666667,ACTION,3122.936780661056,MooringSystemInstallation,MooringSystemInstallation,,
445,,Mooring System Installation Vessel,Install Mooring Line,4.0,16666.666666666668,ACTION,3126.936780661056,MooringSystemInstallation,MooringSystemInstallation,,
446,,Mooring System Installation Vessel,Position Onsite,5.0,20833.333333333336,ACTION,3131.936780661056,MooringSystemInstallation,,,
447,,Mooring System Installation Vessel,Perform Mooring Site Survey,4.0,16666.666666666668,ACTION,3135.936780661056,MooringSystemInstallation,MooringSystemInstallation,,
448,,Mooring System Installation Vessel,Install Drag Embedment Anchor,16.0,66666.66666666667,ACTION,3151.936780661056,MooringSystemInstallation,MooringSystemInstallation,,
449,,Mooring System Installation Vessel,Install Mooring Line,4.0,16666.666666666668,ACTION,3155.936780661056,MooringSystemInstallation,MooringSystemInstallation,,
450,,Mooring System Installation Vessel,Position Onsite,5.0,20833.333333333336,ACTION,3160.936780661056,MooringSystemInstallation,,,
451,,Mooring System Installation Vessel,Perform Mooring Site Survey,4.0,16666.666666666668,ACTION,3164.936780661056,MooringSystemInstallation,MooringSystemInstallation,,
452,,Mooring System Installation Vessel,Install Drag Embedment Anchor,16.0,66666.66666666667,ACTION,3180.936780661056,MooringSystemInstallation,MooringSystemInstallation,,
453,,Mooring System Installation Vessel,Install Mooring Line,4.0,16666.666666666668,ACTION,3184.936780661056,MooringSystemInstallation,MooringSystemInstallation,,
454,,Mooring System Installation Vessel,Position Onsite,5.0,20833.333333333336,ACTION,3189.936780661056,MooringSystemInstallation,,,
455,,Mooring System Installation Vessel,Perform Mooring Site Survey,4.0,16666.666666666668,ACTION,3193.936780661056,MooringSystemInstallation,MooringSystemInstallation,,
456,,Mooring System Installation Vessel,Install Drag Embedment Anchor,16.0,66666.66666666667,ACTION,3209.936780661056,MooringSystemInstallation,MooringSystemInstallation,,
457,,Mooring System Installation Vessel,Install Mooring Line,4.0,16666.666666666668,ACTION,3213.936780661056,MooringSystemInstallation,MooringSystemInstallation,,
458,,Mooring System Installation Vessel,Position Onsite,5.0,20833.333333333336,ACTION,3218.936780661056,MooringSystemInstallation,,,
459,,Mooring System Installation Vessel,Perform Mooring Site Survey,4.0,16666.666666666668,ACTION,3222.936780661056,MooringSystemInstallation,MooringSystemInstallation,,
460,,Mooring System Installation Vessel,Install Drag Embedment Anchor,16.0,66666.66666666667,ACTION,3238.936780661056,MooringSystemInstallation,MooringSystemInstallation,,
461,,Mooring System Installation Vessel,Install Mooring Line,4.0,16666.666666666668,ACTION,3242.936780661056,MooringSystemInstallation,MooringSystemInstallation,,
462,,Mooring System Installation Vessel,Position Onsite,5.0,20833.333333333336,ACTION,3247.936780661056,MooringSystemInstallation,,,
463,,Mooring System Installation Vessel,Perform Mooring Site Survey,4.0,16666.666666666668,ACTION,3251.936780661056,MooringSystemInstallation,MooringSystemInstallation,,
464,,Mooring System Installation Vessel,Install Drag Embedment Anchor,16.0,66666.66666666667,ACTION,3267.936780661056,MooringSystemInstallation,MooringSystemInstallation,,
465,,Mooring System Installation Vessel,Install Mooring Line,4.0,16666.666666666668,ACTION,3271.936780661056,MooringSystemInstallation,MooringSystemInstallation,,
466,,Mooring System Installation Vessel,Position Onsite,5.0,20833.333333333336,ACTION,3276.936780661056,MooringSystemInstallation,,,
467,,Mooring System Installation Vessel,Perform Mooring Site Survey,4.0,16666.666666666668,ACTION,3280.936780661056,MooringSystemInstallation,MooringSystemInstallation,,
468,,Mooring System Installation Vessel,Install Drag Embedment Anchor,16.0,66666.66666666667,ACTION,3296.936780661056,MooringSystemInstallation,MooringSystemInstallation,,
469,,Mooring System Installation Vessel,Install Mooring Line,4.0,16666.666666666668,ACTION,3300.936780661056,MooringSystemInstallation,MooringSystemInstallation,,
470,,Mooring System Installation Vessel,Position Onsite,5.0,20833.333333333336,ACTION,3305.936780661056,MooringSystemInstallation,,,
471,,Mooring System Installation Vessel,Perform Mooring Site Survey,4.0,16666.666666666668,ACTION,3309.936780661056,MooringSystemInstallation,MooringSystemInstallation,,
472,,Mooring System Installation Vessel,Install Drag Embedment Anchor,16.0,66666.66666666667,ACTION,3325.936780661056,MooringSystemInstallation,MooringSystemInstallation,,
473,,Mooring System Installation Vessel,Install Mooring Line,4.0,16666.666666666668,ACTION,3329.936780661056,MooringSystemInstallation,MooringSystemInstallation,,
474,,Mooring System Installation Vessel,Position Onsite,5.0,20833.333333333336,ACTION,3334.936780661056,MooringSystemInstallation,,,
475,,Mooring System Installation Vessel,Perform Mooring Site Survey,4.0,16666.666666666668,ACTION,3338.936780661056,MooringSystemInstallation,MooringSystemInstallation,,
476,,Mooring System Installation Vessel,Install Drag Embedment Anchor,16.0,66666.66666666667,ACTION,3354.936780661056,MooringSystemInstallation,MooringSystemInstallation,,
477,,Mooring System Installation Vessel,Install Mooring Line,4.0,16666.666666666668,ACTION,3358.936780661056,MooringSystemInstallation,MooringSystemInstallation,,
478,,Mooring System Installation Vessel,Position Onsite,5.0,20833.333333333336,ACTION,3363.936780661056,MooringSystemInstallation,,,
479,,Mooring System Installation Vessel,Perform Mooring Site Survey,4.0,16666.666666666668,ACTION,3367.936780661056,MooringSystemInstallation,MooringSystemInstallation,,
480,,Mooring System Installation Vessel,Install Drag Embedment Anchor,16.0,66666.66666666667,ACTION,3383.936780661056,MooringSystemInstallation,MooringSystemInstallation,,
481,,Mooring System Installation Vessel,Install Mooring Line,4.0,16666.666666666668,ACTION,3387.936780661056,MooringSystemInstallation,MooringSystemInstallation,,
482,,Mooring System Installation Vessel,Position Onsite,5.0,20833.333333333336,ACTION,3392.936780661056,MooringSystemInstallation,,,
483,,Mooring System Installation Vessel,Perform Mooring Site Survey,4.0,16666.666666666668,ACTION,3396.936780661056,MooringSystemInstallation,MooringSystemInstallation,,
484,,Mooring System Installation Vessel,Install Drag Embedment Anchor,16.0,66666.66666666667,ACTION,3412.936780661056,MooringSystemInstallation,MooringSystemInstallation,,
485,,Mooring System Installation Vessel,Install Mooring Line,4.0,16666.666666666668,ACTION,3416.936780661056,MooringSystemInstallation,MooringSystemInstallation,,
486,,Mooring System Installation Vessel,Position Onsite,5.0,20833.333333333336,ACTION,3421.936780661056,MooringSystemInstallation,,,
487,,Mooring System Installation Vessel,Perform Mooring Site Survey,4.0,16666.666666666668,ACTION,3425.936780661056,MooringSystemInstallation,MooringSystemInstallation,,
488,,Mooring System Installation Vessel,Install Drag Embedment Anchor,16.0,66666.66666666667,ACTION,3441.936780661056,MooringSystemInstallation,MooringSystemInstallation,,
489,,Mooring System Installation Vessel,Install Mooring Line,4.0,16666.666666666668,ACTION,3445.936780661056,MooringSystemInstallation,MooringSystemInstallation,,
490,,Mooring System Installation Vessel,Position Onsite,5.0,20833.333333333336,ACTION,3450.936780661056,MooringSystemInstallation,,,
491,,Mooring System Installation Vessel,Perform Mooring Site Survey,4.0,16666.666666666668,ACTION,3454.936780661056,MooringSystemInstallation,MooringSystemInstallation,,
492,,Mooring System Installation Vessel,Install Drag Embedment Anchor,16.0,66666.66666666667,ACTION,3470.936780661056,MooringSystemInstallation,MooringSystemInstallation,,
493,,Mooring System Installation Vessel,Install Mooring Line,4.0,16666.666666666668,ACTION,3474.936780661056,MooringSystemInstallation,MooringSystemInstallation,,
494,,Mooring System Installation Vessel,Position Onsite,5.0,20833.333333333336,ACTION,3479.936780661056,MooringSystemInstallation,,,
495,,Mooring System Installation Vessel,Perform Mooring Site Survey,4.0,16666.666666666668,ACTION,3483.936780661056,MooringSystemInstallation,MooringSystemInstallation,,
496,,Mooring System Installation Vessel,Install Drag Embedment Anchor,16.0,66666.66666666667,ACTION,3499.936780661056,MooringSystemInstallation,MooringSystemInstallation,,
497,,Mooring System Installation Vessel,Install Mooring Line,4.0,16666.666666666668,ACTION,3503.936780661056,MooringSystemInstallation,MooringSystemInstallation,,
498,,Mooring System Installation Vessel,Position Onsite,5.0,20833.333333333336,ACTION,3508.936780661056,MooringSystemInstallation,,,
499,,Mooring System Installation Vessel,Perform Mooring Site Survey,4.0,16666.666666666668,ACTION,3512.936780661056,MooringSystemInstallation,MooringSystemInstallation,,
500,,Mooring System Installation Vessel,Install Drag Embedment Anchor,16.0,66666.66666666667,ACTION,3528.936780661056,MooringSystemInstallation,MooringSystemInstallation,,
501,,Mooring System Installation Vessel,Install Mooring Line,4.0,16666.666666666668,ACTION,3532.936780661056,MooringSystemInstallation,MooringSystemInstallation,,
502,,Mooring System Installation Vessel,Position Onsite,5.0,20833.333333333336,ACTION,3537.936780661056,MooringSystemInstallation,,,
503,,Mooring System Installation Vessel,Perform Mooring Site Survey,4.0,16666.666666666668,ACTION,3541.936780661056,MooringSystemInstallation,MooringSystemInstallation,,
504,,Mooring System Installation Vessel,Install Drag Embedment Anchor,16.0,66666.66666666667,ACTION,3557.936780661056,MooringSystemInstallation,MooringSystemInstallation,,
505,,Mooring System Installation Vessel,Install Mooring Line,4.0,16666.666666666668,ACTION,3561.936780661056,MooringSystemInstallation,MooringSystemInstallation,,
506,,Mooring System Installation Vessel,Position Onsite,5.0,20833.333333333336,ACTION,3566.936780661056,MooringSystemInstallation,,,
507,,Mooring System Installation Vessel,Perform Mooring Site Survey,4.0,16666.666666666668,ACTION,3570.936780661056,MooringSystemInstallation,MooringSystemInstallation,,
508,,Mooring System Installation Vessel,Install Drag Embedment Anchor,16.0,66666.66666666667,ACTION,3586.936780661056,MooringSystemInstallation,MooringSystemInstallation,,
509,,Mooring System Installation Vessel,Install Mooring Line,4.0,16666.666666666668,ACTION,3590.936780661056,MooringSystemInstallation,MooringSystemInstallation,,
510,,Mooring System Installation Vessel,Position Onsite,5.0,20833.333333333336,ACTION,3595.936780661056,MooringSystemInstallation,,,
511,,Mooring System Installation Vessel,Perform Mooring Site Survey,4.0,16666.666666666668,ACTION,3599.936780661056,MooringSystemInstallation,MooringSystemInstallation,,
512,,Mooring System Installation Vessel,Delay,37.0,154166.6666666667,ACTION,3636.936780661056,MooringSystemInstallation,MooringSystemInstallation,,
513,,Mooring System Installation Vessel,Install Drag Embedment Anchor,16.0,66666.66666666667,ACTION,3652.936780661056,MooringSystemInstallation,MooringSystemInstallation,,
514,,Mooring System Installation Vessel,Install Mooring Line,4.0,16666.666666666668,ACTION,3656.936780661056,MooringSystemInstallation,MooringSystemInstallation,,
515,,Mooring System Installation Vessel,Position Onsite,5.0,20833.333333333336,ACTION,3661.936780661056,MooringSystemInstallation,,,
516,,Mooring System Installation Vessel,Perform Mooring Site Survey,4.0,16666.666666666668,ACTION,3665.936780661056,MooringSystemInstallation,MooringSystemInstallation,,
517,,Mooring System Installation Vessel,Install Drag Embedment Anchor,16.0,66666.66666666667,ACTION,3681.936780661056,MooringSystemInstallation,MooringSystemInstallation,,
518,,Mooring System Installation Vessel,Install Mooring Line,4.0,16666.666666666668,ACTION,3685.936780661056,MooringSystemInstallation,MooringSystemInstallation,,
519,,Mooring System Installation Vessel,Position Onsite,5.0,20833.333333333336,ACTION,3690.936780661056,MooringSystemInstallation,,,
520,,Mooring System Installation Vessel,Perform Mooring Site Survey,4.0,16666.666666666668,ACTION,3694.936780661056,MooringSystemInstallation,MooringSystemInstallation,,
521,,Mooring System Installation Vessel,Install Drag Embedment Anchor,16.0,66666.66666666667,ACTION,3710.936780661056,MooringSystemInstallation,MooringSystemInstallation,,
522,,Mooring System Installation Vessel,Install Mooring Line,4.0,16666.666666666668,ACTION,3714.936780661056,MooringSystemInstallation,MooringSystemInstallation,,
523,,Mooring System Installation Vessel,Position Onsite,5.0,20833.333333333336,ACTION,3719.936780661056,MooringSystemInstallation,,,
524,,Mooring System Installation Vessel,Perform Mooring Site Survey,4.0,16666.666666666668,ACTION,3723.936780661056,MooringSystemInstallation,MooringSystemInstallation,,
525,,Mooring System Installation Vessel,Install Drag Embedment Anchor,16.0,66666.66666666667,ACTION,3739.936780661056,MooringSystemInstallation,MooringSystemInstallation,,
526,,Mooring System Installation Vessel,Install Mooring Line,4.0,16666.666666666668,ACTION,3743.936780661056,MooringSystemInstallation,MooringSystemInstallation,,
527,,Mooring System Installation Vessel,Position Onsite,5.0,20833.333333333336,ACTION,3748.936780661056,MooringSystemInstallation,,,
528,,Mooring System Installation Vessel,Perform Mooring Site Survey,4.0,16666.666666666668,ACTION,3752.936780661056,MooringSystemInstallation,MooringSystemInstallation,,
529,,Mooring System Installation Vessel,Install Drag Embedment Anchor,16.0,66666.66666666667,ACTION,3768.936780661056,MooringSystemInstallation,MooringSystemInstallation,,
530,,Mooring System Installation Vessel,Install Mooring Line,4.0,16666.666666666668,ACTION,3772.936780661056,MooringSystemInstallation,MooringSystemInstallation,,
531,,Mooring System Installation Vessel,Position Onsite,5.0,20833.333333333336,ACTION,3777.936780661056,MooringSystemInstallation,,,
532,,Mooring System Installation Vessel,Perform Mooring Site Survey,4.0,16666.666666666668,ACTION,3781.936780661056,MooringSystemInstallation,MooringSystemInstallation,,
533,,Mooring System Installation Vessel,Install Drag Embedment Anchor,16.0,66666.66666666667,ACTION,3797.936780661056,MooringSystemInstallation,MooringSystemInstallation,,
534,,Mooring System Installation Vessel,Install Mooring Line,4.0,16666.666666666668,ACTION,3801.936780661056,MooringSystemInstallation,MooringSystemInstallation,,
535,,Mooring System Installation Vessel,Position Onsite,5.0,20833.333333333336,ACTION,3806.936780661056,MooringSystemInstallation,,,
536,,Mooring System Installation Vessel,Perform Mooring Site Survey,4.0,16666.666666666668,ACTION,3810.936780661056,MooringSystemInstallation,MooringSystemInstallation,,
537,,Mooring System Installation Vessel,Install Drag Embedment Anchor,16.0,66666.66666666667,ACTION,3826.936780661056,MooringSystemInstallation,MooringSystemInstallation,,
538,,Mooring System Installation Vessel,Install Mooring Line,4.0,16666.666666666668,ACTION,3830.936780661056,MooringSystemInstallation,MooringSystemInstallation,,
539,,Mooring System Installation Vessel,Position Onsite,5.0,20833.333333333336,ACTION,3835.936780661056,MooringSystemInstallation,,,
540,,Mooring System Installation Vessel,Perform Mooring Site Survey,4.0,16666.666666666668,ACTION,3839.936780661056,MooringSystemInstallation,MooringSystemInstallation,,
541,,Mooring System Installation Vessel,Install Drag Embedment Anchor,16.0,66666.66666666667,ACTION,3855.936780661056,MooringSystemInstallation,MooringSystemInstallation,,
542,,Mooring System Installation Vessel,Install Mooring Line,4.0,16666.666666666668,ACTION,3859.936780661056,MooringSystemInstallation,MooringSystemInstallation,,
543,,Mooring System Installation Vessel,Position Onsite,5.0,20833.333333333336,ACTION,3864.936780661056,MooringSystemInstallation,,,
544,,Mooring System Installation Vessel,Perform Mooring Site Survey,4.0,16666.666666666668,ACTION,3868.936780661056,MooringSystemInstallation,MooringSystemInstallation,,
545,,Mooring System Installation Vessel,Install Drag Embedment Anchor,16.0,66666.66666666667,ACTION,3884.936780661056,MooringSystemInstallation,MooringSystemInstallation,,
546,,Mooring System Installation Vessel,Install Mooring Line,4.0,16666.666666666668,ACTION,3888.936780661056,MooringSystemInstallation,MooringSystemInstallation,,
547,,Mooring System Installation Vessel,Position Onsite,5.0,20833.333333333336,ACTION,3893.936780661056,MooringSystemInstallation,,,
548,,Mooring System Installation Vessel,Perform Mooring Site Survey,4.0,16666.666666666668,ACTION,3897.936780661056,MooringSystemInstallation,MooringSystemInstallation,,
549,,Mooring System Installation Vessel,Install Drag Embedment Anchor,16.0,66666.66666666667,ACTION,3913.936780661056,MooringSystemInstallation,MooringSystemInstallation,,
550,,Mooring System Installation Vessel,Install Mooring Line,4.0,16666.666666666668,ACTION,3917.936780661056,MooringSystemInstallation,MooringSystemInstallation,,
551,,Substructure Assembly Line 1,Substructure Assembly,168.0,0.0,ACTION,4085.936780661056,MooredSubInstallation,,,
552,,Turbine Assembly Line 1,Delay: No Substructures in Wet Storage,168.0,0.0,ACTION,4085.936780661056,MooredSubInstallation,,,
553,,Turbine Assembly Line 1,Move Substructure,8.0,0.0,ACTION,4093.936780661056,MooredSubInstallation,,,
554,,Turbine Assembly Line 1,Prepare for Turbine Assembly,12.0,0.0,ACTION,4105.936780661056,MooredSubInstallation,,,
555,,Turbine Assembly Line 1,Lift and Attach Tower Section,4.0,0.0,ACTION,4109.936780661056,MooredSubInstallation,,,
556,,Turbine Assembly Line 1,Lift and Attach Tower Section,4.0,0.0,ACTION,4113.936780661056,MooredSubInstallation,,,
557,,Turbine Assembly Line 1,Lift and Attach Nacelle,12.0,0.0,ACTION,4125.936780661056,MooredSubInstallation,,,
558,,Turbine Assembly Line 1,Lift and Attach Blade,3.5,0.0,ACTION,4129.436780661056,MooredSubInstallation,,,
559,,Turbine Assembly Line 1,Lift and Attach Blade,3.5,0.0,ACTION,4132.936780661056,MooredSubInstallation,,,
560,,Turbine Assembly Line 1,Lift and Attach Blade,3.5,0.0,ACTION,4136.436780661056,MooredSubInstallation,,,
561,,Turbine Assembly Line 1,Mechanical Completion,24.0,0.0,ACTION,4160.436780661056,MooredSubInstallation,,,
562,,Turbine Assembly Line 1,Electrical Completion,72.0,0.0,ACTION,4232.436780661056,MooredSubInstallation,,,
563,,Towing Group 1,Delay: No Completed Turbine Assemblies,314.5,2227708.3333333335,ACTION,4232.436780661056,MooredSubInstallation,,2.0,1.0
564,,Towing Group 1,Ballast to Towing Draft,6.0,42500.0,ACTION,4238.436780661056,MooredSubInstallation,,2.0,1.0
565,,Substructure Assembly Line 1,Substructure Assembly,168.0,0.0,ACTION,4253.936780661056,MooredSubInstallation,,,
566,,Turbine Assembly Line 1,Delay: No Substructures in Wet Storage,21.5,0.0,ACTION,4253.936780661056,MooredSubInstallation,,,
567,,Towing Group 1,Tow Substructure,16.248692111011646,115094.90245299917,ACTION,4254.685472772067,MooredSubInstallation,,2.0,1.0
568,,Towing Group 1,Position Substructure,2.0,14166.666666666668,ACTION,4256.685472772067,MooredSubInstallation,,2.0,1.0
569,,Turbine Assembly Line 1,Move Substructure,8.0,0.0,ACTION,4261.936780661056,MooredSubInstallation,,,
570,,Towing Group 1,Ballast to Operational Draft,6.0,42500.0,ACTION,4262.685472772067,MooredSubInstallation,,2.0,1.0
571,,Turbine Assembly Line 1,Prepare for Turbine Assembly,12.0,0.0,ACTION,4273.936780661056,MooredSubInstallation,,,
572,,Turbine Assembly Line 1,Lift and Attach Tower Section,4.0,0.0,ACTION,4277.936780661056,MooredSubInstallation,,,
573,,Turbine Assembly Line 1,Lift and Attach Tower Section,4.0,0.0,ACTION,4281.936780661056,MooredSubInstallation,,,
574,,Towing Group 1,"Connect Mooring Lines, Pre-tension and pre-stretch",20.0,141666.6666666667,ACTION,4282.685472772067,MooredSubInstallation,,2.0,1.0
575,,Towing Group 1,Check Mooring Lines,6.0,42500.0,ACTION,4288.685472772067,MooredSubInstallation,,2.0,1.0
576,,Turbine Assembly Line 1,Lift and Attach Nacelle,12.0,0.0,ACTION,4293.936780661056,MooredSubInstallation,,,
577,,Towing Group 1,Transit,6.383414757897432,45215.85453510682,ACTION,4295.068887529966,MooredSubInstallation,,2.0,1.0
578,,Turbine Assembly Line 1,Lift and Attach Blade,3.5,0.0,ACTION,4297.436780661056,MooredSubInstallation,,,
579,,Turbine Assembly Line 1,Delay,10.0,0.0,ACTION,4307.436780661056,MooredSubInstallation,,,
580,,Turbine Assembly Line 1,Lift and Attach Blade,3.5,0.0,ACTION,4310.936780661056,MooredSubInstallation,,,
581,,Turbine Assembly Line 1,Lift and Attach Blade,3.5,0.0,ACTION,4314.436780661056,MooredSubInstallation,,,
582,,Turbine Assembly Line 1,Mechanical Completion,24.0,0.0,ACTION,4338.436780661056,MooredSubInstallation,,,
583,,Turbine Assembly Line 1,Electrical Completion,72.0,0.0,ACTION,4410.436780661056,MooredSubInstallation,,,
584,,Towing Group 2,Delay: No Completed Turbine Assemblies,492.5,3488541.666666667,ACTION,4410.436780661056,MooredSubInstallation,,2.0,1.0
585,,Towing Group 2,Ballast to Towing Draft,6.0,42500.0,ACTION,4416.436780661056,MooredSubInstallation,,2.0,1.0
586,,Substructure Assembly Line 1,Substructure Assembly,168.0,0.0,ACTION,4421.936780661056,MooredSubInstallation,,,
587,,Turbine Assembly Line 1,Delay: No Substructures in Wet Storage,11.5,0.0,ACTION,4421.936780661056,MooredSubInstallation,,,
588,,Turbine Assembly Line 1,Move Substructure,8.0,0.0,ACTION,4429.936780661056,MooredSubInstallation,,,
589,,Towing Group 2,Tow Substructure,16.248692111011646,115094.90245299917,ACTION,4432.685472772067,MooredSubInstallation,,2.0,1.0
590,,Towing Group 2,Position Substructure,2.0,14166.666666666668,ACTION,4434.685472772067,MooredSubInstallation,,2.0,1.0
591,,Towing Group 2,Ballast to Operational Draft,6.0,42500.0,ACTION,4440.685472772067,MooredSubInstallation,,2.0,1.0
592,,Turbine Assembly Line 1,Prepare for Turbine Assembly,12.0,0.0,ACTION,4441.936780661056,MooredSubInstallation,,,
593,,Turbine Assembly Line 1,Lift and Attach Tower Section,4.0,0.0,ACTION,4445.936780661056,MooredSubInstallation,,,
594,,Turbine Assembly Line 1,Lift and Attach Tower Section,4.0,0.0,ACTION,4449.936780661056,MooredSubInstallation,,,
595,,Towing Group 2,"Connect Mooring Lines, Pre-tension and pre-stretch",20.0,141666.6666666667,ACTION,4460.685472772067,MooredSubInstallation,,2.0,1.0
596,,Turbine Assembly Line 1,Lift and Attach Nacelle,12.0,0.0,ACTION,4461.936780661056,MooredSubInstallation,,,
597,,Turbine Assembly Line 1,Lift and Attach Blade,3.5,0.0,ACTION,4465.436780661056,MooredSubInstallation,,,
598,,Towing Group 2,Check Mooring Lines,6.0,42500.0,ACTION,4466.685472772067,MooredSubInstallation,,2.0,1.0
599,,Towing Group 2,Transit,6.383414757897432,45215.85453510682,ACTION,4473.068887529966,MooredSubInstallation,,2.0,1.0
600,,Turbine Assembly Line 1,Delay,28.0,0.0,ACTION,4493.436780661056,MooredSubInstallation,,,
601,,Turbine Assembly Line 1,Lift and Attach Blade,3.5,0.0,ACTION,4496.936780661056,MooredSubInstallation,,,
602,,Turbine Assembly Line 1,Lift and Attach Blade,3.5,0.0,ACTION,4500.436780661056,MooredSubInstallation,,,
603,,Turbine Assembly Line 1,Mechanical Completion,24.0,0.0,ACTION,4524.436780661056,MooredSubInstallation,,,
604,,Turbine Assembly Line 1,Delay,32.0,0.0,ACTION,4556.436780661056,MooredSubInstallation,,,
605,,Substructure Assembly Line 1,Substructure Assembly,168.0,0.0,ACTION,4589.936780661056,MooredSubInstallation,,,
606,,Turbine Assembly Line 1,Electrical Completion,72.0,0.0,ACTION,4628.436780661056,MooredSubInstallation,,,
607,,Towing Group 3,Delay: No Completed Turbine Assemblies,710.5,5032708.333333334,ACTION,4628.436780661056,MooredSubInstallation,,2.0,1.0
608,,Towing Group 3,Ballast to Towing Draft,6.0,42500.0,ACTION,4634.436780661056,MooredSubInstallation,,2.0,1.0
609,,Turbine Assembly Line 1,Move Substructure,8.0,0.0,ACTION,4636.436780661056,MooredSubInstallation,,,
610,,Turbine Assembly Line 1,Prepare for Turbine Assembly,12.0,0.0,ACTION,4648.436780661056,MooredSubInstallation,,,
611,,Towing Group 3,Tow Substructure,16.248692111011646,115094.90245299917,ACTION,4650.685472772067,MooredSubInstallation,,2.0,1.0
612,,Turbine Assembly Line 1,Lift and Attach Tower Section,4.0,0.0,ACTION,4652.436780661056,MooredSubInstallation,,,
613,,Towing Group 3,Position Substructure,2.0,14166.666666666668,ACTION,4652.685472772067,MooredSubInstallation,,2.0,1.0
614,,Turbine Assembly Line 1,Lift and Attach Tower Section,4.0,0.0,ACTION,4656.436780661056,MooredSubInstallation,,,
615,,Towing Group 3,Ballast to Operational Draft,6.0,42500.0,ACTION,4658.685472772067,MooredSubInstallation,,2.0,1.0
616,,Towing Group 3,"Connect Mooring Lines, Pre-tension and pre-stretch",2.0,14166.666666666668,ACTION,4660.685472772067,MooredSubInstallation,,2.0,1.0
617,,Turbine Assembly Line 1,Delay,27.0,0.0,ACTION,4683.436780661056,MooredSubInstallation,,,
618,,Towing Group 3,Delay,23.0,162916.6666666667,ACTION,4683.685472772067,MooredSubInstallation,,2.0,1.0
619,,Turbine Assembly Line 1,Lift and Attach Nacelle,12.0,0.0,ACTION,4695.436780661056,MooredSubInstallation,,,
620,,Towing Group 3,"Connect Mooring Lines, Pre-tension and pre-stretch",18.0,127500.00000000001,ACTION,4701.685472772067,MooredSubInstallation,,2.0,1.0
621,,Towing Group 3,Check Mooring Lines,6.0,42500.0,ACTION,4707.685472772067,MooredSubInstallation,,2.0,1.0
622,,Towing Group 3,Transit,6.383414757897432,45215.85453510682,ACTION,4714.068887529966,MooredSubInstallation,,2.0,1.0
623,,Turbine Assembly Line 1,Delay,19.0,0.0,ACTION,4714.436780661056,MooredSubInstallation,,,
624,,Turbine Assembly Line 1,Lift and Attach Blade,3.5,0.0,ACTION,4717.936780661056,MooredSubInstallation,,,
625,,Turbine Assembly Line 1,Lift and Attach Blade,3.5,0.0,ACTION,4721.436780661056,MooredSubInstallation,,,
626,,Turbine Assembly Line 1,Lift and Attach Blade,3.5,0.0,ACTION,4724.936780661056,MooredSubInstallation,,,
627,,Turbine Assembly Line 1,Mechanical Completion,24.0,0.0,ACTION,4748.936780661056,MooredSubInstallation,,,
628,,Substructure Assembly Line 1,Substructure Assembly,168.0,0.0,ACTION,4757.936780661056,MooredSubInstallation,,,
629,,Turbine Assembly Line 1,Delay,89.0,0.0,ACTION,4837.936780661056,MooredSubInstallation,,,
630,,Turbine Assembly Line 1,Electrical Completion,72.0,0.0,ACTION,4909.936780661056,MooredSubInstallation,,,
631,,Towing Group 1,Delay: No Completed Turbine Assemblies,614.867893131091,4355314.243011896,ACTION,4909.936780661056,MooredSubInstallation,,2.0,1.0
632,,Towing Group 1,Ballast to Towing Draft,6.0,42500.0,ACTION,4915.936780661056,MooredSubInstallation,,2.0,1.0
633,,Turbine Assembly Line 1,Move Substructure,8.0,0.0,ACTION,4917.936780661056,MooredSubInstallation,,,
634,,Towing Group 1,Delay,3.0,21250.0,ACTION,4918.936780661056,MooredSubInstallation,,2.0,1.0
635,,Substructure Assembly Line 1,Substructure Assembly,168.0,0.0,ACTION,4925.936780661056,MooredSubInstallation,,,
636,,Turbine Assembly Line 1,Prepare for Turbine Assembly,12.0,0.0,ACTION,4929.936780661056,MooredSubInstallation,,,
637,,Turbine Assembly Line 1,Lift and Attach Tower Section,4.0,0.0,ACTION,4933.936780661056,MooredSubInstallation,,,
638,,Towing Group 1,Tow Substructure,16.248692111011646,115094.90245299917,ACTION,4935.185472772067,MooredSubInstallation,,2.0,1.0
639,,Towing Group 1,Position Substructure,2.0,14166.666666666668,ACTION,4937.185472772067,MooredSubInstallation,,2.0,1.0
640,,Turbine Assembly Line 1,Lift and Attach Tower Section,4.0,0.0,ACTION,4937.936780661056,MooredSubInstallation,,,
641,,Towing Group 1,Ballast to Operational Draft,6.0,42500.0,ACTION,4943.185472772067,MooredSubInstallation,,2.0,1.0
642,,Turbine Assembly Line 1,Lift and Attach Nacelle,12.0,0.0,ACTION,4949.936780661056,MooredSubInstallation,,,
643,,Turbine Assembly Line 1,Lift and Attach Blade,3.5,0.0,ACTION,4953.436780661056,MooredSubInstallation,,,
644,,Turbine Assembly Line 1,Lift and Attach Blade,3.5,0.0,ACTION,4956.936780661056,MooredSubInstallation,,,
645,,Turbine Assembly Line 1,Lift and Attach Blade,3.5,0.0,ACTION,4960.436780661056,MooredSubInstallation,,,
646,,Towing Group 1,"Connect Mooring Lines, Pre-tension and pre-stretch",20.0,141666.6666666667,ACTION,4963.185472772067,MooredSubInstallation,,2.0,1.0
647,,Towing Group 1,Check Mooring Lines,6.0,42500.0,ACTION,4969.185472772067,MooredSubInstallation,,2.0,1.0
648,,Towing Group 1,Transit,6.383414757897432,45215.85453510682,ACTION,4975.568887529966,MooredSubInstallation,,2.0,1.0
649,,Turbine Assembly Line 1,Mechanical Completion,24.0,0.0,ACTION,4984.436780661056,MooredSubInstallation,,,
650,,Turbine Assembly Line 1,Electrical Completion,72.0,0.0,ACTION,5056.436780661056,MooredSubInstallation,,,
651,,Towing Group 2,Delay: No Completed Turbine Assemblies,583.3678931310909,4132189.243011894,ACTION,5056.436780661056,MooredSubInstallation,,2.0,1.0
652,,Towing Group 2,Ballast to Towing Draft,6.0,42500.0,ACTION,5062.436780661056,MooredSubInstallation,,2.0,1.0
653,,Turbine Assembly Line 1,Move Substructure,8.0,0.0,ACTION,5064.436780661056,MooredSubInstallation,,,
654,,Turbine Assembly Line 1,Prepare for Turbine Assembly,12.0,0.0,ACTION,5076.436780661056,MooredSubInstallation,,,
655,,Towing Group 2,Tow Substructure,16.248692111011646,115094.90245299917,ACTION,5078.685472772067,MooredSubInstallation,,2.0,1.0
656,,Turbine Assembly Line 1,Lift and Attach Tower Section,4.0,0.0,ACTION,5080.436780661056,MooredSubInstallation,,,
657,,Towing Group 2,Position Substructure,2.0,14166.666666666668,ACTION,5080.685472772067,MooredSubInstallation,,2.0,1.0
658,,Turbine Assembly Line 1,Lift and Attach Tower Section,4.0,0.0,ACTION,5084.436780661056,MooredSubInstallation,,,
659,,Towing Group 2,Ballast to Operational Draft,6.0,42500.0,ACTION,5086.685472772067,MooredSubInstallation,,2.0,1.0
660,,Substructure Assembly Line 1,Substructure Assembly,168.0,0.0,ACTION,5093.936780661056,MooredSubInstallation,,,
661,,Turbine Assembly Line 1,Lift and Attach Nacelle,12.0,0.0,ACTION,5096.436780661056,MooredSubInstallation,,,
662,,Towing Group 2,"Connect Mooring Lines, Pre-tension and pre-stretch",20.0,141666.6666666667,ACTION,5106.685472772067,MooredSubInstallation,,2.0,1.0
663,,Towing Group 2,Check Mooring Lines,3.0,21250.0,ACTION,5109.685472772067,MooredSubInstallation,,2.0,1.0
664,,Towing Group 2,Delay,7.0,49583.333333333336,ACTION,5116.685472772067,MooredSubInstallation,,2.0,1.0
665,,Towing Group 2,Check Mooring Lines,3.0,21250.0,ACTION,5119.685472772067,MooredSubInstallation,,2.0,1.0
666,,Towing Group 2,Transit,6.383414757897432,45215.85453510682,ACTION,5126.068887529966,MooredSubInstallation,,2.0,1.0
667,,Turbine Assembly Line 1,Delay,31.0,0.0,ACTION,5127.436780661056,MooredSubInstallation,,,
668,,Turbine Assembly Line 1,Lift and Attach Blade,3.5,0.0,ACTION,5130.936780661056,MooredSubInstallation,,,
669,,Turbine Assembly Line 1,Lift and Attach Blade,3.5,0.0,ACTION,5134.436780661056,MooredSubInstallation,,,
670,,Turbine Assembly Line 1,Lift and Attach Blade,3.5,0.0,ACTION,5137.936780661056,MooredSubInstallation,,,
671,,Turbine Assembly Line 1,Mechanical Completion,24.0,0.0,ACTION,5161.936780661056,MooredSubInstallation,,,
672,,Turbine Assembly Line 1,Delay,62.0,0.0,ACTION,5223.936780661056,MooredSubInstallation,,,
673,,Substructure Assembly Line 1,Substructure Assembly,168.0,0.0,ACTION,5261.936780661056,MooredSubInstallation,,,
674,,Turbine Assembly Line 1,Electrical Completion,72.0,0.0,ACTION,5295.936780661056,MooredSubInstallation,,,
675,,Towing Group 3,Delay: No Completed Turbine Assemblies,581.8678931310909,4121564.243011894,ACTION,5295.936780661056,MooredSubInstallation,,2.0,1.0
676,,Towing Group 3,Ballast to Towing Draft,6.0,42500.0,ACTION,5301.936780661056,MooredSubInstallation,,2.0,1.0
677,,Turbine Assembly Line 1,Move Substructure,8.0,0.0,ACTION,5303.936780661056,MooredSubInstallation,,,
678,,Turbine Assembly Line 1,Prepare for Turbine Assembly,12.0,0.0,ACTION,5315.936780661056,MooredSubInstallation,,,
679,,Towing Group 3,Tow Substructure,16.248692111011646,115094.90245299917,ACTION,5318.185472772067,MooredSubInstallation,,2.0,1.0
680,,Turbine Assembly Line 1,Lift and Attach Tower Section,4.0,0.0,ACTION,5319.936780661056,MooredSubInstallation,,,
681,,Towing Group 3,Position Substructure,2.0,14166.666666666668,ACTION,5320.185472772067,MooredSubInstallation,,2.0,1.0
682,,Turbine Assembly Line 1,Lift and Attach Tower Section,4.0,0.0,ACTION,5323.936780661056,MooredSubInstallation,,,
683,,Towing Group 3,Ballast to Operational Draft,6.0,42500.0,ACTION,5326.185472772067,MooredSubInstallation,,2.0,1.0
684,,Turbine Assembly Line 1,Lift and Attach Nacelle,12.0,0.0,ACTION,5335.936780661056,MooredSubInstallation,,,
685,,Turbine Assembly Line 1,Lift and Attach Blade,3.5,0.0,ACTION,5339.436780661056,MooredSubInstallation,,,
686,,Towing Group 3,"Connect Mooring Lines, Pre-tension and pre-stretch",20.0,141666.6666666667,ACTION,5346.185472772067,MooredSubInstallation,,2.0,1.0
687,,Turbine Assembly Line 1,Delay,7.0,0.0,ACTION,5346.436780661056,MooredSubInstallation,,,
688,,Turbine Assembly Line 1,Lift and Attach Blade,3.5,0.0,ACTION,5349.936780661056,MooredSubInstallation,,,
689,,Towing Group 3,Check Mooring Lines,6.0,42500.0,ACTION,5352.185472772067,MooredSubInstallation,,2.0,1.0
690,,Turbine Assembly Line 1,Lift and Attach Blade,3.5,0.0,ACTION,5353.436780661056,MooredSubInstallation,,,
691,,Towing Group 3,Transit,6.383414757897432,45215.85453510682,ACTION,5358.568887529966,MooredSubInstallation,,2.0,1.0
692,,Turbine Assembly Line 1,Mechanical Completion,24.0,0.0,ACTION,5377.436780661056,MooredSubInstallation,,,
693,,Substructure Assembly Line 1,Substructure Assembly,168.0,0.0,ACTION,5429.936780661056,MooredSubInstallation,,,
694,,Turbine Assembly Line 1,Electrical Completion,72.0,0.0,ACTION,5449.436780661056,MooredSubInstallation,,,
695,,Towing Group 1,Delay: No Completed Turbine Assemblies,473.8678931310908,3356564.2430118932,ACTION,5449.436780661056,MooredSubInstallation,,2.0,1.0
696,,Towing Group 1,Ballast to Towing Draft,6.0,42500.0,ACTION,5455.436780661056,MooredSubInstallation,,2.0,1.0
697,,Turbine Assembly Line 1,Move Substructure,8.0,0.0,ACTION,5457.436780661056,MooredSubInstallation,,,
698,,Turbine Assembly Line 1,Prepare for Turbine Assembly,12.0,0.0,ACTION,5469.436780661056,MooredSubInstallation,,,
699,,Towing Group 1,Tow Substructure,16.248692111011646,115094.90245299917,ACTION,5471.685472772067,MooredSubInstallation,,2.0,1.0
700,,Turbine Assembly Line 1,Lift and Attach Tower Section,4.0,0.0,ACTION,5473.436780661056,MooredSubInstallation,,,
701,,Towing Group 1,Position Substructure,2.0,14166.666666666668,ACTION,5473.685472772067,MooredSubInstallation,,2.0,1.0
702,,Turbine Assembly Line 1,Lift and Attach Tower Section,4.0,0.0,ACTION,5477.436780661056,MooredSubInstallation,,,
703,,Towing Group 1,Ballast to Operational Draft,6.0,42500.0,ACTION,5479.685472772067,MooredSubInstallation,,2.0,1.0
704,,Turbine Assembly Line 1,Lift and Attach Nacelle,12.0,0.0,ACTION,5489.436780661056,MooredSubInstallation,,,
705,,Towing Group 1,"Connect Mooring Lines, Pre-tension and pre-stretch",14.0,99166.66666666667,ACTION,5493.685472772067,MooredSubInstallation,,2.0,1.0
706,,Turbine Assembly Line 1,Delay,15.0,0.0,ACTION,5504.436780661056,MooredSubInstallation,,,
707,,Towing Group 1,Delay,11.0,77916.66666666667,ACTION,5504.685472772067,MooredSubInstallation,,2.0,1.0
708,,Turbine Assembly Line 1,Lift and Attach Blade,3.5,0.0,ACTION,5507.936780661056,MooredSubInstallation,,,
709,,Towing Group 1,"Connect Mooring Lines, Pre-tension and pre-stretch",6.0,42500.0,ACTION,5510.685472772067,MooredSubInstallation,,2.0,1.0
710,,Turbine Assembly Line 1,Lift and Attach Blade,3.5,0.0,ACTION,5511.436780661056,MooredSubInstallation,,,
711,,Turbine Assembly Line 1,Lift and Attach Blade,3.5,0.0,ACTION,5514.936780661056,MooredSubInstallation,,,
712,,Towing Group 1,Check Mooring Lines,6.0,42500.0,ACTION,5516.685472772067,MooredSubInstallation,,2.0,1.0
713,,Towing Group 1,Transit,6.383414757897432,45215.85453510682,ACTION,5523.068887529966,MooredSubInstallation,,2.0,1.0
714,,Turbine Assembly Line 1,Mechanical Completion,24.0,0.0,ACTION,5538.936780661056,MooredSubInstallation,,,
715,,Substructure Assembly Line 1,Substructure Assembly,168.0,0.0,ACTION,5597.936780661056,MooredSubInstallation,,,
716,,Turbine Assembly Line 1,Electrical Completion,72.0,0.0,ACTION,5610.936780661056,MooredSubInstallation,,,
717,,Towing Group 2,Delay: No Completed Turbine Assemblies,484.8678931310908,3434480.90967856,ACTION,5610.936780661056,MooredSubInstallation,,2.0,1.0
718,,Towing Group 2,Ballast to Towing Draft,6.0,42500.0,ACTION,5616.936780661056,MooredSubInstallation,,2.0,1.0
719,,Turbine Assembly Line 1,Move Substructure,8.0,0.0,ACTION,5618.936780661056,MooredSubInstallation,,,
720,,Turbine Assembly Line 1,Prepare for Turbine Assembly,12.0,0.0,ACTION,5630.936780661056,MooredSubInstallation,,,
721,,Towing Group 2,Tow Substructure,16.248692111011646,115094.90245299917,ACTION,5633.185472772067,MooredSubInstallation,,2.0,1.0
722,,Turbine Assembly Line 1,Lift and Attach Tower Section,4.0,0.0,ACTION,5634.936780661056,MooredSubInstallation,,,
723,,Towing Group 2,Position Substructure,2.0,14166.666666666668,ACTION,5635.185472772067,MooredSubInstallation,,2.0,1.0
724,,Turbine Assembly Line 1,Lift and Attach Tower Section,4.0,0.0,ACTION,5638.936780661056,MooredSubInstallation,,,
725,,Towing Group 2,Ballast to Operational Draft,6.0,42500.0,ACTION,5641.185472772067,MooredSubInstallation,,2.0,1.0
726,,Turbine Assembly Line 1,Lift and Attach Nacelle,12.0,0.0,ACTION,5650.936780661056,MooredSubInstallation,,,
727,,Turbine Assembly Line 1,Lift and Attach Blade,3.5,0.0,ACTION,5654.436780661056,MooredSubInstallation,,,
728,,Turbine Assembly Line 1,Lift and Attach Blade,3.5,0.0,ACTION,5657.936780661056,MooredSubInstallation,,,
729,,Towing Group 2,"Connect Mooring Lines, Pre-tension and pre-stretch",20.0,141666.6666666667,ACTION,5661.185472772067,MooredSubInstallation,,2.0,1.0
730,,Turbine Assembly Line 1,Lift and Attach Blade,3.5,0.0,ACTION,5661.436780661056,MooredSubInstallation,,,
731,,Towing Group 2,Check Mooring Lines,6.0,42500.0,ACTION,5667.185472772067,MooredSubInstallation,,2.0,1.0
732,,Towing Group 2,Transit,6.383414757897432,45215.85453510682,ACTION,5673.568887529966,MooredSubInstallation,,2.0,1.0
733,,Turbine Assembly Line 1,Mechanical Completion,24.0,0.0,ACTION,5685.436780661056,MooredSubInstallation,,,
734,,Turbine Assembly Line 1,Electrical Completion,72.0,0.0,ACTION,5757.436780661056,MooredSubInstallation,,,
735,,Towing Group 3,Delay: No Completed Turbine Assemblies,398.8678931310908,2825314.2430118932,ACTION,5757.436780661056,MooredSubInstallation,,2.0,1.0
736,,Towing Group 3,Ballast to Towing Draft,6.0,42500.0,ACTION,5763.436780661056,MooredSubInstallation,,2.0,1.0
737,,Turbine Assembly Line 1,Move Substructure,8.0,0.0,ACTION,5765.436780661056,MooredSubInstallation,,,
738,,Substructure Assembly Line 1,Substructure Assembly,168.0,0.0,ACTION,5765.936780661056,MooredSubInstallation,,,
739,,Turbine Assembly Line 1,Prepare for Turbine Assembly,12.0,0.0,ACTION,5777.436780661056,MooredSubInstallation,,,
740,,Towing Group 3,Tow Substructure,16.248692111011646,115094.90245299917,ACTION,5779.685472772067,MooredSubInstallation,,2.0,1.0
741,,Turbine Assembly Line 1,Lift and Attach Tower Section,4.0,0.0,ACTION,5781.436780661056,MooredSubInstallation,,,
742,,Towing Group 3,Position Substructure,2.0,14166.666666666668,ACTION,5781.685472772067,MooredSubInstallation,,2.0,1.0
743,,Turbine Assembly Line 1,Lift and Attach Tower Section,4.0,0.0,ACTION,5785.436780661056,MooredSubInstallation,,,
744,,Towing Group 3,Ballast to Operational Draft,6.0,42500.0,ACTION,5787.685472772067,MooredSubInstallation,,2.0,1.0
745,,Turbine Assembly Line 1,Lift and Attach Nacelle,12.0,0.0,ACTION,5797.436780661056,MooredSubInstallation,,,
746,,Towing Group 3,"Connect Mooring Lines, Pre-tension and pre-stretch",15.0,106250.00000000001,ACTION,5802.685472772067,MooredSubInstallation,,2.0,1.0
747,,Towing Group 3,Delay,31.0,219583.33333333334,ACTION,5833.685472772067,MooredSubInstallation,,2.0,1.0
748,,Towing Group 3,"Connect Mooring Lines, Pre-tension and pre-stretch",3.0,21250.0,ACTION,5836.685472772067,MooredSubInstallation,,2.0,1.0
749,,Towing Group 3,Delay,2.0,14166.666666666668,ACTION,5838.685472772067,MooredSubInstallation,,2.0,1.0
750,,Towing Group 3,"Connect Mooring Lines, Pre-tension and pre-stretch",2.0,14166.666666666668,ACTION,5840.685472772067,MooredSubInstallation,,2.0,1.0
751,,Turbine Assembly Line 1,Delay,44.0,0.0,ACTION,5841.436780661056,MooredSubInstallation,,,
752,,Turbine Assembly Line 1,Lift and Attach Blade,3.5,0.0,ACTION,5844.936780661056,MooredSubInstallation,,,
753,,Towing Group 3,Check Mooring Lines,6.0,42500.0,ACTION,5846.685472772067,MooredSubInstallation,,2.0,1.0
754,,Turbine Assembly Line 1,Lift and Attach Blade,3.5,0.0,ACTION,5848.436780661056,MooredSubInstallation,,,
755,,Turbine Assembly Line 1,Lift and Attach Blade,3.5,0.0,ACTION,5851.936780661056,MooredSubInstallation,,,
756,,Towing Group 3,Transit,6.383414757897432,45215.85453510682,ACTION,5853.068887529966,MooredSubInstallation,,2.0,1.0
757,,Turbine Assembly Line 1,Mechanical Completion,24.0,0.0,ACTION,5875.936780661056,MooredSubInstallation,,,
758,,Substructure Assembly Line 1,Substructure Assembly,168.0,0.0,ACTION,5933.936780661056,MooredSubInstallation,,,
759,,Turbine Assembly Line 1,Electrical Completion,72.0,0.0,ACTION,5947.936780661056,MooredSubInstallation,,,
760,,Towing Group 1,Delay: No Completed Turbine Assemblies,424.8678931310908,3009480.90967856,ACTION,5947.936780661056,MooredSubInstallation,,2.0,1.0
761,,Towing Group 1,Ballast to Towing Draft,6.0,42500.0,ACTION,5953.936780661056,MooredSubInstallation,,2.0,1.0
762,,Turbine Assembly Line 1,Move Substructure,8.0,0.0,ACTION,5955.936780661056,MooredSubInstallation,,,
763,,Turbine Assembly Line 1,Prepare for Turbine Assembly,12.0,0.0,ACTION,5967.936780661056,MooredSubInstallation,,,
764,,Towing Group 1,Delay,20.0,141666.6666666667,ACTION,5973.936780661056,MooredSubInstallation,,2.0,1.0
765,,Turbine Assembly Line 1,Delay,6.0,0.0,ACTION,5973.936780661056,MooredSubInstallation,,,
766,,Turbine Assembly Line 1,Lift and Attach Tower Section,4.0,0.0,ACTION,5977.936780661056,MooredSubInstallation,,,
767,,Turbine Assembly Line 1,Lift and Attach Tower Section,4.0,0.0,ACTION,5981.936780661056,MooredSubInstallation,,,
768,,Towing Group 1,Tow Substructure,16.248692111011646,115094.90245299917,ACTION,5990.185472772067,MooredSubInstallation,,2.0,1.0
769,,Towing Group 1,Position Substructure,2.0,14166.666666666668,ACTION,5992.185472772067,MooredSubInstallation,,2.0,1.0
770,,Turbine Assembly Line 1,Lift and Attach Nacelle,12.0,0.0,ACTION,5993.936780661056,MooredSubInstallation,,,
771,,Turbine Assembly Line 1,Lift and Attach Blade,3.5,0.0,ACTION,5997.436780661056,MooredSubInstallation,,,
772,,Towing Group 1,Ballast to Operational Draft,6.0,42500.0,ACTION,5998.185472772067,MooredSubInstallation,,2.0,1.0
773,,Turbine Assembly Line 1,Lift and Attach Blade,3.5,0.0,ACTION,6000.936780661056,MooredSubInstallation,,,
774,,Turbine Assembly Line 1,Lift and Attach Blade,3.5,0.0,ACTION,6004.436780661056,MooredSubInstallation,,,
775,,Towing Group 1,"Connect Mooring Lines, Pre-tension and pre-stretch",20.0,141666.6666666667,ACTION,6018.185472772067,MooredSubInstallation,,2.0,1.0
776,,Towing Group 1,Check Mooring Lines,6.0,42500.0,ACTION,6024.185472772067,MooredSubInstallation,,2.0,1.0
777,,Towing Group 1,Transit,1.0,7083.333333333334,ACTION,6025.185472772067,MooredSubInstallation,,2.0,1.0
778,,Turbine Assembly Line 1,Mechanical Completion,24.0,0.0,ACTION,6028.436780661056,MooredSubInstallation,,,
779,,Towing Group 1,Delay,5.0,35416.66666666667,ACTION,6030.185472772067,MooredSubInstallation,,2.0,1.0
780,,Towing Group 1,Transit,2.0,14166.666666666668,ACTION,6032.185472772067,MooredSubInstallation,,2.0,1.0
781,,Turbine Assembly Line 1,Delay,21.0,0.0,ACTION,6049.436780661056,MooredSubInstallation,,,
782,,Towing Group 1,Delay,20.0,141666.6666666667,ACTION,6052.185472772067,MooredSubInstallation,,2.0,1.0
783,,Towing Group 1,Transit,3.383414757897432,23965.854535106813,ACTION,6055.568887529966,MooredSubInstallation,,2.0,1.0
784,,Substructure Assembly Line 1,Substructure Assembly,168.0,0.0,ACTION,6101.936780661056,MooredSubInstallation,,,
785,,Turbine Assembly Line 1,Electrical Completion,72.0,0.0,ACTION,6121.436780661056,MooredSubInstallation,,,
786,,Towing Group 2,Delay: No Completed Turbine Assemblies,447.8678931310908,3172397.5763452267,ACTION,6121.436780661056,MooredSubInstallation,,2.0,1.0
787,,Turbine Assembly Line 1,Move Substructure,8.0,0.0,ACTION,6129.436780661056,MooredSubInstallation,,,
788,,Towing Group 2,Delay,14.0,99166.66666666667,ACTION,6135.436780661056,MooredSubInstallation,,2.0,1.0
789,,Turbine Assembly Line 1,Prepare for Turbine Assembly,12.0,0.0,ACTION,6141.436780661056,MooredSubInstallation,,,
790,,Towing Group 2,Ballast to Towing Draft,6.0,42500.0,ACTION,6141.436780661056,MooredSubInstallation,,2.0,1.0
791,,Turbine Assembly Line 1,Lift and Attach Tower Section,4.0,0.0,ACTION,6145.436780661056,MooredSubInstallation,,,
792,,Turbine Assembly Line 1,Lift and Attach Tower Section,4.0,0.0,ACTION,6149.436780661056,MooredSubInstallation,,,
793,,Towing Group 2,Tow Substructure,16.248692111011646,115094.90245299917,ACTION,6157.685472772067,MooredSubInstallation,,2.0,1.0
794,,Towing Group 2,Position Substructure,2.0,14166.666666666668,ACTION,6159.685472772067,MooredSubInstallation,,2.0,1.0
795,,Turbine Assembly Line 1,Lift and Attach Nacelle,12.0,0.0,ACTION,6161.436780661056,MooredSubInstallation,,,
796,,Turbine Assembly Line 1,Lift and Attach Blade,3.5,0.0,ACTION,6164.936780661056,MooredSubInstallation,,,
797,,Towing Group 2,Ballast to Operational Draft,6.0,42500.0,ACTION,6165.685472772067,MooredSubInstallation,,2.0,1.0
798,,Turbine Assembly Line 1,Lift and Attach Blade,3.5,0.0,ACTION,6168.436780661056,MooredSubInstallation,,,
799,,Turbine Assembly Line 1,Lift and Attach Blade,3.5,0.0,ACTION,6171.936780661056,MooredSubInstallation,,,
800,,Towing Group 2,"Connect Mooring Lines, Pre-tension and pre-stretch",20.0,141666.6666666667,ACTION,6185.685472772067,MooredSubInstallation,,2.0,1.0
801,,Turbine Assembly Line 1,Delay,22.0,0.0,ACTION,6193.936780661056,MooredSubInstallation,,,
802,,Towing Group 2,Delay,14.0,99166.66666666667,ACTION,6199.685472772067,MooredSubInstallation,,2.0,1.0
803,,Towing Group 2,Check Mooring Lines,6.0,42500.0,ACTION,6205.685472772067,MooredSubInstallation,,2.0,1.0
804,,Towing Group 2,Transit,6.383414757897432,45215.85453510682,ACTION,6212.068887529966,MooredSubInstallation,,2.0,1.0
805,,Turbine Assembly Line 1,Mechanical Completion,24.0,0.0,ACTION,6217.936780661056,MooredSubInstallation,,,
806,,Substructure Assembly Line 1,Substructure Assembly,168.0,0.0,ACTION,6269.936780661056,MooredSubInstallation,,,
807,,Turbine Assembly Line 1,Electrical Completion,72.0,0.0,ACTION,6289.936780661056,MooredSubInstallation,,,
808,,Towing Group 3,Delay: No Completed Turbine Assemblies,436.8678931310908,3094480.90967856,ACTION,6289.936780661056,MooredSubInstallation,,2.0,1.0
809,,Towing Group 3,Ballast to Towing Draft,6.0,42500.0,ACTION,6295.936780661056,MooredSubInstallation,,2.0,1.0
810,,Turbine Assembly Line 1,Move Substructure,8.0,0.0,ACTION,6297.936780661056,MooredSubInstallation,,,
811,,Turbine Assembly Line 1,Prepare for Turbine Assembly,12.0,0.0,ACTION,6309.936780661056,MooredSubInstallation,,,
812,,Towing Group 3,Tow Substructure,16.248692111011646,115094.90245299917,ACTION,6312.185472772067,MooredSubInstallation,,2.0,1.0
813,,Turbine Assembly Line 1,Lift and Attach Tower Section,4.0,0.0,ACTION,6313.936780661056,MooredSubInstallation,,,
814,,Towing Group 3,Delay,4.0,28333.333333333336,ACTION,6316.185472772067,MooredSubInstallation,,2.0,1.0
815,,Turbine Assembly Line 1,Delay,3.0,0.0,ACTION,6316.936780661056,MooredSubInstallation,,,
816,,Towing Group 3,Position Substructure,2.0,14166.666666666668,ACTION,6318.185472772067,MooredSubInstallation,,2.0,1.0
817,,Turbine Assembly Line 1,Lift and Attach Tower Section,4.0,0.0,ACTION,6320.936780661056,MooredSubInstallation,,,
818,,Towing Group 3,Ballast to Operational Draft,6.0,42500.0,ACTION,6324.185472772067,MooredSubInstallation,,2.0,1.0
819,,Turbine Assembly Line 1,Lift and Attach Nacelle,12.0,0.0,ACTION,6332.936780661056,MooredSubInstallation,,,
820,,Turbine Assembly Line 1,Lift and Attach Blade,3.5,0.0,ACTION,6336.436780661056,MooredSubInstallation,,,
821,,Turbine Assembly Line 1,Lift and Attach Blade,3.5,0.0,ACTION,6339.936780661056,MooredSubInstallation,,,
822,,Turbine Assembly Line 1,Lift and Attach Blade,3.5,0.0,ACTION,6343.436780661056,MooredSubInstallation,,,
823,,Towing Group 3,"Connect Mooring Lines, Pre-tension and pre-stretch",20.0,141666.6666666667,ACTION,6344.185472772067,MooredSubInstallation,,2.0,1.0
824,,Towing Group 3,Check Mooring Lines,6.0,42500.0,ACTION,6350.185472772067,MooredSubInstallation,,2.0,1.0
825,,Towing Group 3,Transit,6.383414757897432,45215.85453510682,ACTION,6356.568887529966,MooredSubInstallation,,2.0,1.0
826,,Turbine Assembly Line 1,Mechanical Completion,24.0,0.0,ACTION,6367.436780661056,MooredSubInstallation,,,
827,,Substructure Assembly Line 1,Substructure Assembly,168.0,0.0,ACTION,6437.936780661056,MooredSubInstallation,,,
828,,Turbine Assembly Line 1,Electrical Completion,72.0,0.0,ACTION,6439.436780661056,MooredSubInstallation,,,
829,,Towing Group 1,Delay: No Completed Turbine Assemblies,383.867893131091,2719064.243011895,ACTION,6439.436780661056,MooredSubInstallation,,2.0,1.0
830,,Towing Group 1,Ballast to Towing Draft,6.0,42500.0,ACTION,6445.436780661056,MooredSubInstallation,,2.0,1.0
831,,Turbine Assembly Line 1,Move Substructure,8.0,0.0,ACTION,6447.436780661056,MooredSubInstallation,,,
832,,Turbine Assembly Line 1,Prepare for Turbine Assembly,12.0,0.0,ACTION,6459.436780661056,MooredSubInstallation,,,
833,,Towing Group 1,Tow Substructure,16.248692111011646,115094.90245299917,ACTION,6461.685472772067,MooredSubInstallation,,2.0,1.0
834,,Turbine Assembly Line 1,Lift and Attach Tower Section,4.0,0.0,ACTION,6463.436780661056,MooredSubInstallation,,,
835,,Towing Group 1,Position Substructure,2.0,14166.666666666668,ACTION,6463.685472772067,MooredSubInstallation,,2.0,1.0
836,,Turbine Assembly Line 1,Lift and Attach Tower Section,4.0,0.0,ACTION,6467.436780661056,MooredSubInstallation,,,
837,,Towing Group 1,Ballast to Operational Draft,6.0,42500.0,ACTION,6469.685472772067,MooredSubInstallation,,2.0,1.0
838,,Turbine Assembly Line 1,Lift and Attach Nacelle,12.0,0.0,ACTION,6479.436780661056,MooredSubInstallation,,,
839,,Turbine Assembly Line 1,Lift and Attach Blade,3.5,0.0,ACTION,6482.936780661056,MooredSubInstallation,,,
840,,Turbine Assembly Line 1,Lift and Attach Blade,3.5,0.0,ACTION,6486.436780661056,MooredSubInstallation,,,
841,,Towing Group 1,"Connect Mooring Lines, Pre-tension and pre-stretch",20.0,141666.6666666667,ACTION,6489.685472772067,MooredSubInstallation,,2.0,1.0
842,,Turbine Assembly Line 1,Lift and Attach Blade,3.5,0.0,ACTION,6489.936780661056,MooredSubInstallation,,,
843,,Towing Group 1,Check Mooring Lines,6.0,42500.0,ACTION,6495.685472772067,MooredSubInstallation,,2.0,1.0
844,,Towing Group 1,Transit,6.383414757897432,45215.85453510682,ACTION,6502.068887529966,MooredSubInstallation,,2.0,1.0
845,,Turbine Assembly Line 1,Delay,51.0,0.0,ACTION,6540.936780661056,MooredSubInstallation,,,
846,,Turbine Assembly Line 1,Mechanical Completion,24.0,0.0,ACTION,6564.936780661056,MooredSubInstallation,,,
847,,Substructure Assembly Line 1,Substructure Assembly,168.0,0.0,ACTION,6605.936780661056,MooredSubInstallation,,,
848,,Turbine Assembly Line 1,Electrical Completion,72.0,0.0,ACTION,6636.936780661056,MooredSubInstallation,,,
849,,Towing Group 2,Delay: No Completed Turbine Assemblies,424.867893131091,3009480.9096785616,ACTION,6636.936780661056,MooredSubInstallation,,2.0,1.0
850,,Towing Group 2,Ballast to Towing Draft,6.0,42500.0,ACTION,6642.936780661056,MooredSubInstallation,,2.0,1.0
851,,Turbine Assembly Line 1,Move Substructure,8.0,0.0,ACTION,6644.936780661056,MooredSubInstallation,,,
852,,Turbine Assembly Line 1,Prepare for Turbine Assembly,12.0,0.0,ACTION,6656.936780661056,MooredSubInstallation,,,
853,,Towing Group 2,Tow Substructure,16.248692111011646,115094.90245299917,ACTION,6659.185472772067,MooredSubInstallation,,2.0,1.0
854,,Turbine Assembly Line 1,Lift and Attach Tower Section,4.0,0.0,ACTION,6660.936780661056,MooredSubInstallation,,,
855,,Towing Group 2,Position Substructure,2.0,14166.666666666668,ACTION,6661.185472772067,MooredSubInstallation,,2.0,1.0
856,,Turbine Assembly Line 1,Lift and Attach Tower Section,4.0,0.0,ACTION,6664.936780661056,MooredSubInstallation,,,
857,,Towing Group 2,Ballast to Operational Draft,6.0,42500.0,ACTION,6667.185472772067,MooredSubInstallation,,2.0,1.0
858,,Turbine Assembly Line 1,Lift and Attach Nacelle,12.0,0.0,ACTION,6676.936780661056,MooredSubInstallation,,,
859,,Towing Group 2,"Connect Mooring Lines, Pre-tension and pre-stretch",16.0,113333.33333333334,ACTION,6683.185472772067,MooredSubInstallation,,2.0,1.0
860,,Towing Group 2,Delay,6.0,42500.0,ACTION,6689.185472772067,MooredSubInstallation,,2.0,1.0
861,,Towing Group 2,"Connect Mooring Lines, Pre-tension and pre-stretch",4.0,28333.333333333336,ACTION,6693.185472772067,MooredSubInstallation,,2.0,1.0
862,,Turbine Assembly Line 1,Delay,21.0,0.0,ACTION,6697.936780661056,MooredSubInstallation,,,
863,,Towing Group 2,Check Mooring Lines,6.0,42500.0,ACTION,6699.185472772067,MooredSubInstallation,,2.0,1.0
864,,Turbine Assembly Line 1,Lift and Attach Blade,3.5,0.0,ACTION,6701.436780661056,MooredSubInstallation,,,
865,,Turbine Assembly Line 1,Lift and Attach Blade,3.5,0.0,ACTION,6704.936780661056,MooredSubInstallation,,,
866,,Towing Group 2,Transit,6.383414757897432,45215.85453510682,ACTION,6705.568887529966,MooredSubInstallation,,2.0,1.0
867,,Turbine Assembly Line 1,Lift and Attach Blade,3.5,0.0,ACTION,6708.436780661056,MooredSubInstallation,,,
868,,Turbine Assembly Line 1,Mechanical Completion,24.0,0.0,ACTION,6732.436780661056,MooredSubInstallation,,,
869,,Substructure Assembly Line 1,Substructure Assembly,168.0,0.0,ACTION,6773.936780661056,MooredSubInstallation,,,
870,,Turbine Assembly Line 1,Electrical Completion,72.0,0.0,ACTION,6804.436780661056,MooredSubInstallation,,,
871,,Towing Group 3,Delay: No Completed Turbine Assemblies,447.867893131091,3172397.576345228,ACTION,6804.436780661056,MooredSubInstallation,,2.0,1.0
872,,Towing Group 3,Ballast to Towing Draft,6.0,42500.0,ACTION,6810.436780661056,MooredSubInstallation,,2.0,1.0
873,,Turbine Assembly Line 1,Move Substructure,8.0,0.0,ACTION,6812.436780661056,MooredSubInstallation,,,
874,,Turbine Assembly Line 1,Prepare for Turbine Assembly,12.0,0.0,ACTION,6824.436780661056,MooredSubInstallation,,,
875,,Towing Group 3,Tow Substructure,16.248692111011646,115094.90245299917,ACTION,6826.685472772067,MooredSubInstallation,,2.0,1.0
876,,Turbine Assembly Line 1,Lift and Attach Tower Section,4.0,0.0,ACTION,6828.436780661056,MooredSubInstallation,,,
877,,Towing Group 3,Position Substructure,2.0,14166.666666666668,ACTION,6828.685472772067,MooredSubInstallation,,2.0,1.0
878,,Turbine Assembly Line 1,Lift and Attach Tower Section,4.0,0.0,ACTION,6832.436780661056,MooredSubInstallation,,,
879,,Towing Group 3,Ballast to Operational Draft,6.0,42500.0,ACTION,6834.685472772067,MooredSubInstallation,,2.0,1.0
880,,Turbine Assembly Line 1,Lift and Attach Nacelle,12.0,0.0,ACTION,6844.436780661056,MooredSubInstallation,,,
881,,Turbine Assembly Line 1,Lift and Attach Blade,3.5,0.0,ACTION,6847.936780661056,MooredSubInstallation,,,
882,,Turbine Assembly Line 1,Lift and Attach Blade,3.5,0.0,ACTION,6851.436780661056,MooredSubInstallation,,,
883,,Towing Group 3,"Connect Mooring Lines, Pre-tension and pre-stretch",20.0,141666.6666666667,ACTION,6854.685472772067,MooredSubInstallation,,2.0,1.0
884,,Turbine Assembly Line 1,Lift and Attach Blade,3.5,0.0,ACTION,6854.936780661056,MooredSubInstallation,,,
885,,Towing Group 3,Check Mooring Lines,6.0,42500.0,ACTION,6860.685472772067,MooredSubInstallation,,2.0,1.0
886,,Towing Group 3,Transit,6.383414757897432,45215.85453510682,ACTION,6867.068887529966,MooredSubInstallation,,2.0,1.0
887,,Turbine Assembly Line 1,Mechanical Completion,24.0,0.0,ACTION,6878.936780661056,MooredSubInstallation,,,
888,,Substructure Assembly Line 1,Substructure Assembly,168.0,0.0,ACTION,6941.936780661056,MooredSubInstallation,,,
889,,Turbine Assembly Line 1,Electrical Completion,72.0,0.0,ACTION,6950.936780661056,MooredSubInstallation,,,
890,,Towing Group 1,Delay: No Completed Turbine Assemblies,448.867893131091,3179480.9096785616,ACTION,6950.936780661056,MooredSubInstallation,,2.0,1.0
891,,Towing Group 1,Ballast to Towing Draft,6.0,42500.0,ACTION,6956.936780661056,MooredSubInstallation,,2.0,1.0
892,,Turbine Assembly Line 1,Move Substructure,8.0,0.0,ACTION,6958.936780661056,MooredSubInstallation,,,
893,,Turbine Assembly Line 1,Prepare for Turbine Assembly,12.0,0.0,ACTION,6970.936780661056,MooredSubInstallation,,,
894,,Towing Group 1,Tow Substructure,16.248692111011646,115094.90245299917,ACTION,6973.185472772067,MooredSubInstallation,,2.0,1.0
895,,Turbine Assembly Line 1,Lift and Attach Tower Section,4.0,0.0,ACTION,6974.936780661056,MooredSubInstallation,,,
896,,Towing Group 1,Position Substructure,2.0,14166.666666666668,ACTION,6975.185472772067,MooredSubInstallation,,2.0,1.0
897,,Turbine Assembly Line 1,Lift and Attach Tower Section,4.0,0.0,ACTION,6978.936780661056,MooredSubInstallation,,,
898,,Towing Group 1,Ballast to Operational Draft,6.0,42500.0,ACTION,6981.185472772067,MooredSubInstallation,,2.0,1.0
899,,Turbine Assembly Line 1,Lift and Attach Nacelle,12.0,0.0,ACTION,6990.936780661056,MooredSubInstallation,,,
900,,Turbine Assembly Line 1,Lift and Attach Blade,3.5,0.0,ACTION,6994.436780661056,MooredSubInstallation,,,
901,,Turbine Assembly Line 1,Lift and Attach Blade,3.5,0.0,ACTION,6997.936780661056,MooredSubInstallation,,,
902,,Towing Group 1,"Connect Mooring Lines, Pre-tension and pre-stretch",20.0,141666.6666666667,ACTION,7001.185472772067,MooredSubInstallation,,2.0,1.0
903,,Turbine Assembly Line 1,Lift and Attach Blade,3.5,0.0,ACTION,7001.436780661056,MooredSubInstallation,,,
904,,Towing Group 1,Check Mooring Lines,6.0,42500.0,ACTION,7007.185472772067,MooredSubInstallation,,2.0,1.0
905,,Towing Group 1,Transit,6.383414757897432,45215.85453510682,ACTION,7013.568887529966,MooredSubInstallation,,2.0,1.0
906,,Turbine Assembly Line 1,Mechanical Completion,24.0,0.0,ACTION,7025.436780661056,MooredSubInstallation,,,
907,,Turbine Assembly Line 1,Electrical Completion,72.0,0.0,ACTION,7097.436780661056,MooredSubInstallation,,,
908,,Towing Group 2,Delay: No Completed Turbine Assemblies,391.867893131091,2775730.9096785616,ACTION,7097.436780661056,MooredSubInstallation,,2.0,1.0
909,,Towing Group 2,Ballast to Towing Draft,6.0,42500.0,ACTION,7103.436780661056,MooredSubInstallation,,2.0,1.0
910,,Turbine Assembly Line 1,Move Substructure,8.0,0.0,ACTION,7105.436780661056,MooredSubInstallation,,,
911,,Substructure Assembly Line 1,Substructure Assembly,168.0,0.0,ACTION,7109.936780661056,MooredSubInstallation,,,
912,,Turbine Assembly Line 1,Prepare for Turbine Assembly,12.0,0.0,ACTION,7117.436780661056,MooredSubInstallation,,,
913,,Towing Group 2,Tow Substructure,16.248692111011646,115094.90245299917,ACTION,7119.685472772067,MooredSubInstallation,,2.0,1.0
914,,Turbine Assembly Line 1,Lift and Attach Tower Section,4.0,0.0,ACTION,7121.436780661056,MooredSubInstallation,,,
915,,Towing Group 2,Position Substructure,2.0,14166.666666666668,ACTION,7121.685472772067,MooredSubInstallation,,2.0,1.0
916,,Turbine Assembly Line 1,Lift and Attach Tower Section,4.0,0.0,ACTION,7125.436780661056,MooredSubInstallation,,,
917,,Towing Group 2,Ballast to Operational Draft,6.0,42500.0,ACTION,7127.685472772067,MooredSubInstallation,,2.0,1.0
918,,Turbine Assembly Line 1,Lift and Attach Nacelle,12.0,0.0,ACTION,7137.436780661056,MooredSubInstallation,,,
919,,Turbine Assembly Line 1,Lift and Attach Blade,3.5,0.0,ACTION,7140.936780661056,MooredSubInstallation,,,
920,,Turbine Assembly Line 1,Lift and Attach Blade,3.5,0.0,ACTION,7144.436780661056,MooredSubInstallation,,,
921,,Towing Group 2,"Connect Mooring Lines, Pre-tension and pre-stretch",20.0,141666.6666666667,ACTION,7147.685472772067,MooredSubInstallation,,2.0,1.0
922,,Towing Group 2,Check Mooring Lines,6.0,42500.0,ACTION,7153.685472772067,MooredSubInstallation,,2.0,1.0
923,,Towing Group 2,Transit,1.0,7083.333333333334,ACTION,7154.685472772067,MooredSubInstallation,,2.0,1.0
924,,Towing Group 2,Delay,1.0,7083.333333333334,ACTION,7155.685472772067,MooredSubInstallation,,2.0,1.0
925,,Towing Group 2,Transit,5.383414757897432,38132.52120177348,ACTION,7161.068887529966,MooredSubInstallation,,2.0,1.0
926,,Turbine Assembly Line 1,Delay,24.0,0.0,ACTION,7168.436780661056,MooredSubInstallation,,,
927,,Turbine Assembly Line 1,Lift and Attach Blade,3.5,0.0,ACTION,7171.936780661056,MooredSubInstallation,,,
928,,Turbine Assembly Line 1,Mechanical Completion,24.0,0.0,ACTION,7195.936780661056,MooredSubInstallation,,,
929,,Turbine Assembly Line 1,Electrical Completion,72.0,0.0,ACTION,7267.936780661056,MooredSubInstallation,,,
930,,Towing Group 3,Delay: No Completed Turbine Assemblies,400.867893131091,2839480.9096785616,ACTION,7267.936780661056,MooredSubInstallation,,2.0,1.0
931,,Towing Group 3,Ballast to Towing Draft,6.0,42500.0,ACTION,7273.936780661056,MooredSubInstallation,,2.0,1.0
932,,Turbine Assembly Line 1,Move Substructure,8.0,0.0,ACTION,7275.936780661056,MooredSubInstallation,,,
933,,Substructure Assembly Line 1,Substructure Assembly,168.0,0.0,ACTION,7277.936780661056,MooredSubInstallation,,,
934,,Turbine Assembly Line 1,Prepare for Turbine Assembly,12.0,0.0,ACTION,7287.936780661056,MooredSubInstallation,,,
935,,Towing Group 3,Tow Substructure,16.248692111011646,115094.90245299917,ACTION,7290.185472772067,MooredSubInstallation,,2.0,1.0
936,,Turbine Assembly Line 1,Lift and Attach Tower Section,4.0,0.0,ACTION,7291.936780661056,MooredSubInstallation,,,
937,,Towing Group 3,Position Substructure,2.0,14166.666666666668,ACTION,7292.185472772067,MooredSubInstallation,,2.0,1.0
938,,Turbine Assembly Line 1,Lift and Attach Tower Section,4.0,0.0,ACTION,7295.936780661056,MooredSubInstallation,,,
939,,Towing Group 3,Ballast to Operational Draft,6.0,42500.0,ACTION,7298.185472772067,MooredSubInstallation,,2.0,1.0
940,,Turbine Assembly Line 1,Lift and Attach Nacelle,12.0,0.0,ACTION,7307.936780661056,MooredSubInstallation,,,
941,,Turbine Assembly Line 1,Lift and Attach Blade,3.5,0.0,ACTION,7311.436780661056,MooredSubInstallation,,,
942,,Turbine Assembly Line 1,Lift and Attach Blade,3.5,0.0,ACTION,7314.936780661056,MooredSubInstallation,,,
943,,Towing Group 3,"Connect Mooring Lines, Pre-tension and pre-stretch",20.0,141666.6666666667,ACTION,7318.185472772067,MooredSubInstallation,,2.0,1.0
944,,Turbine Assembly Line 1,Lift and Attach Blade,3.5,0.0,ACTION,7318.436780661056,MooredSubInstallation,,,
945,,Towing Group 3,Check Mooring Lines,6.0,42500.0,ACTION,7324.185472772067,MooredSubInstallation,,2.0,1.0
946,,Towing Group 3,Transit,6.383414757897432,45215.85453510682,ACTION,7330.568887529966,MooredSubInstallation,,2.0,1.0
947,,Turbine Assembly Line 1,Mechanical Completion,24.0,0.0,ACTION,7342.436780661056,MooredSubInstallation,,,
948,,Turbine Assembly Line 1,Electrical Completion,72.0,0.0,ACTION,7414.436780661056,MooredSubInstallation,,,
949,,Towing Group 1,Delay: No Completed Turbine Assemblies,400.867893131091,2839480.9096785616,ACTION,7414.436780661056,MooredSubInstallation,,2.0,1.0
950,,Towing Group 1,Ballast to Towing Draft,6.0,42500.0,ACTION,7420.436780661056,MooredSubInstallation,,2.0,1.0
951,,Turbine Assembly Line 1,Move Substructure,8.0,0.0,ACTION,7422.436780661056,MooredSubInstallation,,,
952,,Turbine Assembly Line 1,Prepare for Turbine Assembly,12.0,0.0,ACTION,7434.436780661056,MooredSubInstallation,,,
953,,Towing Group 1,Tow Substructure,16.248692111011646,115094.90245299917,ACTION,7436.685472772067,MooredSubInstallation,,2.0,1.0
954,,Turbine Assembly Line 1,Lift and Attach Tower Section,4.0,0.0,ACTION,7438.436780661056,MooredSubInstallation,,,
955,,Towing Group 1,Position Substructure,2.0,14166.666666666668,ACTION,7438.685472772067,MooredSubInstallation,,2.0,1.0
956,,Turbine Assembly Line 1,Lift and Attach Tower Section,4.0,0.0,ACTION,7442.436780661056,MooredSubInstallation,,,
957,,Towing Group 1,Ballast to Operational Draft,6.0,42500.0,ACTION,7444.685472772067,MooredSubInstallation,,2.0,1.0
958,,Substructure Assembly Line 1,Substructure Assembly,168.0,0.0,ACTION,7445.936780661056,MooredSubInstallation,,,
959,,Turbine Assembly Line 1,Lift and Attach Nacelle,12.0,0.0,ACTION,7454.436780661056,MooredSubInstallation,,,
960,,Turbine Assembly Line 1,Lift and Attach Blade,3.5,0.0,ACTION,7457.936780661056,MooredSubInstallation,,,
961,,Turbine Assembly Line 1,Lift and Attach Blade,3.5,0.0,ACTION,7461.436780661056,MooredSubInstallation,,,
962,,Towing Group 1,"Connect Mooring Lines, Pre-tension and pre-stretch",20.0,141666.6666666667,ACTION,7464.685472772067,MooredSubInstallation,,2.0,1.0
963,,Towing Group 1,Check Mooring Lines,6.0,42500.0,ACTION,7470.685472772067,MooredSubInstallation,,2.0,1.0
964,,Towing Group 1,Transit,1.0,7083.333333333334,ACTION,7471.685472772067,MooredSubInstallation,,2.0,1.0
965,,Towing Group 1,Delay,31.0,219583.33333333334,ACTION,7502.685472772067,MooredSubInstallation,,2.0,1.0
966,,Turbine Assembly Line 1,Delay,43.0,0.0,ACTION,7504.436780661056,MooredSubInstallation,,,
967,,Turbine Assembly Line 1,Lift and Attach Blade,3.5,0.0,ACTION,7507.936780661056,MooredSubInstallation,,,
968,,Towing Group 1,Transit,5.383414757897432,38132.52120177348,ACTION,7508.068887529966,MooredSubInstallation,,2.0,1.0
969,,Turbine Assembly Line 1,Mechanical Completion,24.0,0.0,ACTION,7531.936780661056,MooredSubInstallation,,,
970,,Turbine Assembly Line 1,Delay,52.0,0.0,ACTION,7583.936780661056,MooredSubInstallation,,,
971,,Substructure Assembly Line 1,Substructure Assembly,168.0,0.0,ACTION,7613.936780661056,MooredSubInstallation,,,
972,,Turbine Assembly Line 1,Electrical Completion,72.0,0.0,ACTION,7655.936780661056,MooredSubInstallation,,,
973,,Towing Group 2,Delay: No Completed Turbine Assemblies,494.867893131091,3505314.243011895,ACTION,7655.936780661056,MooredSubInstallation,,2.0,1.0
974,,Turbine Assembly Line 1,Move Substructure,8.0,0.0,ACTION,7663.936780661056,MooredSubInstallation,,,
975,,Turbine Assembly Line 1,Prepare for Turbine Assembly,12.0,0.0,ACTION,7675.936780661056,MooredSubInstallation,,,
976,,Turbine Assembly Line 1,Delay,3.0,0.0,ACTION,7678.936780661056,MooredSubInstallation,,,
977,,Towing Group 2,Delay,24.0,170000.0,ACTION,7679.936780661056,MooredSubInstallation,,2.0,1.0
978,,Turbine Assembly Line 1,Lift and Attach Tower Section,4.0,0.0,ACTION,7682.936780661056,MooredSubInstallation,,,
979,,Towing Group 2,Ballast to Towing Draft,6.0,42500.0,ACTION,7685.936780661056,MooredSubInstallation,,2.0,1.0
980,,Turbine Assembly Line 1,Lift and Attach Tower Section,4.0,0.0,ACTION,7686.936780661056,MooredSubInstallation,,,
981,,Turbine Assembly Line 1,Lift and Attach Nacelle,12.0,0.0,ACTION,7698.936780661056,MooredSubInstallation,,,
982,,Towing Group 2,Tow Substructure,16.248692111011646,115094.90245299917,ACTION,7702.185472772067,MooredSubInstallation,,2.0,1.0
983,,Turbine Assembly Line 1,Lift and Attach Blade,3.5,0.0,ACTION,7702.436780661056,MooredSubInstallation,,,
984,,Towing Group 2,Position Substructure,2.0,14166.666666666668,ACTION,7704.185472772067,MooredSubInstallation,,2.0,1.0
985,,Turbine Assembly Line 1,Lift and Attach Blade,3.5,0.0,ACTION,7705.936780661056,MooredSubInstallation,,,
986,,Turbine Assembly Line 1,Lift and Attach Blade,3.5,0.0,ACTION,7709.436780661056,MooredSubInstallation,,,
987,,Towing Group 2,Ballast to Operational Draft,6.0,42500.0,ACTION,7710.185472772067,MooredSubInstallation,,2.0,1.0
988,,Towing Group 2,"Connect Mooring Lines, Pre-tension and pre-stretch",20.0,141666.6666666667,ACTION,7730.185472772067,MooredSubInstallation,,2.0,1.0
989,,Turbine Assembly Line 1,Mechanical Completion,24.0,0.0,ACTION,7733.436780661056,MooredSubInstallation,,,
990,,Towing Group 2,Check Mooring Lines,6.0,42500.0,ACTION,7736.185472772067,MooredSubInstallation,,2.0,1.0
991,,Towing Group 2,Transit,6.383414757897432,45215.85453510682,ACTION,7742.568887529966,MooredSubInstallation,,2.0,1.0
992,,Substructure Assembly Line 1,Substructure Assembly,168.0,0.0,ACTION,7781.936780661056,MooredSubInstallation,,,
993,,Turbine Assembly Line 1,Delay,51.0,0.0,ACTION,7784.436780661056,MooredSubInstallation,,,
994,,Turbine Assembly Line 1,Electrical Completion,72.0,0.0,ACTION,7856.436780661056,MooredSubInstallation,,,
995,,Towing Group 3,Delay: No Completed Turbine Assemblies,525.867893131091,3724897.5763452286,ACTION,7856.436780661056,MooredSubInstallation,,2.0,1.0
996,,Towing Group 3,Ballast to Towing Draft,6.0,42500.0,ACTION,7862.436780661056,MooredSubInstallation,,2.0,1.0
997,,Turbine Assembly Line 1,Move Substructure,8.0,0.0,ACTION,7864.436780661056,MooredSubInstallation,,,
998,,Turbine Assembly Line 1,Prepare for Turbine Assembly,12.0,0.0,ACTION,7876.436780661056,MooredSubInstallation,,,
999,,Towing Group 3,Tow Substructure,16.248692111011646,115094.90245299917,ACTION,7878.685472772067,MooredSubInstallation,,2.0,1.0
1000,,Turbine Assembly Line 1,Lift and Attach Tower Section,4.0,0.0,ACTION,7880.436780661056,MooredSubInstallation,,,
1001,,Towing Group 3,Position Substructure,2.0,14166.666666666668,ACTION,7880.685472772067,MooredSubInstallation,,2.0,1.0
1002,,Turbine Assembly Line 1,Lift and Attach Tower Section,4.0,0.0,ACTION,7884.436780661056,MooredSubInstallation,,,
1003,,Towing Group 3,Ballast to Operational Draft,6.0,42500.0,ACTION,7886.685472772067,MooredSubInstallation,,2.0,1.0
1004,,Turbine Assembly Line 1,Lift and Attach Nacelle,12.0,0.0,ACTION,7896.436780661056,MooredSubInstallation,,,
1005,,Turbine Assembly Line 1,Lift and Attach Blade,3.5,0.0,ACTION,7899.936780661056,MooredSubInstallation,,,
1006,,Turbine Assembly Line 1,Lift and Attach Blade,3.5,0.0,ACTION,7903.436780661056,MooredSubInstallation,,,
1007,,Towing Group 3,"Connect Mooring Lines, Pre-tension and pre-stretch",20.0,141666.6666666667,ACTION,7906.685472772067,MooredSubInstallation,,2.0,1.0
1008,,Turbine Assembly Line 1,Lift and Attach Blade,3.5,0.0,ACTION,7906.936780661056,MooredSubInstallation,,,
1009,,Towing Group 3,Check Mooring Lines,6.0,42500.0,ACTION,7912.685472772067,MooredSubInstallation,,2.0,1.0
1010,,Towing Group 3,Transit,6.383414757897432,45215.85453510682,ACTION,7919.068887529966,MooredSubInstallation,,2.0,1.0
1011,,Turbine Assembly Line 1,Mechanical Completion,24.0,0.0,ACTION,7930.936780661056,MooredSubInstallation,,,
1012,,Substructure Assembly Line 1,Substructure Assembly,168.0,0.0,ACTION,7949.936780661056,MooredSubInstallation,,,
1013,,Turbine Assembly Line 1,Electrical Completion,72.0,0.0,ACTION,8002.936780661056,MooredSubInstallation,,,
1014,,Towing Group 1,Delay: No Completed Turbine Assemblies,494.867893131091,3505314.243011895,ACTION,8002.936780661056,MooredSubInstallation,,2.0,1.0
1015,,Towing Group 1,Ballast to Towing Draft,6.0,42500.0,ACTION,8008.936780661056,MooredSubInstallation,,2.0,1.0
1016,,Turbine Assembly Line 1,Move Substructure,8.0,0.0,ACTION,8010.936780661056,MooredSubInstallation,,,
1017,,Towing Group 1,Delay,13.0,92083.33333333334,ACTION,8021.936780661056,MooredSubInstallation,,2.0,1.0
1018,,Turbine Assembly Line 1,Prepare for Turbine Assembly,12.0,0.0,ACTION,8022.936780661056,MooredSubInstallation,,,
1019,,Turbine Assembly Line 1,Lift and Attach Tower Section,4.0,0.0,ACTION,8026.936780661056,MooredSubInstallation,,,
1020,,Turbine Assembly Line 1,Lift and Attach Tower Section,4.0,0.0,ACTION,8030.936780661056,MooredSubInstallation,,,
1021,,Towing Group 1,Tow Substructure,16.248692111011646,115094.90245299917,ACTION,8038.185472772067,MooredSubInstallation,,2.0,1.0
1022,,Towing Group 1,Position Substructure,2.0,14166.666666666668,ACTION,8040.185472772067,MooredSubInstallation,,2.0,1.0
1023,,Towing Group 1,Delay,9.0,63750.00000000001,ACTION,8049.185472772067,MooredSubInstallation,,2.0,1.0
1024,,Turbine Assembly Line 1,Delay,19.0,0.0,ACTION,8049.936780661056,MooredSubInstallation,,,
1025,,Towing Group 1,Ballast to Operational Draft,6.0,42500.0,ACTION,8055.185472772067,MooredSubInstallation,,2.0,1.0
1026,,Turbine Assembly Line 1,Lift and Attach Nacelle,12.0,0.0,ACTION,8061.936780661056,MooredSubInstallation,,,
1027,,Turbine Assembly Line 1,Lift and Attach Blade,3.5,0.0,ACTION,8065.436780661056,MooredSubInstallation,,,
1028,,Turbine Assembly Line 1,Lift and Attach Blade,3.5,0.0,ACTION,8068.936780661056,MooredSubInstallation,,,
1029,,Turbine Assembly Line 1,Lift and Attach Blade,3.5,0.0,ACTION,8072.436780661056,MooredSubInstallation,,,
1030,,Towing Group 1,"Connect Mooring Lines, Pre-tension and pre-stretch",20.0,141666.6666666667,ACTION,8075.185472772067,MooredSubInstallation,,2.0,1.0
1031,,Towing Group 1,Check Mooring Lines,6.0,42500.0,ACTION,8081.185472772067,MooredSubInstallation,,2.0,1.0
1032,,Towing Group 1,Transit,6.383414757897432,45215.85453510682,ACTION,8087.568887529965,MooredSubInstallation,,2.0,1.0
1033,,Turbine Assembly Line 1,Mechanical Completion,24.0,0.0,ACTION,8096.436780661056,MooredSubInstallation,,,
1034,,Substructure Assembly Line 1,Substructure Assembly,168.0,0.0,ACTION,8117.936780661056,MooredSubInstallation,,,
1035,,Turbine Assembly Line 1,Electrical Completion,72.0,0.0,ACTION,8168.436780661056,MooredSubInstallation,,,
1036,,Towing Group 2,Delay: No Completed Turbine Assemblies,425.867893131091,3016564.243011895,ACTION,8168.436780661056,MooredSubInstallation,,2.0,1.0
1037,,Towing Group 2,Ballast to Towing Draft,6.0,42500.0,ACTION,8174.436780661056,MooredSubInstallation,,2.0,1.0
1038,,Turbine Assembly Line 1,Move Substructure,8.0,0.0,ACTION,8176.436780661056,MooredSubInstallation,,,
1039,,Turbine Assembly Line 1,Prepare for Turbine Assembly,12.0,0.0,ACTION,8188.436780661056,MooredSubInstallation,,,
1040,,Towing Group 2,Tow Substructure,16.248692111011646,115094.90245299917,ACTION,8190.685472772067,MooredSubInstallation,,2.0,1.0
1041,,Turbine Assembly Line 1,Lift and Attach Tower Section,4.0,0.0,ACTION,8192.436780661057,MooredSubInstallation,,,
1042,,Towing Group 2,Position Substructure,2.0,14166.666666666668,ACTION,8192.685472772067,MooredSubInstallation,,2.0,1.0
1043,,Turbine Assembly Line 1,Lift and Attach Tower Section,4.0,0.0,ACTION,8196.436780661057,MooredSubInstallation,,,
1044,,Towing Group 2,Ballast to Operational Draft,6.0,42500.0,ACTION,8198.685472772067,MooredSubInstallation,,2.0,1.0
1045,,Turbine Assembly Line 1,Lift and Attach Nacelle,12.0,0.0,ACTION,8208.436780661057,MooredSubInstallation,,,
1046,,Turbine Assembly Line 1,Delay,10.0,0.0,ACTION,8218.436780661057,MooredSubInstallation,,,
1047,,Towing Group 2,"Connect Mooring Lines, Pre-tension and pre-stretch",20.0,141666.6666666667,ACTION,8218.685472772067,MooredSubInstallation,,2.0,1.0
1048,,Turbine Assembly Line 1,Lift and Attach Blade,3.5,0.0,ACTION,8221.936780661057,MooredSubInstallation,,,
1049,,Towing Group 2,Check Mooring Lines,6.0,42500.0,ACTION,8224.685472772067,MooredSubInstallation,,2.0,1.0
1050,,Turbine Assembly Line 1,Lift and Attach Blade,3.5,0.0,ACTION,8225.436780661057,MooredSubInstallation,,,
1051,,Turbine Assembly Line 1,Lift and Attach Blade,3.5,0.0,ACTION,8228.936780661057,MooredSubInstallation,,,
1052,,Towing Group 2,Transit,6.383414757897432,45215.85453510682,ACTION,8231.068887529964,MooredSubInstallation,,2.0,1.0
1053,,Turbine Assembly Line 1,Mechanical Completion,24.0,0.0,ACTION,8252.936780661057,MooredSubInstallation,,,
1054,,Substructure Assembly Line 1,Substructure Assembly,168.0,0.0,ACTION,8285.936780661057,MooredSubInstallation,,,
1055,,Turbine Assembly Line 1,Electrical Completion,72.0,0.0,ACTION,8324.936780661057,MooredSubInstallation,,,
1056,,Towing Group 3,Delay: No Completed Turbine Assemblies,405.867893131091,2874897.576345228,ACTION,8324.936780661057,MooredSubInstallation,,2.0,1.0
1057,,Towing Group 3,Ballast to Towing Draft,6.0,42500.0,ACTION,8330.936780661057,MooredSubInstallation,,2.0,1.0
1058,,Turbine Assembly Line 1,Move Substructure,8.0,0.0,ACTION,8332.936780661057,MooredSubInstallation,,,
1059,,Turbine Assembly Line 1,Prepare for Turbine Assembly,12.0,0.0,ACTION,8344.936780661057,MooredSubInstallation,,,
1060,,Towing Group 3,Tow Substructure,16.248692111011646,115094.90245299917,ACTION,8347.185472772067,MooredSubInstallation,,2.0,1.0
1061,,Turbine Assembly Line 1,Lift and Attach Tower Section,4.0,0.0,ACTION,8348.936780661057,MooredSubInstallation,,,
1062,,Towing Group 3,Position Substructure,2.0,14166.666666666668,ACTION,8349.185472772067,MooredSubInstallation,,2.0,1.0
1063,,Turbine Assembly Line 1,Lift and Attach Tower Section,4.0,0.0,ACTION,8352.936780661057,MooredSubInstallation,,,
1064,,Towing Group 3,Ballast to Operational Draft,6.0,42500.0,ACTION,8355.185472772067,MooredSubInstallation,,2.0,1.0
1065,,Turbine Assembly Line 1,Lift and Attach Nacelle,12.0,0.0,ACTION,8364.936780661057,MooredSubInstallation,,,
1066,,Turbine Assembly Line 1,Lift and Attach Blade,3.5,0.0,ACTION,8368.436780661057,MooredSubInstallation,,,
1067,,Turbine Assembly Line 1,Lift and Attach Blade,3.5,0.0,ACTION,8371.936780661057,MooredSubInstallation,,,
1068,,Towing Group 3,"Connect Mooring Lines, Pre-tension and pre-stretch",20.0,141666.6666666667,ACTION,8375.185472772067,MooredSubInstallation,,2.0,1.0
1069,,Turbine Assembly Line 1,Lift and Attach Blade,3.5,0.0,ACTION,8375.436780661057,MooredSubInstallation,,,
1070,,Towing Group 3,Check Mooring Lines,6.0,42500.0,ACTION,8381.185472772067,MooredSubInstallation,,2.0,1.0
1071,,Towing Group 3,Transit,6.383414757897432,45215.85453510682,ACTION,8387.568887529964,MooredSubInstallation,,2.0,1.0
1072,,Turbine Assembly Line 1,Mechanical Completion,24.0,0.0,ACTION,8399.436780661057,MooredSubInstallation,,,
1073,,Substructure Assembly Line 1,Substructure Assembly,168.0,0.0,ACTION,8453.936780661057,MooredSubInstallation,,,
1074,,Turbine Assembly Line 1,Electrical Completion,72.0,0.0,ACTION,8471.436780661057,MooredSubInstallation,,,
1075,,Towing Group 1,Delay: No Completed Turbine Assemblies,383.8678931310915,2719064.2430118984,ACTION,8471.436780661057,MooredSubInstallation,,2.0,1.0
1076,,Turbine Assembly Line 1,Move Substructure,8.0,0.0,ACTION,8479.436780661057,MooredSubInstallation,,,
1077,,Turbine Assembly Line 1,Prepare for Turbine Assembly,12.0,0.0,ACTION,8491.436780661057,MooredSubInstallation,,,
1078,,Towing Group 1,Delay,47.0,332916.6666666667,ACTION,8518.436780661057,MooredSubInstallation,,2.0,1.0
1079,,Turbine Assembly Line 1,Delay,27.0,0.0,ACTION,8518.436780661057,MooredSubInstallation,,,
1080,,Turbine Assembly Line 1,Lift and Attach Tower Section,4.0,0.0,ACTION,8522.436780661057,MooredSubInstallation,,,
1081,,Towing Group 1,Ballast to Towing Draft,6.0,42500.0,ACTION,8524.436780661057,MooredSubInstallation,,2.0,1.0
1082,,Turbine Assembly Line 1,Lift and Attach Tower Section,4.0,0.0,ACTION,8526.436780661057,MooredSubInstallation,,,
1083,,Turbine Assembly Line 1,Lift and Attach Nacelle,12.0,0.0,ACTION,8538.436780661057,MooredSubInstallation,,,
1084,,Towing Group 1,Tow Substructure,16.248692111011646,115094.90245299917,ACTION,8540.685472772067,MooredSubInstallation,,2.0,1.0
1085,,Turbine Assembly Line 1,Lift and Attach Blade,3.5,0.0,ACTION,8541.936780661057,MooredSubInstallation,,,
1086,,Towing Group 1,Position Substructure,2.0,14166.666666666668,ACTION,8542.685472772067,MooredSubInstallation,,2.0,1.0
1087,,Turbine Assembly Line 1,Lift and Attach Blade,3.5,0.0,ACTION,8545.436780661057,MooredSubInstallation,,,
1088,,Towing Group 1,Ballast to Operational Draft,6.0,42500.0,ACTION,8548.685472772067,MooredSubInstallation,,2.0,1.0
1089,,Turbine Assembly Line 1,Lift and Attach Blade,3.5,0.0,ACTION,8548.936780661057,MooredSubInstallation,,,
1090,,Towing Group 1,"Connect Mooring Lines, Pre-tension and pre-stretch",13.0,92083.33333333334,ACTION,8561.685472772067,MooredSubInstallation,,2.0,1.0
1091,,Turbine Assembly Line 1,Delay,23.0,0.0,ACTION,8571.936780661057,MooredSubInstallation,,,
1092,,Towing Group 1,Delay,11.0,77916.66666666667,ACTION,8572.685472772067,MooredSubInstallation,,2.0,1.0
1093,,Towing Group 1,"Connect Mooring Lines, Pre-tension and pre-stretch",7.0,49583.333333333336,ACTION,8579.685472772067,MooredSubInstallation,,2.0,1.0
1094,,Towing Group 1,Check Mooring Lines,6.0,42500.0,ACTION,8585.685472772067,MooredSubInstallation,,2.0,1.0
1095,,Towing Group 1,Transit,6.383414757897432,45215.85453510682,ACTION,8592.068887529964,MooredSubInstallation,,2.0,1.0
1096,,Turbine Assembly Line 1,Mechanical Completion,24.0,0.0,ACTION,8595.936780661057,MooredSubInstallation,,,
1097,,Substructure Assembly Line 1,Substructure Assembly,168.0,0.0,ACTION,8621.936780661057,MooredSubInstallation,,,
1098,,Turbine Assembly Line 1,Delay,64.0,0.0,ACTION,8659.936780661057,MooredSubInstallation,,,
1099,,Turbine Assembly Line 1,Electrical Completion,72.0,0.0,ACTION,8731.936780661057,MooredSubInstallation,,,
1100,,Towing Group 2,Delay: No Completed Turbine Assemblies,500.8678931310915,3547814.2430118984,ACTION,8731.936780661057,MooredSubInstallation,,2.0,1.0
1101,,Towing Group 2,Ballast to Towing Draft,6.0,42500.0,ACTION,8737.936780661057,MooredSubInstallation,,2.0,1.0
1102,,Turbine Assembly Line 1,Move Substructure,8.0,0.0,ACTION,8739.936780661057,MooredSubInstallation,,,
1103,,Turbine Assembly Line 1,Prepare for Turbine Assembly,12.0,0.0,ACTION,8751.936780661057,MooredSubInstallation,,,
1104,,Towing Group 2,Tow Substructure,16.248692111011646,115094.90245299917,ACTION,8754.185472772067,MooredSubInstallation,,2.0,1.0
1105,,Turbine Assembly Line 1,Lift and Attach Tower Section,4.0,0.0,ACTION,8755.936780661057,MooredSubInstallation,,,
1106,,Towing Group 2,Position Substructure,2.0,14166.666666666668,ACTION,8756.185472772067,MooredSubInstallation,,2.0,1.0
1107,,Turbine Assembly Line 1,Lift and Attach Tower Section,4.0,0.0,ACTION,8759.936780661057,MooredSubInstallation,,,
1108,,Towing Group 2,Ballast to Operational Draft,6.0,42500.0,ACTION,8762.185472772067,MooredSubInstallation,,2.0,1.0
1109,,Turbine Assembly Line 1,Lift and Attach Nacelle,12.0,0.0,ACTION,8771.936780661057,MooredSubInstallation,,,
1110,,Turbine Assembly Line 1,Lift and Attach Blade,3.5,0.0,ACTION,8775.436780661057,MooredSubInstallation,,,
1111,,Turbine Assembly Line 1,Lift and Attach Blade,3.5,0.0,ACTION,8778.936780661057,MooredSubInstallation,,,
1112,,Towing Group 2,"Connect Mooring Lines, Pre-tension and pre-stretch",20.0,141666.6666666667,ACTION,8782.185472772067,MooredSubInstallation,,2.0,1.0
1113,,Turbine Assembly Line 1,Lift and Attach Blade,3.5,0.0,ACTION,8782.436780661057,MooredSubInstallation,,,
1114,,Towing Group 2,Check Mooring Lines,6.0,42500.0,ACTION,8788.185472772067,MooredSubInstallation,,2.0,1.0
1115,,Substructure Assembly Line 1,Substructure Assembly,168.0,0.0,ACTION,8789.936780661057,MooredSubInstallation,,,
1116,,Towing Group 2,Transit,6.383414757897432,45215.85453510682,ACTION,8794.568887529964,MooredSubInstallation,,2.0,1.0
1117,,Turbine Assembly Line 1,Mechanical Completion,24.0,0.0,ACTION,8806.436780661057,MooredSubInstallation,,,
1118,,Turbine Assembly Line 1,Electrical Completion,72.0,0.0,ACTION,8878.436780661057,MooredSubInstallation,,,
1119,,Towing Group 3,Delay: No Completed Turbine Assemblies,490.8678931310915,3476980.909678565,ACTION,8878.436780661057,MooredSubInstallation,,2.0,1.0
1120,,Towing Group 3,Ballast to Towing Draft,6.0,42500.0,ACTION,8884.436780661057,MooredSubInstallation,,2.0,1.0
1121,,Turbine Assembly Line 1,Move Substructure,8.0,0.0,ACTION,8886.436780661057,MooredSubInstallation,,,
1122,,Turbine Assembly Line 1,Prepare for Turbine Assembly,12.0,0.0,ACTION,8898.436780661057,MooredSubInstallation,,,
1123,,Towing Group 3,Delay,27.0,191250.00000000003,ACTION,8911.436780661057,MooredSubInstallation,,2.0,1.0
1124,,Turbine Assembly Line 1,Delay,13.0,0.0,ACTION,8911.436780661057,MooredSubInstallation,,,
1125,,Turbine Assembly Line 1,Lift and Attach Tower Section,4.0,0.0,ACTION,8915.436780661057,MooredSubInstallation,,,
1126,,Turbine Assembly Line 1,Lift and Attach Tower Section,4.0,0.0,ACTION,8919.436780661057,MooredSubInstallation,,,
1127,,Towing Group 3,Tow Substructure,16.248692111011646,115094.90245299917,ACTION,8927.685472772067,MooredSubInstallation,,2.0,1.0
1128,,Towing Group 3,Position Substructure,2.0,14166.666666666668,ACTION,8929.685472772067,MooredSubInstallation,,2.0,1.0
1129,,Turbine Assembly Line 1,Lift and Attach Nacelle,12.0,0.0,ACTION,8931.436780661057,MooredSubInstallation,,,
1130,,Turbine Assembly Line 1,Lift and Attach Blade,3.5,0.0,ACTION,8934.936780661057,MooredSubInstallation,,,
1131,,Towing Group 3,Ballast to Operational Draft,6.0,42500.0,ACTION,8935.685472772067,MooredSubInstallation,,2.0,1.0
1132,,Turbine Assembly Line 1,Lift and Attach Blade,3.5,0.0,ACTION,8938.436780661057,MooredSubInstallation,,,
1133,,Turbine Assembly Line 1,Lift and Attach Blade,3.5,0.0,ACTION,8941.936780661057,MooredSubInstallation,,,
1134,,Towing Group 3,"Connect Mooring Lines, Pre-tension and pre-stretch",20.0,141666.6666666667,ACTION,8955.685472772067,MooredSubInstallation,,2.0,1.0
1135,,Substructure Assembly Line 1,Substructure Assembly,168.0,0.0,ACTION,8957.936780661057,MooredSubInstallation,,,
1136,,Towing Group 3,Check Mooring Lines,6.0,42500.0,ACTION,8961.685472772067,MooredSubInstallation,,2.0,1.0
1137,,Turbine Assembly Line 1,Mechanical Completion,24.0,0.0,ACTION,8965.936780661057,MooredSubInstallation,,,
1138,,Towing Group 3,Transit,6.383414757897432,45215.85453510682,ACTION,8968.068887529964,MooredSubInstallation,,2.0,1.0
1139,,Turbine Assembly Line 1,Electrical Completion,72.0,0.0,ACTION,9037.936780661057,MooredSubInstallation,,,
1140,,Towing Group 1,Delay: No Completed Turbine Assemblies,445.8678931310915,3158230.909678565,ACTION,9037.936780661057,MooredSubInstallation,,2.0,1.0
1141,,Towing Group 1,Ballast to Towing Draft,6.0,42500.0,ACTION,9043.936780661057,MooredSubInstallation,,2.0,1.0
1142,,Turbine Assembly Line 1,Move Substructure,8.0,0.0,ACTION,9045.936780661057,MooredSubInstallation,,,
1143,,Turbine Assembly Line 1,Prepare for Turbine Assembly,12.0,0.0,ACTION,9057.936780661057,MooredSubInstallation,,,
1144,,Towing Group 1,Delay,31.0,219583.33333333334,ACTION,9074.936780661057,MooredSubInstallation,,2.0,1.0
1145,,Turbine Assembly Line 1,Delay,17.0,0.0,ACTION,9074.936780661057,MooredSubInstallation,,,
1146,,Turbine Assembly Line 1,Lift and Attach Tower Section,4.0,0.0,ACTION,9078.936780661057,MooredSubInstallation,,,
1147,,Turbine Assembly Line 1,Lift and Attach Tower Section,4.0,0.0,ACTION,9082.936780661057,MooredSubInstallation,,,
1148,,Towing Group 1,Tow Substructure,16.248692111011646,115094.90245299917,ACTION,9091.185472772067,MooredSubInstallation,,2.0,1.0
1149,,Towing Group 1,Position Substructure,2.0,14166.666666666668,ACTION,9093.185472772067,MooredSubInstallation,,2.0,1.0
1150,,Turbine Assembly Line 1,Lift and Attach Nacelle,12.0,0.0,ACTION,9094.936780661057,MooredSubInstallation,,,
1151,,Turbine Assembly Line 1,Lift and Attach Blade,3.5,0.0,ACTION,9098.436780661057,MooredSubInstallation,,,
1152,,Towing Group 1,Ballast to Operational Draft,6.0,42500.0,ACTION,9099.185472772067,MooredSubInstallation,,2.0,1.0
1153,,Turbine Assembly Line 1,Lift and Attach Blade,3.5,0.0,ACTION,9101.936780661057,MooredSubInstallation,,,
1154,,Turbine Assembly Line 1,Lift and Attach Blade,3.5,0.0,ACTION,9105.436780661057,MooredSubInstallation,,,
1155,,Towing Group 1,"Connect Mooring Lines, Pre-tension and pre-stretch",20.0,141666.6666666667,ACTION,9119.185472772067,MooredSubInstallation,,2.0,1.0
1156,,Towing Group 1,Check Mooring Lines,6.0,42500.0,ACTION,9125.185472772067,MooredSubInstallation,,2.0,1.0
1157,,Substructure Assembly Line 1,Substructure Assembly,168.0,0.0,ACTION,9125.936780661057,MooredSubInstallation,,,
1158,,Turbine Assembly Line 1,Mechanical Completion,24.0,0.0,ACTION,9129.436780661057,MooredSubInstallation,,,
1159,,Towing Group 1,Transit,6.383414757897432,45215.85453510682,ACTION,9131.568887529964,MooredSubInstallation,,2.0,1.0
1160,,Turbine Assembly Line 1,Electrical Completion,72.0,0.0,ACTION,9201.436780661057,MooredSubInstallation,,,
1161,,Towing Group 2,Delay: No Completed Turbine Assemblies,406.8678931310915,2881980.909678565,ACTION,9201.436780661057,MooredSubInstallation,,2.0,1.0
1162,,Towing Group 2,Ballast to Towing Draft,6.0,42500.0,ACTION,9207.436780661057,MooredSubInstallation,,2.0,1.0
1163,,Turbine Assembly Line 1,Move Substructure,8.0,0.0,ACTION,9209.436780661057,MooredSubInstallation,,,
1164,,Turbine Assembly Line 1,Prepare for Turbine Assembly,12.0,0.0,ACTION,9221.436780661057,MooredSubInstallation,,,
1165,,Towing Group 2,Tow Substructure,16.248692111011646,115094.90245299917,ACTION,9223.685472772067,MooredSubInstallation,,2.0,1.0
1166,,Turbine Assembly Line 1,Lift and Attach Tower Section,4.0,0.0,ACTION,9225.436780661057,MooredSubInstallation,,,
1167,,Towing Group 2,Position Substructure,2.0,14166.666666666668,ACTION,9225.685472772067,MooredSubInstallation,,2.0,1.0
1168,,Turbine Assembly Line 1,Lift and Attach Tower Section,4.0,0.0,ACTION,9229.436780661057,MooredSubInstallation,,,
1169,,Towing Group 2,Ballast to Operational Draft,6.0,42500.0,ACTION,9231.685472772067,MooredSubInstallation,,2.0,1.0
1170,,Turbine Assembly Line 1,Lift and Attach Nacelle,12.0,0.0,ACTION,9241.436780661057,MooredSubInstallation,,,
1171,,Turbine Assembly Line 1,Delay,3.0,0.0,ACTION,9244.436780661057,MooredSubInstallation,,,
1172,,Turbine Assembly Line 1,Lift and Attach Blade,3.5,0.0,ACTION,9247.936780661057,MooredSubInstallation,,,
1173,,Turbine Assembly Line 1,Lift and Attach Blade,3.5,0.0,ACTION,9251.436780661057,MooredSubInstallation,,,
1174,,Towing Group 2,"Connect Mooring Lines, Pre-tension and pre-stretch",20.0,141666.6666666667,ACTION,9251.685472772067,MooredSubInstallation,,2.0,1.0
1175,,Turbine Assembly Line 1,Lift and Attach Blade,3.5,0.0,ACTION,9254.936780661057,MooredSubInstallation,,,
1176,,Towing Group 2,Check Mooring Lines,6.0,42500.0,ACTION,9257.685472772067,MooredSubInstallation,,2.0,1.0
1177,,Towing Group 2,Transit,6.383414757897432,45215.85453510682,ACTION,9264.068887529964,MooredSubInstallation,,2.0,1.0
1178,,Turbine Assembly Line 1,Mechanical Completion,24.0,0.0,ACTION,9278.936780661057,MooredSubInstallation,,,
1179,,Substructure Assembly Line 1,Substructure Assembly,168.0,0.0,ACTION,9293.936780661057,MooredSubInstallation,,,
1180,,Turbine Assembly Line 1,Electrical Completion,72.0,0.0,ACTION,9350.936780661057,MooredSubInstallation,,,
1181,,Towing Group 3,Delay: No Completed Turbine Assemblies,382.8678931310915,2711980.909678565,ACTION,9350.936780661057,MooredSubInstallation,,2.0,1.0
1182,,Towing Group 3,Ballast to Towing Draft,6.0,42500.0,ACTION,9356.936780661057,MooredSubInstallation,,2.0,1.0
1183,,Turbine Assembly Line 1,Move Substructure,8.0,0.0,ACTION,9358.936780661057,MooredSubInstallation,,,
1184,,Turbine Assembly Line 1,Prepare for Turbine Assembly,12.0,0.0,ACTION,9370.936780661057,MooredSubInstallation,,,
1185,,Towing Group 3,Tow Substructure,16.248692111011646,115094.90245299917,ACTION,9373.185472772067,MooredSubInstallation,,2.0,1.0
1186,,Turbine Assembly Line 1,Lift and Attach Tower Section,4.0,0.0,ACTION,9374.936780661057,MooredSubInstallation,,,
1187,,Towing Group 3,Position Substructure,2.0,14166.666666666668,ACTION,9375.185472772067,MooredSubInstallation,,2.0,1.0
1188,,Turbine Assembly Line 1,Lift and Attach Tower Section,4.0,0.0,ACTION,9378.936780661057,MooredSubInstallation,,,
1189,,Towing Group 3,Ballast to Operational Draft,6.0,42500.0,ACTION,9381.185472772067,MooredSubInstallation,,2.0,1.0
1190,,Turbine Assembly Line 1,Lift and Attach Nacelle,12.0,0.0,ACTION,9390.936780661057,MooredSubInstallation,,,
1191,,Towing Group 3,"Connect Mooring Lines, Pre-tension and pre-stretch",20.0,141666.6666666667,ACTION,9401.185472772067,MooredSubInstallation,,2.0,1.0
1192,,Turbine Assembly Line 1,Delay,15.0,0.0,ACTION,9405.936780661057,MooredSubInstallation,,,
1193,,Towing Group 3,Check Mooring Lines,6.0,42500.0,ACTION,9407.185472772067,MooredSubInstallation,,2.0,1.0
1194,,Turbine Assembly Line 1,Lift and Attach Blade,3.5,0.0,ACTION,9409.436780661057,MooredSubInstallation,,,
1195,,Turbine Assembly Line 1,Lift and Attach Blade,3.5,0.0,ACTION,9412.936780661057,MooredSubInstallation,,,
1196,,Towing Group 3,Transit,6.383414757897432,45215.85453510682,ACTION,9413.568887529964,MooredSubInstallation,,2.0,1.0
1197,,Turbine Assembly Line 1,Lift and Attach Blade,3.5,0.0,ACTION,9416.436780661057,MooredSubInstallation,,,
1198,,Turbine Assembly Line 1,Mechanical Completion,24.0,0.0,ACTION,9440.436780661057,MooredSubInstallation,,,
1199,,Substructure Assembly Line 1,Substructure Assembly,168.0,0.0,ACTION,9461.936780661057,MooredSubInstallation,,,
1200,,Turbine Assembly Line 1,Electrical Completion,72.0,0.0,ACTION,9512.436780661057,MooredSubInstallation,,,
1201,,Towing Group 1,Delay: No Completed Turbine Assemblies,380.8678931310915,2697814.2430118984,ACTION,9512.436780661057,MooredSubInstallation,,2.0,1.0
1202,,Towing Group 1,Ballast to Towing Draft,6.0,42500.0,ACTION,9518.436780661057,MooredSubInstallation,,2.0,1.0
1203,,Turbine Assembly Line 1,Move Substructure,8.0,0.0,ACTION,9520.436780661057,MooredSubInstallation,,,
1204,,Turbine Assembly Line 1,Prepare for Turbine Assembly,12.0,0.0,ACTION,9532.436780661057,MooredSubInstallation,,,
1205,,Towing Group 1,Tow Substructure,16.248692111011646,115094.90245299917,ACTION,9534.685472772067,MooredSubInstallation,,2.0,1.0
1206,,Turbine Assembly Line 1,Lift and Attach Tower Section,4.0,0.0,ACTION,9536.436780661057,MooredSubInstallation,,,
1207,,Towing Group 1,Position Substructure,2.0,14166.666666666668,ACTION,9536.685472772067,MooredSubInstallation,,2.0,1.0
1208,,Turbine Assembly Line 1,Lift and Attach Tower Section,4.0,0.0,ACTION,9540.436780661057,MooredSubInstallation,,,
1209,,Towing Group 1,Ballast to Operational Draft,6.0,42500.0,ACTION,9542.685472772067,MooredSubInstallation,,2.0,1.0
1210,,Turbine Assembly Line 1,Lift and Attach Nacelle,12.0,0.0,ACTION,9552.436780661057,MooredSubInstallation,,,
1211,,Towing Group 1,"Connect Mooring Lines, Pre-tension and pre-stretch",20.0,141666.6666666667,ACTION,9562.685472772067,MooredSubInstallation,,2.0,1.0
1212,,Turbine Assembly Line 1,Delay,11.0,0.0,ACTION,9563.436780661057,MooredSubInstallation,,,
1213,,Turbine Assembly Line 1,Lift and Attach Blade,3.5,0.0,ACTION,9566.936780661057,MooredSubInstallation,,,
1214,,Towing Group 1,Check Mooring Lines,6.0,42500.0,ACTION,9568.685472772067,MooredSubInstallation,,2.0,1.0
1215,,Turbine Assembly Line 1,Delay,6.0,0.0,ACTION,9572.936780661057,MooredSubInstallation,,,
1216,,Towing Group 1,Transit,6.383414757897432,45215.85453510682,ACTION,9575.068887529964,MooredSubInstallation,,2.0,1.0
1217,,Turbine Assembly Line 1,Lift and Attach Blade,3.5,0.0,ACTION,9576.436780661057,MooredSubInstallation,,,
1218,,Turbine Assembly Line 1,Lift and Attach Blade,3.5,0.0,ACTION,9579.936780661057,MooredSubInstallation,,,
1219,,Turbine Assembly Line 1,Mechanical Completion,24.0,0.0,ACTION,9603.936780661057,MooredSubInstallation,,,
1220,,Substructure Assembly Line 1,Substructure Assembly,168.0,0.0,ACTION,9629.936780661057,MooredSubInstallation,,,
1221,,Turbine Assembly Line 1,Electrical Completion,72.0,0.0,ACTION,9675.936780661057,MooredSubInstallation,,,
1222,,Towing Group 2,Delay: No Completed Turbine Assemblies,411.8678931310915,2917397.5763452314,ACTION,9675.936780661057,MooredSubInstallation,,2.0,1.0
1223,,Towing Group 2,Ballast to Towing Draft,6.0,42500.0,ACTION,9681.936780661057,MooredSubInstallation,,2.0,1.0
1224,,Turbine Assembly Line 1,Move Substructure,8.0,0.0,ACTION,9683.936780661057,MooredSubInstallation,,,
1225,,Turbine Assembly Line 1,Prepare for Turbine Assembly,12.0,0.0,ACTION,9695.936780661057,MooredSubInstallation,,,
1226,,Towing Group 2,Tow Substructure,16.248692111011646,115094.90245299917,ACTION,9698.185472772067,MooredSubInstallation,,2.0,1.0
1227,,Turbine Assembly Line 1,Lift and Attach Tower Section,4.0,0.0,ACTION,9699.936780661057,MooredSubInstallation,,,
1228,,Towing Group 2,Position Substructure,2.0,14166.666666666668,ACTION,9700.185472772067,MooredSubInstallation,,2.0,1.0
1229,,Turbine Assembly Line 1,Lift and Attach Tower Section,4.0,0.0,ACTION,9703.936780661057,MooredSubInstallation,,,
1230,,Towing Group 2,Ballast to Operational Draft,6.0,42500.0,ACTION,9706.185472772067,MooredSubInstallation,,2.0,1.0
1231,,Turbine Assembly Line 1,Lift and Attach Nacelle,12.0,0.0,ACTION,9715.936780661057,MooredSubInstallation,,,
1232,,Turbine Assembly Line 1,Lift and Attach Blade,3.5,0.0,ACTION,9719.436780661057,MooredSubInstallation,,,
1233,,Towing Group 2,"Connect Mooring Lines, Pre-tension and pre-stretch",20.0,141666.6666666667,ACTION,9726.185472772067,MooredSubInstallation,,2.0,1.0
1234,,Turbine Assembly Line 1,Delay,12.0,0.0,ACTION,9731.436780661057,MooredSubInstallation,,,
1235,,Towing Group 2,Check Mooring Lines,6.0,42500.0,ACTION,9732.185472772067,MooredSubInstallation,,2.0,1.0
1236,,Turbine Assembly Line 1,Lift and Attach Blade,3.5,0.0,ACTION,9734.936780661057,MooredSubInstallation,,,
1237,,Turbine Assembly Line 1,Lift and Attach Blade,3.5,0.0,ACTION,9738.436780661057,MooredSubInstallation,,,
1238,,Towing Group 2,Transit,6.383414757897432,45215.85453510682,ACTION,9738.568887529964,MooredSubInstallation,,2.0,1.0
1239,,Turbine Assembly Line 1,Mechanical Completion,24.0,0.0,ACTION,9762.436780661057,MooredSubInstallation,,,
1240,,Substructure Assembly Line 1,Substructure Assembly,168.0,0.0,ACTION,9797.936780661057,MooredSubInstallation,,,
1241,,Turbine Assembly Line 1,Electrical Completion,72.0,0.0,ACTION,9834.436780661057,MooredSubInstallation,,,
1242,,Towing Group 3,Delay: No Completed Turbine Assemblies,420.8678931310915,2981147.5763452314,ACTION,9834.436780661057,MooredSubInstallation,,2.0,1.0
1243,,Towing Group 3,Ballast to Towing Draft,6.0,42500.0,ACTION,9840.436780661057,MooredSubInstallation,,2.0,1.0
1244,,Turbine Assembly Line 1,Move Substructure,8.0,0.0,ACTION,9842.436780661057,MooredSubInstallation,,,
1245,,Turbine Assembly Line 1,Prepare for Turbine Assembly,12.0,0.0,ACTION,9854.436780661057,MooredSubInstallation,,,
1246,,Towing Group 3,Tow Substructure,16.248692111011646,115094.90245299917,ACTION,9856.685472772067,MooredSubInstallation,,2.0,1.0
1247,,Turbine Assembly Line 1,Lift and Attach Tower Section,4.0,0.0,ACTION,9858.436780661057,MooredSubInstallation,,,
1248,,Towing Group 3,Position Substructure,2.0,14166.666666666668,ACTION,9858.685472772067,MooredSubInstallation,,2.0,1.0
1249,,Turbine Assembly Line 1,Lift and Attach Tower Section,4.0,0.0,ACTION,9862.436780661057,MooredSubInstallation,,,
1250,,Towing Group 3,Ballast to Operational Draft,6.0,42500.0,ACTION,9864.685472772067,MooredSubInstallation,,2.0,1.0
1251,,Turbine Assembly Line 1,Lift and Attach Nacelle,12.0,0.0,ACTION,9874.436780661057,MooredSubInstallation,,,
1252,,Turbine Assembly Line 1,Lift and Attach Blade,3.5,0.0,ACTION,9877.936780661057,MooredSubInstallation,,,
1253,,Turbine Assembly Line 1,Lift and Attach Blade,3.5,0.0,ACTION,9881.436780661057,MooredSubInstallation,,,
1254,,Towing Group 3,"Connect Mooring Lines, Pre-tension and pre-stretch",20.0,141666.6666666667,ACTION,9884.685472772067,MooredSubInstallation,,2.0,1.0
1255,,Turbine Assembly Line 1,Lift and Attach Blade,3.5,0.0,ACTION,9884.936780661057,MooredSubInstallation,,,
1256,,Towing Group 3,Check Mooring Lines,6.0,42500.0,ACTION,9890.685472772067,MooredSubInstallation,,2.0,1.0
1257,,Towing Group 3,Transit,6.383414757897432,45215.85453510682,ACTION,9897.068887529964,MooredSubInstallation,,2.0,1.0
1258,,Turbine Assembly Line 1,Mechanical Completion,24.0,0.0,ACTION,9908.936780661057,MooredSubInstallation,,,
1259,,Turbine Assembly Line 1,Delay,14.0,0.0,ACTION,9922.936780661057,MooredSubInstallation,,,
1260,,Substructure Assembly Line 1,Substructure Assembly,168.0,0.0,ACTION,9965.936780661057,MooredSubInstallation,,,
1261,,Turbine Assembly Line 1,Electrical Completion,72.0,0.0,ACTION,9994.936780661057,MooredSubInstallation,,,
1262,,Towing Group 1,Delay: No Completed Turbine Assemblies,419.8678931310915,2974064.2430118984,ACTION,9994.936780661057,MooredSubInstallation,,2.0,1.0
1263,,Towing Group 1,Ballast to Towing Draft,6.0,42500.0,ACTION,10000.936780661057,MooredSubInstallation,,2.0,1.0
1264,,Turbine Assembly Line 1,Move Substructure,8.0,0.0,ACTION,10002.936780661057,MooredSubInstallation,,,
1265,,Turbine Assembly Line 1,Prepare for Turbine Assembly,12.0,0.0,ACTION,10014.936780661057,MooredSubInstallation,,,
1266,,Towing Group 1,Tow Substructure,16.248692111011646,115094.90245299917,ACTION,10017.185472772067,MooredSubInstallation,,2.0,1.0
1267,,Turbine Assembly Line 1,Lift and Attach Tower Section,4.0,0.0,ACTION,10018.936780661057,MooredSubInstallation,,,
1268,,Towing Group 1,Position Substructure,2.0,14166.666666666668,ACTION,10019.185472772067,MooredSubInstallation,,2.0,1.0
1269,,Turbine Assembly Line 1,Lift and Attach Tower Section,4.0,0.0,ACTION,10022.936780661057,MooredSubInstallation,,,
1270,,Towing Group 1,Ballast to Operational Draft,6.0,42500.0,ACTION,10025.185472772067,MooredSubInstallation,,2.0,1.0
1271,,Turbine Assembly Line 1,Lift and Attach Nacelle,12.0,0.0,ACTION,10034.936780661057,MooredSubInstallation,,,
1272,,Turbine Assembly Line 1,Lift and Attach Blade,3.5,0.0,ACTION,10038.436780661057,MooredSubInstallation,,,
1273,,Turbine Assembly Line 1,Lift and Attach Blade,3.5,0.0,ACTION,10041.936780661057,MooredSubInstallation,,,
1274,,Towing Group 1,"Connect Mooring Lines, Pre-tension and pre-stretch",20.0,141666.6666666667,ACTION,10045.185472772067,MooredSubInstallation,,2.0,1.0
1275,,Turbine Assembly Line 1,Lift and Attach Blade,3.5,0.0,ACTION,10045.436780661057,MooredSubInstallation,,,
1276,,Towing Group 1,Check Mooring Lines,6.0,42500.0,ACTION,10051.185472772067,MooredSubInstallation,,2.0,1.0
1277,,Towing Group 1,Transit,6.383414757897432,45215.85453510682,ACTION,10057.568887529964,MooredSubInstallation,,2.0,1.0
1278,,Turbine Assembly Line 1,Mechanical Completion,24.0,0.0,ACTION,10069.436780661057,MooredSubInstallation,,,
1279,,Substructure Assembly Line 1,Substructure Assembly,168.0,0.0,ACTION,10133.936780661057,MooredSubInstallation,,,
1280,,Turbine Assembly Line 1,Electrical Completion,72.0,0.0,ACTION,10141.436780661057,MooredSubInstallation,,,
1281,,Towing Group 2,Delay: No Completed Turbine Assemblies,402.8678931310915,2853647.5763452314,ACTION,10141.436780661057,MooredSubInstallation,,2.0,1.0
1282,,Towing Group 2,Ballast to Towing Draft,6.0,42500.0,ACTION,10147.436780661057,MooredSubInstallation,,2.0,1.0
1283,,Turbine Assembly Line 1,Move Substructure,8.0,0.0,ACTION,10149.436780661057,MooredSubInstallation,,,
1284,,Turbine Assembly Line 1,Prepare for Turbine Assembly,12.0,0.0,ACTION,10161.436780661057,MooredSubInstallation,,,
1285,,Towing Group 2,Tow Substructure,16.248692111011646,115094.90245299917,ACTION,10163.685472772067,MooredSubInstallation,,2.0,1.0
1286,,Turbine Assembly Line 1,Lift and Attach Tower Section,4.0,0.0,ACTION,10165.436780661057,MooredSubInstallation,,,
1287,,Towing Group 2,Position Substructure,2.0,14166.666666666668,ACTION,10165.685472772067,MooredSubInstallation,,2.0,1.0
1288,,Turbine Assembly Line 1,Lift and Attach Tower Section,4.0,0.0,ACTION,10169.436780661057,MooredSubInstallation,,,
1289,,Towing Group 2,Ballast to Operational Draft,6.0,42500.0,ACTION,10171.685472772067,MooredSubInstallation,,2.0,1.0
1290,,Towing Group 2,"Connect Mooring Lines, Pre-tension and pre-stretch",3.0,21250.0,ACTION,10174.685472772067,MooredSubInstallation,,2.0,1.0
1291,,Towing Group 2,Delay,1.0,7083.333333333334,ACTION,10175.685472772067,MooredSubInstallation,,2.0,1.0
1292,,Towing Group 2,"Connect Mooring Lines, Pre-tension and pre-stretch",2.0,14166.666666666668,ACTION,10177.685472772067,MooredSubInstallation,,2.0,1.0
1293,,Turbine Assembly Line 1,Delay,17.0,0.0,ACTION,10186.436780661057,MooredSubInstallation,,,
1294,,Towing Group 2,Delay,9.0,63750.00000000001,ACTION,10186.685472772067,MooredSubInstallation,,2.0,1.0
1295,,Turbine Assembly Line 1,Lift and Attach Nacelle,12.0,0.0,ACTION,10198.436780661057,MooredSubInstallation,,,
1296,,Towing Group 2,"Connect Mooring Lines, Pre-tension and pre-stretch",15.0,106250.00000000001,ACTION,10201.685472772067,MooredSubInstallation,,2.0,1.0
1297,,Turbine Assembly Line 1,Delay,5.0,0.0,ACTION,10203.436780661057,MooredSubInstallation,,,
1298,,Turbine Assembly Line 1,Lift and Attach Blade,3.5,0.0,ACTION,10206.936780661057,MooredSubInstallation,,,
1299,,Towing Group 2,Check Mooring Lines,6.0,42500.0,ACTION,10207.685472772067,MooredSubInstallation,,2.0,1.0
1300,,Turbine Assembly Line 1,Lift and Attach Blade,3.5,0.0,ACTION,10210.436780661057,MooredSubInstallation,,,
1301,,Turbine Assembly Line 1,Lift and Attach Blade,3.5,0.0,ACTION,10213.936780661057,MooredSubInstallation,,,
1302,,Towing Group 2,Transit,6.383414757897432,45215.85453510682,ACTION,10214.068887529964,MooredSubInstallation,,2.0,1.0
1303,,Turbine Assembly Line 1,Mechanical Completion,24.0,0.0,ACTION,10237.936780661057,MooredSubInstallation,,,
1304,,Substructure Assembly Line 1,Substructure Assembly,168.0,0.0,ACTION,10301.936780661057,MooredSubInstallation,,,
1305,,Turbine Assembly Line 1,Electrical Completion,72.0,0.0,ACTION,10309.936780661057,MooredSubInstallation,,,
1306,,Towing Group 3,Delay: No Completed Turbine Assemblies,412.8678931310915,2924480.909678565,ACTION,10309.936780661057,MooredSubInstallation,,2.0,1.0
1307,,Towing Group 3,Ballast to Towing Draft,6.0,42500.0,ACTION,10315.936780661057,MooredSubInstallation,,2.0,1.0
1308,,Turbine Assembly Line 1,Move Substructure,8.0,0.0,ACTION,10317.936780661057,MooredSubInstallation,,,
1309,,Turbine Assembly Line 1,Prepare for Turbine Assembly,12.0,0.0,ACTION,10329.936780661057,MooredSubInstallation,,,
1310,,Towing Group 3,Tow Substructure,16.248692111011646,115094.90245299917,ACTION,10332.185472772067,MooredSubInstallation,,2.0,1.0
1311,,Turbine Assembly Line 1,Lift and Attach Tower Section,4.0,0.0,ACTION,10333.936780661057,MooredSubInstallation,,,
1312,,Towing Group 3,Position Substructure,2.0,14166.666666666668,ACTION,10334.185472772067,MooredSubInstallation,,2.0,1.0
1313,,Turbine Assembly Line 1,Lift and Attach Tower Section,4.0,0.0,ACTION,10337.936780661057,MooredSubInstallation,,,
1314,,Towing Group 3,Ballast to Operational Draft,6.0,42500.0,ACTION,10340.185472772067,MooredSubInstallation,,2.0,1.0
1315,,Turbine Assembly Line 1,Lift and Attach Nacelle,12.0,0.0,ACTION,10349.936780661057,MooredSubInstallation,,,
1316,,Towing Group 3,"Connect Mooring Lines, Pre-tension and pre-stretch",20.0,141666.6666666667,ACTION,10360.185472772067,MooredSubInstallation,,2.0,1.0
1317,,Towing Group 3,Check Mooring Lines,6.0,42500.0,ACTION,10366.185472772067,MooredSubInstallation,,2.0,1.0
1318,,Towing Group 3,Transit,6.0,42500.0,ACTION,10372.185472772067,MooredSubInstallation,,2.0,1.0
1319,,Towing Group 3,Delay,1.0,7083.333333333334,ACTION,10373.185472772067,MooredSubInstallation,,2.0,1.0
1320,,Towing Group 3,Transit,0.38341475789743207,2715.8545351068105,ACTION,10373.568887529964,MooredSubInstallation,,2.0,1.0
1321,,Turbine Assembly Line 1,Delay,25.0,0.0,ACTION,10374.936780661057,MooredSubInstallation,,,
1322,,Turbine Assembly Line 1,Lift and Attach Blade,3.5,0.0,ACTION,10378.436780661057,MooredSubInstallation,,,
1323,,Turbine Assembly Line 1,Lift and Attach Blade,3.5,0.0,ACTION,10381.936780661057,MooredSubInstallation,,,
1324,,Turbine Assembly Line 1,Lift and Attach Blade,3.5,0.0,ACTION,10385.436780661057,MooredSubInstallation,,,
1325,,Turbine Assembly Line 1,Mechanical Completion,24.0,0.0,ACTION,10409.436780661057,MooredSubInstallation,,,
1326,,Substructure Assembly Line 1,Substructure Assembly,168.0,0.0,ACTION,10469.936780661057,MooredSubInstallation,,,
1327,,Turbine Assembly Line 1,Electrical Completion,72.0,0.0,ACTION,10481.436780661057,MooredSubInstallation,,,
1328,,Towing Group 1,Delay: No Completed Turbine Assemblies,423.8678931310915,3002397.5763452314,ACTION,10481.436780661057,MooredSubInstallation,,2.0,1.0
1329,,Towing Group 1,Ballast to Towing Draft,6.0,42500.0,ACTION,10487.436780661057,MooredSubInstallation,,2.0,1.0
1330,,Turbine Assembly Line 1,Move Substructure,8.0,0.0,ACTION,10489.436780661057,MooredSubInstallation,,,
1331,,Turbine Assembly Line 1,Prepare for Turbine Assembly,12.0,0.0,ACTION,10501.436780661057,MooredSubInstallation,,,
1332,,Towing Group 1,Tow Substructure,16.248692111011646,115094.90245299917,ACTION,10503.685472772067,MooredSubInstallation,,2.0,1.0
1333,,Turbine Assembly Line 1,Lift and Attach Tower Section,4.0,0.0,ACTION,10505.436780661057,MooredSubInstallation,,,
1334,,Towing Group 1,Position Substructure,2.0,14166.666666666668,ACTION,10505.685472772067,MooredSubInstallation,,2.0,1.0
1335,,Turbine Assembly Line 1,Lift and Attach Tower Section,4.0,0.0,ACTION,10509.436780661057,MooredSubInstallation,,,
1336,,Towing Group 1,Ballast to Operational Draft,6.0,42500.0,ACTION,10511.685472772067,MooredSubInstallation,,2.0,1.0
1337,,Turbine Assembly Line 1,Lift and Attach Nacelle,12.0,0.0,ACTION,10521.436780661057,MooredSubInstallation,,,
1338,,Turbine Assembly Line 1,Lift and Attach Blade,3.5,0.0,ACTION,10524.936780661057,MooredSubInstallation,,,
1339,,Turbine Assembly Line 1,Lift and Attach Blade,3.5,0.0,ACTION,10528.436780661057,MooredSubInstallation,,,
1340,,Towing Group 1,"Connect Mooring Lines, Pre-tension and pre-stretch",20.0,141666.6666666667,ACTION,10531.685472772067,MooredSubInstallation,,2.0,1.0
1341,,Turbine Assembly Line 1,Lift and Attach Blade,3.5,0.0,ACTION,10531.936780661057,MooredSubInstallation,,,
1342,,Towing Group 1,Check Mooring Lines,6.0,42500.0,ACTION,10537.685472772067,MooredSubInstallation,,2.0,1.0
1343,,Towing Group 1,Transit,6.383414757897432,45215.85453510682,ACTION,10544.068887529964,MooredSubInstallation,,2.0,1.0
1344,,Turbine Assembly Line 1,Mechanical Completion,24.0,0.0,ACTION,10555.936780661057,MooredSubInstallation,,,
1345,,Turbine Assembly Line 1,Electrical Completion,72.0,0.0,ACTION,10627.936780661057,MooredSubInstallation,,,
1346,,Towing Group 2,Delay: No Completed Turbine Assemblies,413.8678931310915,2931564.2430118984,ACTION,10627.936780661057,MooredSubInstallation,,2.0,1.0
1347,,Towing Group 2,Ballast to Towing Draft,6.0,42500.0,ACTION,10633.936780661057,MooredSubInstallation,,2.0,1.0
1348,,Turbine Assembly Line 1,Move Substructure,8.0,0.0,ACTION,10635.936780661057,MooredSubInstallation,,,
1349,,Substructure Assembly Line 1,Substructure Assembly,168.0,0.0,ACTION,10637.936780661057,MooredSubInstallation,,,
1350,,Turbine Assembly Line 1,Prepare for Turbine Assembly,12.0,0.0,ACTION,10647.936780661057,MooredSubInstallation,,,
1351,,Towing Group 2,Tow Substructure,16.248692111011646,115094.90245299917,ACTION,10650.185472772067,MooredSubInstallation,,2.0,1.0
1352,,Turbine Assembly Line 1,Lift and Attach Tower Section,4.0,0.0,ACTION,10651.936780661057,MooredSubInstallation,,,
1353,,Towing Group 2,Position Substructure,2.0,14166.666666666668,ACTION,10652.185472772067,MooredSubInstallation,,2.0,1.0
1354,,Turbine Assembly Line 1,Lift and Attach Tower Section,4.0,0.0,ACTION,10655.936780661057,MooredSubInstallation,,,
1355,,Towing Group 2,Ballast to Operational Draft,6.0,42500.0,ACTION,10658.185472772067,MooredSubInstallation,,2.0,1.0
1356,,Turbine Assembly Line 1,Lift and Attach Nacelle,12.0,0.0,ACTION,10667.936780661057,MooredSubInstallation,,,
1357,,Turbine Assembly Line 1,Lift and Attach Blade,3.5,0.0,ACTION,10671.436780661057,MooredSubInstallation,,,
1358,,Turbine Assembly Line 1,Lift and Attach Blade,3.5,0.0,ACTION,10674.936780661057,MooredSubInstallation,,,
1359,,Towing Group 2,"Connect Mooring Lines, Pre-tension and pre-stretch",20.0,141666.6666666667,ACTION,10678.185472772067,MooredSubInstallation,,2.0,1.0
1360,,Turbine Assembly Line 1,Lift and Attach Blade,3.5,0.0,ACTION,10678.436780661057,MooredSubInstallation,,,
1361,,Towing Group 2,Check Mooring Lines,6.0,42500.0,ACTION,10684.185472772067,MooredSubInstallation,,2.0,1.0
1362,,Towing Group 2,Transit,6.383414757897432,45215.85453510682,ACTION,10690.568887529964,MooredSubInstallation,,2.0,1.0
1363,,Turbine Assembly Line 1,Mechanical Completion,24.0,0.0,ACTION,10702.436780661057,MooredSubInstallation,,,
1364,,Turbine Assembly Line 1,Electrical Completion,72.0,0.0,ACTION,10774.436780661057,MooredSubInstallation,,,
1365,,Towing Group 3,Delay: No Completed Turbine Assemblies,400.8678931310915,2839480.909678565,ACTION,10774.436780661057,MooredSubInstallation,,2.0,1.0
1366,,Towing Group 3,Ballast to Towing Draft,6.0,42500.0,ACTION,10780.436780661057,MooredSubInstallation,,2.0,1.0
1367,,Turbine Assembly Line 1,Move Substructure,8.0,0.0,ACTION,10782.436780661057,MooredSubInstallation,,,
1368,,Turbine Assembly Line 1,Prepare for Turbine Assembly,12.0,0.0,ACTION,10794.436780661057,MooredSubInstallation,,,
1369,,Towing Group 3,Tow Substructure,16.248692111011646,115094.90245299917,ACTION,10796.685472772067,MooredSubInstallation,,2.0,1.0
1370,,Turbine Assembly Line 1,Lift and Attach Tower Section,4.0,0.0,ACTION,10798.436780661057,MooredSubInstallation,,,
1371,,Towing Group 3,Position Substructure,2.0,14166.666666666668,ACTION,10798.685472772067,MooredSubInstallation,,2.0,1.0
1372,,Turbine Assembly Line 1,Lift and Attach Tower Section,4.0,0.0,ACTION,10802.436780661057,MooredSubInstallation,,,
1373,,Towing Group 3,Ballast to Operational Draft,6.0,42500.0,ACTION,10804.685472772067,MooredSubInstallation,,2.0,1.0
1374,,Substructure Assembly Line 1,Substructure Assembly,168.0,0.0,ACTION,10805.936780661057,MooredSubInstallation,,,
1375,,Turbine Assembly Line 1,Lift and Attach Nacelle,12.0,0.0,ACTION,10814.436780661057,MooredSubInstallation,,,
1376,,Turbine Assembly Line 1,Lift and Attach Blade,3.5,0.0,ACTION,10817.936780661057,MooredSubInstallation,,,
1377,,Turbine Assembly Line 1,Lift and Attach Blade,3.5,0.0,ACTION,10821.436780661057,MooredSubInstallation,,,
1378,,Towing Group 3,"Connect Mooring Lines, Pre-tension and pre-stretch",20.0,141666.6666666667,ACTION,10824.685472772067,MooredSubInstallation,,2.0,1.0
1379,,Turbine Assembly Line 1,Lift and Attach Blade,3.5,0.0,ACTION,10824.936780661057,MooredSubInstallation,,,
1380,,Towing Group 3,Check Mooring Lines,6.0,42500.0,ACTION,10830.685472772067,MooredSubInstallation,,2.0,1.0
1381,,Towing Group 3,Transit,6.383414757897432,45215.85453510682,ACTION,10837.068887529964,MooredSubInstallation,,2.0,1.0
1382,,Turbine Assembly Line 1,Mechanical Completion,24.0,0.0,ACTION,10848.936780661057,MooredSubInstallation,,,
1383,,Turbine Assembly Line 1,Electrical Completion,72.0,0.0,ACTION,10920.936780661057,MooredSubInstallation,,,
1384,,Towing Group 1,Delay: No Completed Turbine Assemblies,376.8678931310915,2669480.909678565,ACTION,10920.936780661057,MooredSubInstallation,,2.0,1.0
1385,,Towing Group 1,Ballast to Towing Draft,6.0,42500.0,ACTION,10926.936780661057,MooredSubInstallation,,2.0,1.0
1386,,Turbine Assembly Line 1,Move Substructure,8.0,0.0,ACTION,10928.936780661057,MooredSubInstallation,,,
1387,,Turbine Assembly Line 1,Prepare for Turbine Assembly,12.0,0.0,ACTION,10940.936780661057,MooredSubInstallation,,,
1388,,Towing Group 1,Tow Substructure,16.248692111011646,115094.90245299917,ACTION,10943.185472772067,MooredSubInstallation,,2.0,1.0
1389,,Turbine Assembly Line 1,Lift and Attach Tower Section,4.0,0.0,ACTION,10944.936780661057,MooredSubInstallation,,,
1390,,Towing Group 1,Position Substructure,2.0,14166.666666666668,ACTION,10945.185472772067,MooredSubInstallation,,2.0,1.0
1391,,Turbine Assembly Line 1,Lift and Attach Tower Section,4.0,0.0,ACTION,10948.936780661057,MooredSubInstallation,,,
1392,,Towing Group 1,Ballast to Operational Draft,6.0,42500.0,ACTION,10951.185472772067,MooredSubInstallation,,2.0,1.0
1393,,Turbine Assembly Line 1,Lift and Attach Nacelle,12.0,0.0,ACTION,10960.936780661057,MooredSubInstallation,,,
1394,,Turbine Assembly Line 1,Lift and Attach Blade,3.5,0.0,ACTION,10964.436780661057,MooredSubInstallation,,,
1395,,Turbine Assembly Line 1,Lift and Attach Blade,3.5,0.0,ACTION,10967.936780661057,MooredSubInstallation,,,
1396,,Towing Group 1,"Connect Mooring Lines, Pre-tension and pre-stretch",20.0,141666.6666666667,ACTION,10971.185472772067,MooredSubInstallation,,2.0,1.0
1397,,Turbine Assembly Line 1,Lift and Attach Blade,3.5,0.0,ACTION,10971.436780661057,MooredSubInstallation,,,
1398,,Substructure Assembly Line 1,Substructure Assembly,168.0,0.0,ACTION,10973.936780661057,MooredSubInstallation,,,
1399,,Towing Group 1,Check Mooring Lines,6.0,42500.0,ACTION,10977.185472772067,MooredSubInstallation,,2.0,1.0
1400,,Towing Group 1,Transit,6.383414757897432,45215.85453510682,ACTION,10983.568887529964,MooredSubInstallation,,2.0,1.0
1401,,Turbine Assembly Line 1,Mechanical Completion,24.0,0.0,ACTION,10995.436780661057,MooredSubInstallation,,,
1402,,Turbine Assembly Line 1,Electrical Completion,72.0,0.0,ACTION,11067.436780661057,MooredSubInstallation,,,
1403,,Towing Group 2,Delay: No Completed Turbine Assemblies,376.8678931310915,2669480.909678565,ACTION,11067.436780661057,MooredSubInstallation,,2.0,1.0
1404,,Towing Group 2,Ballast to Towing Draft,6.0,42500.0,ACTION,11073.436780661057,MooredSubInstallation,,2.0,1.0
1405,,Turbine Assembly Line 1,Move Substructure,8.0,0.0,ACTION,11075.436780661057,MooredSubInstallation,,,
1406,,Turbine Assembly Line 1,Prepare for Turbine Assembly,12.0,0.0,ACTION,11087.436780661057,MooredSubInstallation,,,
1407,,Towing Group 2,Tow Substructure,16.248692111011646,115094.90245299917,ACTION,11089.685472772067,MooredSubInstallation,,2.0,1.0
1408,,Turbine Assembly Line 1,Lift and Attach Tower Section,4.0,0.0,ACTION,11091.436780661057,MooredSubInstallation,,,
1409,,Towing Group 2,Position Substructure,2.0,14166.666666666668,ACTION,11091.685472772067,MooredSubInstallation,,2.0,1.0
1410,,Turbine Assembly Line 1,Lift and Attach Tower Section,4.0,0.0,ACTION,11095.436780661057,MooredSubInstallation,,,
1411,,Towing Group 2,Ballast to Operational Draft,6.0,42500.0,ACTION,11097.685472772067,MooredSubInstallation,,2.0,1.0
1412,,Turbine Assembly Line 1,Lift and Attach Nacelle,12.0,0.0,ACTION,11107.436780661057,MooredSubInstallation,,,
1413,,Turbine Assembly Line 1,Lift and Attach Blade,3.5,0.0,ACTION,11110.936780661057,MooredSubInstallation,,,
1414,,Turbine Assembly Line 1,Lift and Attach Blade,3.5,0.0,ACTION,11114.436780661057,MooredSubInstallation,,,
1415,,Towing Group 2,"Connect Mooring Lines, Pre-tension and pre-stretch",20.0,141666.6666666667,ACTION,11117.685472772067,MooredSubInstallation,,2.0,1.0
1416,,Turbine Assembly Line 1,Lift and Attach Blade,3.5,0.0,ACTION,11117.936780661057,MooredSubInstallation,,,
1417,,Towing Group 2,Check Mooring Lines,6.0,42500.0,ACTION,11123.685472772067,MooredSubInstallation,,2.0,1.0
1418,,Towing Group 2,Transit,6.383414757897432,45215.85453510682,ACTION,11130.068887529964,MooredSubInstallation,,2.0,1.0
1419,,Turbine Assembly Line 1,Mechanical Completion,24.0,0.0,ACTION,11141.936780661057,MooredSubInstallation,,,
1420,,Turbine Assembly Line 1,Electrical Completion,72.0,0.0,ACTION,11213.936780661057,MooredSubInstallation,,,
1421,,Towing Group 3,Delay: No Completed Turbine Assemblies,376.8678931310915,2669480.909678565,ACTION,11213.936780661057,MooredSubInstallation,,2.0,1.0
1422,,Towing Group 3,Ballast to Towing Draft,6.0,42500.0,ACTION,11219.936780661057,MooredSubInstallation,,2.0,1.0
1423,,Towing Group 3,Tow Substructure,16.248692111011646,115094.90245299917,ACTION,11236.185472772067,MooredSubInstallation,,2.0,1.0
1424,,Towing Group 3,Position Substructure,2.0,14166.666666666668,ACTION,11238.185472772067,MooredSubInstallation,,2.0,1.0
1425,,Towing Group 3,Ballast to Operational Draft,6.0,42500.0,ACTION,11244.185472772067,MooredSubInstallation,,2.0,1.0
1426,,Towing Group 3,"Connect Mooring Lines, Pre-tension and pre-stretch",20.0,141666.6666666667,ACTION,11264.185472772067,MooredSubInstallation,,2.0,1.0
1427,,Towing Group 3,Check Mooring Lines,6.0,42500.0,ACTION,11270.185472772067,MooredSubInstallation,,2.0,1.0
1428,,Towing Group 3,Transit,6.383414757897432,45215.85453510682,ACTION,11276.568887529964,MooredSubInstallation,,2.0,1.0
