,cost_multiplier,agent,action,duration,cost,level,time,phase,phase_name,location,site_depth,hub_height
0,1.0,WTIV,Mobilize,168.0,3500000.0,ACTION,0.0,MonopileInstallation,,,,
1,0.5,Feeder 0,Mobilize,72.0,112500.0,ACTION,0.0,MonopileInstallation,,,,
2,0.5,Feeder 1,Mobilize,72.0,112500.0,ACTION,0.0,MonopileInstallation,,,,
3,,Feeder 0,Fasten Monopile,12.0,37500.0,ACTION,12.0,MonopileInstallation,MonopileInstallation,,,
4,,Feeder 0,Fasten Transition Piece,4.0,12500.0,ACTION,16.0,MonopileInstallation,MonopileInstallation,,,
5,,Feeder 0,Delay,79.0,246875.0,ACTION,95.0,MonopileInstallation,MonopileInstallation,,,
6,,Feeder 0,Fasten Transition Piece,4.0,12500.0,ACTION,99.0,MonopileInstallation,MonopileInstallation,,,
7,,WTIV,Transit,103.92146184055821,2165030.455011629,ACTION,103.92146184055821,MonopileInstallation,,,,
8,,Feeder 0,Fasten Monopile,12.0,37500.0,ACTION,111.0,MonopileInstallation,MonopileInstallation,,,
9,,Feeder 0,Fasten Transition Piece,8.0,25000.0,ACTION,119.0,MonopileInstallation,MonopileInstallation,,,
10,,Feeder 0,Fasten Monopile,12.0,37500.0,ACTION,131.0,MonopileInstallation,MonopileInstallation,,,
11,,Feeder 0,Fasten Transition Piece,8.0,25000.0,ACTION,139.0,MonopileInstallation,MonopileInstallation,,,
12,,Feeder 1,Queue,139.0,434375.0,ACTION,139.0,MonopileInstallation,,,,
13,,Feeder 1,Fasten Monopile,12.0,37500.0,ACTION,151.0,MonopileInstallation,MonopileInstallation,,,
14,,Feeder 1,Fasten Transition Piece,8.0,25000.0,ACTION,159.0,MonopileInstallation,MonopileInstallation,,,
15,,Feeder 1,Fasten Monopile,12.0,37500.0,ACTION,171.0,MonopileInstallation,MonopileInstallation,,,
16,,Feeder 0,Transit,39.321634209940946,122880.10690606546,ACTION,178.32163420994095,MonopileInstallation,,,,
17,,Feeder 1,Fasten Transition Piece,8.0,25000.0,ACTION,179.0,MonopileInstallation,MonopileInstallation,,,
18,,Feeder 0,Jackup,1.6666666666666667,5208.333333333334,ACTION,179.9883008766076,MonopileInstallation,MonopileInstallation,,,
19,,WTIV,Delay: Not enough vessels for monopiles,76.0668390360494,1584725.813251029,ACTION,179.9883008766076,MonopileInstallation,,Site,,
20,,Feeder 1,Fasten Monopile,3.0,9375.0,ACTION,182.0,MonopileInstallation,MonopileInstallation,,,
21,,WTIV,Position Onsite,5.0,104166.66666666666,ACTION,184.9883008766076,MonopileInstallation,,,,
22,,WTIV,Jackup,1.6666666666666667,34722.22222222222,ACTION,186.65496754327427,MonopileInstallation,MonopileInstallation,,40.0,
23,,WTIV,RovSurvey,1.0,20833.333333333332,ACTION,187.65496754327427,MonopileInstallation,MonopileInstallation,,40.0,
24,,Feeder 1,Delay,12.0,37500.0,ACTION,194.0,MonopileInstallation,MonopileInstallation,,,
25,,WTIV,Release Monopile,10.0,208333.3333333333,ACTION,197.65496754327427,MonopileInstallation,,,,
26,,WTIV,Upend Monopile,0.8819573087220198,18374.110598375413,ACTION,198.53692485199628,MonopileInstallation,MonopileInstallation,,40.0,
27,,WTIV,Lower Monopile,0.005,104.16666666666666,ACTION,198.54192485199627,MonopileInstallation,MonopileInstallation,,40.0,
28,,WTIV,Crane Reequip,1.0,20833.333333333332,ACTION,199.54192485199627,MonopileInstallation,MonopileInstallation,,40.0,
29,,Feeder 1,Fasten Monopile,9.0,28125.0,ACTION,203.0,MonopileInstallation,MonopileInstallation,,,
30,,Feeder 1,Fasten Transition Piece,8.0,25000.0,ACTION,211.0,MonopileInstallation,MonopileInstallation,,,
31,,Feeder 1,Delay,63.0,196875.0,ACTION,274.0,MonopileInstallation,,,,
32,,Feeder 1,Transit,39.321634209940946,122880.10690606546,ACTION,313.32163420994095,MonopileInstallation,,,,
33,,Feeder 1,Jackup,1.6666666666666667,5208.333333333334,ACTION,314.98830087660764,MonopileInstallation,MonopileInstallation,,,
34,,WTIV,Delay,176.0,3666666.6666666665,ACTION,375.54192485199627,MonopileInstallation,MonopileInstallation,,40.0,
35,,WTIV,Drive Monopile,1.2,24999.999999999996,ACTION,376.74192485199626,MonopileInstallation,MonopileInstallation,,40.0,
36,,WTIV,Release Transition Piece,10.0,208333.3333333333,ACTION,386.74192485199626,MonopileInstallation,,,,
37,,WTIV,Crane Reequip,1.0,20833.333333333332,ACTION,387.74192485199626,MonopileInstallation,MonopileInstallation,,40.0,
38,,WTIV,Lower TP,1.0,20833.333333333332,ACTION,388.74192485199626,MonopileInstallation,MonopileInstallation,,40.0,
39,,WTIV,Bolt TP,4.0,83333.33333333333,ACTION,392.74192485199626,MonopileInstallation,MonopileInstallation,,40.0,
40,,WTIV,Jackdown,1.6666666666666667,34722.22222222222,ACTION,394.40859151866294,MonopileInstallation,MonopileInstallation,,40.0,
41,,WTIV,Position Onsite,5.0,104166.66666666666,ACTION,399.40859151866294,MonopileInstallation,,,,
42,,WTIV,Jackup,1.6666666666666667,34722.22222222222,ACTION,401.07525818532963,MonopileInstallation,MonopileInstallation,,40.0,
43,,WTIV,RovSurvey,1.0,20833.333333333332,ACTION,402.07525818532963,MonopileInstallation,MonopileInstallation,,40.0,
44,,WTIV,Release Monopile,10.0,208333.3333333333,ACTION,412.07525818532963,MonopileInstallation,,,,
45,,WTIV,Upend Monopile,0.8819573087220198,18374.110598375413,ACTION,412.95721549405164,MonopileInstallation,MonopileInstallation,,40.0,
46,,WTIV,Lower Monopile,0.005,104.16666666666666,ACTION,412.96221549405163,MonopileInstallation,MonopileInstallation,,40.0,
47,,WTIV,Crane Reequip,1.0,20833.333333333332,ACTION,413.96221549405163,MonopileInstallation,MonopileInstallation,,40.0,
48,,WTIV,Delay,4.0,83333.33333333333,ACTION,417.96221549405163,MonopileInstallation,MonopileInstallation,,40.0,
49,,WTIV,Drive Monopile,1.2,24999.999999999996,ACTION,419.1622154940516,MonopileInstallation,MonopileInstallation,,40.0,
50,,WTIV,Release Transition Piece,10.0,208333.3333333333,ACTION,429.1622154940516,MonopileInstallation,,,,
51,,WTIV,Crane Reequip,1.0,20833.333333333332,ACTION,430.1622154940516,MonopileInstallation,MonopileInstallation,,40.0,
52,,WTIV,Lower TP,1.0,20833.333333333332,ACTION,431.1622154940516,MonopileInstallation,MonopileInstallation,,40.0,
53,,WTIV,Bolt TP,4.0,83333.33333333333,ACTION,435.1622154940516,MonopileInstallation,MonopileInstallation,,40.0,
54,,WTIV,Jackdown,1.6666666666666667,34722.22222222222,ACTION,436.8288821607183,MonopileInstallation,MonopileInstallation,,40.0,
55,,WTIV,Position Onsite,5.0,104166.66666666666,ACTION,441.8288821607183,MonopileInstallation,,,,
56,,WTIV,Jackup,1.6666666666666667,34722.22222222222,ACTION,443.495548827385,MonopileInstallation,MonopileInstallation,,40.0,
57,,WTIV,RovSurvey,1.0,20833.333333333332,ACTION,444.495548827385,MonopileInstallation,MonopileInstallation,,40.0,
58,,WTIV,Release Monopile,10.0,208333.3333333333,ACTION,454.495548827385,MonopileInstallation,,,,
59,,WTIV,Upend Monopile,0.8819573087220198,18374.110598375413,ACTION,455.377506136107,MonopileInstallation,MonopileInstallation,,40.0,
60,,WTIV,Lower Monopile,0.005,104.16666666666666,ACTION,455.382506136107,MonopileInstallation,MonopileInstallation,,40.0,
61,,WTIV,Crane Reequip,1.0,20833.333333333332,ACTION,456.382506136107,MonopileInstallation,MonopileInstallation,,40.0,
62,,WTIV,Drive Monopile,1.2,24999.999999999996,ACTION,457.582506136107,MonopileInstallation,MonopileInstallation,,40.0,
63,,WTIV,Release Transition Piece,10.0,208333.3333333333,ACTION,467.582506136107,MonopileInstallation,,,,
64,,Feeder 0,ActiveFeeder,287.5942052594994,898731.8914359356,ACTION,467.582506136107,MonopileInstallation,,Site,,
65,,WTIV,Crane Reequip,1.0,20833.333333333332,ACTION,468.582506136107,MonopileInstallation,MonopileInstallation,,40.0,
66,,Feeder 0,Jackdown,1.6666666666666667,5208.333333333334,ACTION,469.24917280277367,MonopileInstallation,MonopileInstallation,,,
67,,WTIV,Lower TP,1.0,20833.333333333332,ACTION,469.582506136107,MonopileInstallation,MonopileInstallation,,40.0,
68,,WTIV,Bolt TP,4.0,83333.33333333333,ACTION,473.582506136107,MonopileInstallation,MonopileInstallation,,40.0,
69,,WTIV,Jackdown,1.6666666666666667,34722.22222222222,ACTION,475.24917280277367,MonopileInstallation,MonopileInstallation,,40.0,
70,,Feeder 0,Delay,50.0,156250.0,ACTION,519.2491728027737,MonopileInstallation,,,,
71,,Feeder 0,Transit,39.321634209940946,122880.10690606546,ACTION,558.5708070127147,MonopileInstallation,,,,
72,,Feeder 1,Queue,243.58250613610704,761195.3316753345,ACTION,558.5708070127147,MonopileInstallation,,Site,,
73,,WTIV,Delay: Not enough vessels for monopiles,83.32163420994101,1735867.379373771,ACTION,558.5708070127147,MonopileInstallation,,Site,,
74,,WTIV,Position Onsite,5.0,104166.66666666666,ACTION,563.5708070127147,MonopileInstallation,,,,
75,,WTIV,Jackup,1.6666666666666667,34722.22222222222,ACTION,565.2374736793813,MonopileInstallation,MonopileInstallation,,40.0,
76,,WTIV,RovSurvey,1.0,20833.333333333332,ACTION,566.2374736793813,MonopileInstallation,MonopileInstallation,,40.0,
77,,Feeder 0,Fasten Monopile,12.0,37500.0,ACTION,570.5708070127147,MonopileInstallation,MonopileInstallation,,,
78,,WTIV,Release Monopile,10.0,208333.3333333333,ACTION,576.2374736793813,MonopileInstallation,,,,
79,,WTIV,Upend Monopile,0.8819573087220198,18374.110598375413,ACTION,577.1194309881033,MonopileInstallation,MonopileInstallation,,40.0,
80,,WTIV,Lower Monopile,0.005,104.16666666666666,ACTION,577.1244309881033,MonopileInstallation,MonopileInstallation,,40.0,
81,,WTIV,Crane Reequip,1.0,20833.333333333332,ACTION,578.1244309881033,MonopileInstallation,MonopileInstallation,,40.0,
82,,Feeder 0,Fasten Transition Piece,8.0,25000.0,ACTION,578.5708070127147,MonopileInstallation,MonopileInstallation,,,
83,,WTIV,Drive Monopile,1.2,24999.999999999996,ACTION,579.3244309881034,MonopileInstallation,MonopileInstallation,,40.0,
84,,Feeder 0,Fasten Monopile,8.0,25000.0,ACTION,586.5708070127147,MonopileInstallation,MonopileInstallation,,,
85,,Feeder 0,Delay,1.0,3125.0,ACTION,587.5708070127147,MonopileInstallation,MonopileInstallation,,,
86,,WTIV,Release Transition Piece,10.0,208333.3333333333,ACTION,589.3244309881034,MonopileInstallation,,,,
87,,WTIV,Crane Reequip,1.0,20833.333333333332,ACTION,590.3244309881034,MonopileInstallation,MonopileInstallation,,40.0,
88,,WTIV,Lower TP,1.0,20833.333333333332,ACTION,591.3244309881034,MonopileInstallation,MonopileInstallation,,40.0,
89,,Feeder 0,Fasten Monopile,4.0,12500.0,ACTION,591.5708070127147,MonopileInstallation,MonopileInstallation,,,
90,,WTIV,Delay,3.0,62500.0,ACTION,594.3244309881034,MonopileInstallation,MonopileInstallation,,40.0,
91,,WTIV,Bolt TP,4.0,83333.33333333333,ACTION,598.3244309881034,MonopileInstallation,MonopileInstallation,,40.0,
92,,WTIV,Jackdown,1.6666666666666667,34722.22222222222,ACTION,599.99109765477,MonopileInstallation,MonopileInstallation,,40.0,
93,,WTIV,Position Onsite,5.0,104166.66666666666,ACTION,604.99109765477,MonopileInstallation,,,,
94,,WTIV,Jackup,1.6666666666666667,34722.22222222222,ACTION,606.6577643214366,MonopileInstallation,MonopileInstallation,,40.0,
95,,WTIV,RovSurvey,1.0,20833.333333333332,ACTION,607.6577643214366,MonopileInstallation,MonopileInstallation,,40.0,
96,,Feeder 0,Delay,25.0,78125.0,ACTION,616.5708070127147,MonopileInstallation,MonopileInstallation,,,
97,,WTIV,Release Monopile,10.0,208333.3333333333,ACTION,617.6577643214366,MonopileInstallation,,,,
98,,WTIV,Upend Monopile,0.8819573087220198,18374.110598375413,ACTION,618.5397216301586,MonopileInstallation,MonopileInstallation,,40.0,
99,,WTIV,Lower Monopile,0.005,104.16666666666666,ACTION,618.5447216301586,MonopileInstallation,MonopileInstallation,,40.0,
100,,WTIV,Crane Reequip,1.0,20833.333333333332,ACTION,619.5447216301586,MonopileInstallation,MonopileInstallation,,40.0,
101,,WTIV,Drive Monopile,1.2,24999.999999999996,ACTION,620.7447216301587,MonopileInstallation,MonopileInstallation,,40.0,
102,,Feeder 0,Fasten Transition Piece,8.0,25000.0,ACTION,624.5708070127147,MonopileInstallation,MonopileInstallation,,,
103,,WTIV,Release Transition Piece,10.0,208333.3333333333,ACTION,630.7447216301587,MonopileInstallation,,,,
104,,WTIV,Crane Reequip,1.0,20833.333333333332,ACTION,631.7447216301587,MonopileInstallation,MonopileInstallation,,40.0,
105,,WTIV,Lower TP,1.0,20833.333333333332,ACTION,632.7447216301587,MonopileInstallation,MonopileInstallation,,40.0,
106,,Feeder 0,Fasten Monopile,12.0,37500.0,ACTION,636.5708070127147,MonopileInstallation,MonopileInstallation,,,
107,,WTIV,Bolt TP,4.0,83333.33333333333,ACTION,636.7447216301587,MonopileInstallation,MonopileInstallation,,40.0,
108,,WTIV,Jackdown,1.6666666666666667,34722.22222222222,ACTION,638.4113882968253,MonopileInstallation,MonopileInstallation,,40.0,
109,,WTIV,Position Onsite,5.0,104166.66666666666,ACTION,643.4113882968253,MonopileInstallation,,,,
110,,Feeder 0,Fasten Transition Piece,8.0,25000.0,ACTION,644.5708070127147,MonopileInstallation,MonopileInstallation,,,
111,,WTIV,Jackup,1.6666666666666667,34722.22222222222,ACTION,645.0780549634919,MonopileInstallation,MonopileInstallation,,40.0,
112,,WTIV,RovSurvey,1.0,20833.333333333332,ACTION,646.0780549634919,MonopileInstallation,MonopileInstallation,,40.0,
113,,WTIV,Release Monopile,10.0,208333.3333333333,ACTION,656.0780549634919,MonopileInstallation,,,,
114,,WTIV,Upend Monopile,0.8819573087220198,18374.110598375413,ACTION,656.9600122722139,MonopileInstallation,MonopileInstallation,,40.0,
115,,WTIV,Lower Monopile,0.005,104.16666666666666,ACTION,656.9650122722139,MonopileInstallation,MonopileInstallation,,40.0,
116,,WTIV,Crane Reequip,1.0,20833.333333333332,ACTION,657.9650122722139,MonopileInstallation,MonopileInstallation,,40.0,
117,,WTIV,Drive Monopile,1.2,24999.999999999996,ACTION,659.165012272214,MonopileInstallation,MonopileInstallation,,40.0,
118,,WTIV,Release Transition Piece,10.0,208333.3333333333,ACTION,669.165012272214,MonopileInstallation,,,,
119,,Feeder 1,ActiveFeeder,110.59420525949929,345606.8914359353,ACTION,669.165012272214,MonopileInstallation,,Site,,
120,,WTIV,Crane Reequip,1.0,20833.333333333332,ACTION,670.165012272214,MonopileInstallation,MonopileInstallation,,40.0,
121,,Feeder 1,Jackdown,1.6666666666666667,5208.333333333334,ACTION,670.8316789388806,MonopileInstallation,MonopileInstallation,,,
122,,WTIV,Lower TP,1.0,20833.333333333332,ACTION,671.165012272214,MonopileInstallation,MonopileInstallation,,40.0,
123,,WTIV,Delay,11.0,229166.66666666666,ACTION,682.165012272214,MonopileInstallation,MonopileInstallation,,40.0,
124,,WTIV,Bolt TP,4.0,83333.33333333333,ACTION,686.165012272214,MonopileInstallation,MonopileInstallation,,40.0,
125,,WTIV,Jackdown,1.6666666666666667,34722.22222222222,ACTION,687.8316789388806,MonopileInstallation,MonopileInstallation,,40.0,
126,,Feeder 0,Delay,46.0,143750.0,ACTION,690.5708070127147,MonopileInstallation,,,,
127,,Feeder 1,Delay,20.0,62500.0,ACTION,690.8316789388806,MonopileInstallation,,,,
128,,Feeder 0,Transit,39.321634209940946,122880.10690606546,ACTION,729.8924412226556,MonopileInstallation,,,,
129,,Feeder 1,Transit,39.321634209940946,122880.10690606546,ACTION,730.1533131488216,MonopileInstallation,,,,
130,,Feeder 0,Jackup,1.6666666666666667,5208.333333333334,ACTION,731.5591078893223,MonopileInstallation,MonopileInstallation,,,
131,,WTIV,Delay: Not enough vessels for monopiles,43.72742895044166,910988.1031342013,ACTION,731.5591078893223,MonopileInstallation,,Site,,
132,,WTIV,Position Onsite,5.0,104166.66666666666,ACTION,736.5591078893223,MonopileInstallation,,,,
133,,WTIV,Jackup,1.6666666666666667,34722.22222222222,ACTION,738.2257745559889,MonopileInstallation,MonopileInstallation,,40.0,
134,,WTIV,RovSurvey,1.0,20833.333333333332,ACTION,739.2257745559889,MonopileInstallation,MonopileInstallation,,40.0,
135,,Feeder 1,Fasten Monopile,12.0,37500.0,ACTION,742.1533131488216,MonopileInstallation,MonopileInstallation,,,
136,,WTIV,Release Monopile,10.0,208333.3333333333,ACTION,749.2257745559889,MonopileInstallation,,,,
137,,WTIV,Upend Monopile,0.8819573087220198,18374.110598375413,ACTION,750.1077318647109,MonopileInstallation,MonopileInstallation,,40.0,
138,,WTIV,Lower Monopile,0.005,104.16666666666666,ACTION,750.1127318647109,MonopileInstallation,MonopileInstallation,,40.0,
139,,Feeder 1,Fasten Transition Piece,8.0,25000.0,ACTION,750.1533131488216,MonopileInstallation,MonopileInstallation,,,
140,,WTIV,Crane Reequip,1.0,20833.333333333332,ACTION,751.1127318647109,MonopileInstallation,MonopileInstallation,,40.0,
141,,WTIV,Drive Monopile,1.2,24999.999999999996,ACTION,752.3127318647109,MonopileInstallation,MonopileInstallation,,40.0,
142,,Feeder 1,Fasten Monopile,12.0,37500.0,ACTION,762.1533131488216,MonopileInstallation,MonopileInstallation,,,
143,,WTIV,Release Transition Piece,10.0,208333.3333333333,ACTION,762.3127318647109,MonopileInstallation,,,,
144,,WTIV,Crane Reequip,1.0,20833.333333333332,ACTION,763.3127318647109,MonopileInstallation,MonopileInstallation,,40.0,
145,,WTIV,Lower TP,1.0,20833.333333333332,ACTION,764.3127318647109,MonopileInstallation,MonopileInstallation,,40.0,
146,,WTIV,Bolt TP,4.0,83333.33333333333,ACTION,768.3127318647109,MonopileInstallation,MonopileInstallation,,40.0,
147,,WTIV,Jackdown,1.6666666666666667,34722.22222222222,ACTION,769.9793985313776,MonopileInstallation,MonopileInstallation,,40.0,
148,,Feeder 1,Fasten Transition Piece,8.0,25000.0,ACTION,770.1533131488216,MonopileInstallation,MonopileInstallation,,,
149,,WTIV,Position Onsite,5.0,104166.66666666666,ACTION,774.9793985313776,MonopileInstallation,,,,
150,,WTIV,Jackup,1.6666666666666667,34722.22222222222,ACTION,776.6460651980442,MonopileInstallation,MonopileInstallation,,40.0,
151,,WTIV,RovSurvey,1.0,20833.333333333332,ACTION,777.6460651980442,MonopileInstallation,MonopileInstallation,,40.0,
152,,Feeder 1,Fasten Monopile,12.0,37500.0,ACTION,782.1533131488216,MonopileInstallation,MonopileInstallation,,,
153,,WTIV,Release Monopile,10.0,208333.3333333333,ACTION,787.6460651980442,MonopileInstallation,,,,
154,,WTIV,Upend Monopile,0.8819573087220198,18374.110598375413,ACTION,788.5280225067662,MonopileInstallation,MonopileInstallation,,40.0,
155,,WTIV,Lower Monopile,0.005,104.16666666666666,ACTION,788.5330225067662,MonopileInstallation,MonopileInstallation,,40.0,
156,,WTIV,Crane Reequip,1.0,20833.333333333332,ACTION,789.5330225067662,MonopileInstallation,MonopileInstallation,,40.0,
157,,Feeder 1,Fasten Transition Piece,8.0,25000.0,ACTION,790.1533131488216,MonopileInstallation,MonopileInstallation,,,
158,,WTIV,Drive Monopile,1.2,24999.999999999996,ACTION,790.7330225067662,MonopileInstallation,MonopileInstallation,,40.0,
159,,WTIV,Release Transition Piece,10.0,208333.3333333333,ACTION,800.7330225067662,MonopileInstallation,,,,
160,,WTIV,Crane Reequip,1.0,20833.333333333332,ACTION,801.7330225067662,MonopileInstallation,MonopileInstallation,,40.0,
161,,WTIV,Lower TP,1.0,20833.333333333332,ACTION,802.7330225067662,MonopileInstallation,MonopileInstallation,,40.0,
162,,WTIV,Bolt TP,4.0,83333.33333333333,ACTION,806.7330225067662,MonopileInstallation,MonopileInstallation,,40.0,
163,,WTIV,Jackdown,1.6666666666666667,34722.22222222222,ACTION,808.3996891734329,MonopileInstallation,MonopileInstallation,,40.0,
164,,WTIV,Position Onsite,5.0,104166.66666666666,ACTION,813.3996891734329,MonopileInstallation,,,,
165,,WTIV,Jackup,1.6666666666666667,34722.22222222222,ACTION,815.0663558400995,MonopileInstallation,MonopileInstallation,,40.0,
166,,WTIV,RovSurvey,1.0,20833.333333333332,ACTION,816.0663558400995,MonopileInstallation,MonopileInstallation,,40.0,
167,,WTIV,Release Monopile,10.0,208333.3333333333,ACTION,826.0663558400995,MonopileInstallation,,,,
168,,WTIV,Upend Monopile,0.8819573087220198,18374.110598375413,ACTION,826.9483131488215,MonopileInstallation,MonopileInstallation,,40.0,
169,,WTIV,Lower Monopile,0.005,104.16666666666666,ACTION,826.9533131488215,MonopileInstallation,MonopileInstallation,,40.0,
170,,WTIV,Crane Reequip,1.0,20833.333333333332,ACTION,827.9533131488215,MonopileInstallation,MonopileInstallation,,40.0,
171,,WTIV,Drive Monopile,1.2,24999.999999999996,ACTION,829.1533131488216,MonopileInstallation,MonopileInstallation,,40.0,
172,,Feeder 1,Transit,39.321634209940946,122880.10690606546,ACTION,829.4749473587625,MonopileInstallation,,,,
173,,Feeder 1,Jackup,1.6666666666666667,5208.333333333334,ACTION,831.1416140254291,MonopileInstallation,MonopileInstallation,,,
174,,WTIV,Release Transition Piece,10.0,208333.3333333333,ACTION,839.1533131488216,MonopileInstallation,,,,
175,,Feeder 0,ActiveFeeder,107.59420525949929,336231.8914359353,ACTION,839.1533131488216,MonopileInstallation,,Site,,
176,,WTIV,Crane Reequip,1.0,20833.333333333332,ACTION,840.1533131488216,MonopileInstallation,MonopileInstallation,,40.0,
177,,Feeder 0,Jackdown,1.6666666666666667,5208.333333333334,ACTION,840.8199798154882,MonopileInstallation,MonopileInstallation,,,
178,,WTIV,Lower TP,1.0,20833.333333333332,ACTION,841.1533131488216,MonopileInstallation,MonopileInstallation,,40.0,
179,,WTIV,Bolt TP,4.0,83333.33333333333,ACTION,845.1533131488216,MonopileInstallation,MonopileInstallation,,40.0,
180,,WTIV,Jackdown,1.6666666666666667,34722.22222222222,ACTION,846.8199798154882,MonopileInstallation,MonopileInstallation,,40.0,
181,,Feeder 0,Transit,39.321634209940946,122880.10690606546,ACTION,880.1416140254291,MonopileInstallation,,,,
182,,Feeder 1,Queue,49.0,153125.0,ACTION,880.1416140254291,MonopileInstallation,,Site,,
183,,WTIV,Delay: Not enough vessels for monopiles,33.32163420994095,694200.7127071031,ACTION,880.1416140254291,MonopileInstallation,,Site,,
184,,WTIV,Position Onsite,5.0,104166.66666666666,ACTION,885.1416140254291,MonopileInstallation,,,,
185,,WTIV,Jackup,1.6666666666666667,34722.22222222222,ACTION,886.8082806920958,MonopileInstallation,MonopileInstallation,,40.0,
186,,WTIV,RovSurvey,1.0,20833.333333333332,ACTION,887.8082806920958,MonopileInstallation,MonopileInstallation,,40.0,
187,,Feeder 0,Fasten Monopile,12.0,37500.0,ACTION,892.1416140254291,MonopileInstallation,MonopileInstallation,,,
188,,WTIV,Release Monopile,10.0,208333.3333333333,ACTION,897.8082806920958,MonopileInstallation,,,,
189,,WTIV,Upend Monopile,0.8819573087220198,18374.110598375413,ACTION,898.6902380008178,MonopileInstallation,MonopileInstallation,,40.0,
190,,WTIV,Lower Monopile,0.005,104.16666666666666,ACTION,898.6952380008178,MonopileInstallation,MonopileInstallation,,40.0,
191,,WTIV,Crane Reequip,1.0,20833.333333333332,ACTION,899.6952380008178,MonopileInstallation,MonopileInstallation,,40.0,
192,,Feeder 0,Fasten Transition Piece,8.0,25000.0,ACTION,900.1416140254291,MonopileInstallation,MonopileInstallation,,,
193,,WTIV,Drive Monopile,1.2,24999.999999999996,ACTION,900.8952380008178,MonopileInstallation,MonopileInstallation,,40.0,
194,,WTIV,Release Transition Piece,10.0,208333.3333333333,ACTION,910.8952380008178,MonopileInstallation,,,,
195,,WTIV,Crane Reequip,1.0,20833.333333333332,ACTION,911.8952380008178,MonopileInstallation,MonopileInstallation,,40.0,
196,,Feeder 0,Fasten Monopile,12.0,37500.0,ACTION,912.1416140254291,MonopileInstallation,MonopileInstallation,,,
197,,WTIV,Lower TP,1.0,20833.333333333332,ACTION,912.8952380008178,MonopileInstallation,MonopileInstallation,,40.0,
198,,WTIV,Bolt TP,4.0,83333.33333333333,ACTION,916.8952380008178,MonopileInstallation,MonopileInstallation,,40.0,
199,,WTIV,Jackdown,1.6666666666666667,34722.22222222222,ACTION,918.5619046674844,MonopileInstallation,MonopileInstallation,,40.0,
200,,Feeder 0,Fasten Transition Piece,8.0,25000.0,ACTION,920.1416140254291,MonopileInstallation,MonopileInstallation,,,
201,,WTIV,Position Onsite,5.0,104166.66666666666,ACTION,923.5619046674844,MonopileInstallation,,,,
202,,WTIV,Jackup,1.6666666666666667,34722.22222222222,ACTION,925.2285713341511,MonopileInstallation,MonopileInstallation,,40.0,
203,,WTIV,RovSurvey,1.0,20833.333333333332,ACTION,926.2285713341511,MonopileInstallation,MonopileInstallation,,40.0,
204,,Feeder 0,Fasten Monopile,12.0,37500.0,ACTION,932.1416140254291,MonopileInstallation,MonopileInstallation,,,
205,,WTIV,Release Monopile,10.0,208333.3333333333,ACTION,936.2285713341511,MonopileInstallation,,,,
206,,WTIV,Upend Monopile,0.8819573087220198,18374.110598375413,ACTION,937.1105286428731,MonopileInstallation,MonopileInstallation,,40.0,
207,,WTIV,Lower Monopile,0.005,104.16666666666666,ACTION,937.1155286428731,MonopileInstallation,MonopileInstallation,,40.0,
208,,WTIV,Crane Reequip,1.0,20833.333333333332,ACTION,938.1155286428731,MonopileInstallation,MonopileInstallation,,40.0,
209,,Feeder 0,Fasten Transition Piece,6.0,18750.0,ACTION,938.1416140254291,MonopileInstallation,MonopileInstallation,,,
210,,WTIV,Delay,12.0,250000.0,ACTION,950.1155286428731,MonopileInstallation,MonopileInstallation,,40.0,
211,,WTIV,Drive Monopile,1.2,24999.999999999996,ACTION,951.3155286428731,MonopileInstallation,MonopileInstallation,,40.0,
212,,Feeder 0,Delay,22.0,68750.0,ACTION,960.1416140254291,MonopileInstallation,MonopileInstallation,,,
213,,WTIV,Release Transition Piece,10.0,208333.3333333333,ACTION,961.3155286428731,MonopileInstallation,,,,
214,,Feeder 0,Fasten Transition Piece,2.0,6250.0,ACTION,962.1416140254291,MonopileInstallation,MonopileInstallation,,,
215,,WTIV,Crane Reequip,1.0,20833.333333333332,ACTION,962.3155286428731,MonopileInstallation,MonopileInstallation,,40.0,
216,,WTIV,Lower TP,1.0,20833.333333333332,ACTION,963.3155286428731,MonopileInstallation,MonopileInstallation,,40.0,
217,,WTIV,Bolt TP,4.0,83333.33333333333,ACTION,967.3155286428731,MonopileInstallation,MonopileInstallation,,40.0,
218,,WTIV,Jackdown,1.6666666666666667,34722.22222222222,ACTION,968.9821953095397,MonopileInstallation,MonopileInstallation,,40.0,
219,,WTIV,Position Onsite,5.0,104166.66666666666,ACTION,973.9821953095397,MonopileInstallation,,,,
220,,WTIV,Jackup,1.6666666666666667,34722.22222222222,ACTION,975.6488619762064,MonopileInstallation,MonopileInstallation,,40.0,
221,,WTIV,RovSurvey,1.0,20833.333333333332,ACTION,976.6488619762064,MonopileInstallation,MonopileInstallation,,40.0,
222,,WTIV,Release Monopile,10.0,208333.3333333333,ACTION,986.6488619762064,MonopileInstallation,,,,
223,,WTIV,Upend Monopile,0.8819573087220198,18374.110598375413,ACTION,987.5308192849284,MonopileInstallation,MonopileInstallation,,40.0,
224,,WTIV,Lower Monopile,0.005,104.16666666666666,ACTION,987.5358192849284,MonopileInstallation,MonopileInstallation,,40.0,
225,,WTIV,Crane Reequip,1.0,20833.333333333332,ACTION,988.5358192849284,MonopileInstallation,MonopileInstallation,,40.0,
226,,WTIV,Drive Monopile,1.2,24999.999999999996,ACTION,989.7358192849284,MonopileInstallation,MonopileInstallation,,40.0,
227,,WTIV,Release Transition Piece,10.0,208333.3333333333,ACTION,999.7358192849284,MonopileInstallation,,,,
228,,Feeder 1,ActiveFeeder,119.59420525949929,373731.8914359353,ACTION,999.7358192849284,MonopileInstallation,,Site,,
229,,WTIV,Crane Reequip,1.0,20833.333333333332,ACTION,1000.7358192849284,MonopileInstallation,MonopileInstallation,,40.0,
230,,Feeder 1,Jackdown,1.6666666666666667,5208.333333333334,ACTION,1001.402485951595,MonopileInstallation,MonopileInstallation,,,
231,,Feeder 0,Transit,39.321634209940946,122880.10690606546,ACTION,1001.4632482353701,MonopileInstallation,,,,
232,,WTIV,Lower TP,1.0,20833.333333333332,ACTION,1001.7358192849284,MonopileInstallation,MonopileInstallation,,40.0,
233,,Feeder 0,Jackup,1.6666666666666667,5208.333333333334,ACTION,1003.1299149020367,MonopileInstallation,MonopileInstallation,,,
234,,WTIV,Bolt TP,4.0,83333.33333333333,ACTION,1005.7358192849284,MonopileInstallation,MonopileInstallation,,40.0,
235,,WTIV,Jackdown,1.6666666666666667,34722.22222222222,ACTION,1007.402485951595,MonopileInstallation,MonopileInstallation,,40.0,
236,,Feeder 1,Delay,23.0,71875.0,ACTION,1024.402485951595,MonopileInstallation,,,,
237,,Feeder 1,Transit,39.321634209940946,122880.10690606546,ACTION,1063.724120161536,MonopileInstallation,,,,
238,,Feeder 0,Queue,60.59420525949918,189356.89143593493,ACTION,1063.724120161536,MonopileInstallation,,Site,,
239,,WTIV,Delay: Not enough vessels for monopiles,56.32163420994084,1173367.3793737674,ACTION,1063.724120161536,MonopileInstallation,,Site,,
240,,WTIV,Position Onsite,5.0,104166.66666666666,ACTION,1068.724120161536,MonopileInstallation,,,,
241,,WTIV,Jackup,1.6666666666666667,34722.22222222222,ACTION,1070.3907868282026,MonopileInstallation,MonopileInstallation,,40.0,
242,,WTIV,RovSurvey,1.0,20833.333333333332,ACTION,1071.3907868282026,MonopileInstallation,MonopileInstallation,,40.0,
243,,Feeder 1,Fasten Monopile,12.0,37500.0,ACTION,1075.724120161536,MonopileInstallation,MonopileInstallation,,,
244,,WTIV,Release Monopile,10.0,208333.3333333333,ACTION,1081.3907868282026,MonopileInstallation,,,,
245,,WTIV,Upend Monopile,0.8819573087220198,18374.110598375413,ACTION,1082.2727441369248,MonopileInstallation,MonopileInstallation,,40.0,
246,,WTIV,Lower Monopile,0.005,104.16666666666666,ACTION,1082.2777441369249,MonopileInstallation,MonopileInstallation,,40.0,
247,,WTIV,Crane Reequip,1.0,20833.333333333332,ACTION,1083.2777441369249,MonopileInstallation,MonopileInstallation,,40.0,
248,,Feeder 1,Fasten Transition Piece,8.0,25000.0,ACTION,1083.724120161536,MonopileInstallation,MonopileInstallation,,,
249,,WTIV,Drive Monopile,1.2,24999.999999999996,ACTION,1084.477744136925,MonopileInstallation,MonopileInstallation,,40.0,
250,,Feeder 1,Fasten Monopile,3.0,9375.0,ACTION,1086.724120161536,MonopileInstallation,MonopileInstallation,,,
251,,WTIV,Release Transition Piece,10.0,208333.3333333333,ACTION,1094.477744136925,MonopileInstallation,,,,
252,,WTIV,Crane Reequip,1.0,20833.333333333332,ACTION,1095.477744136925,MonopileInstallation,MonopileInstallation,,40.0,
253,,Feeder 1,Delay,9.0,28125.0,ACTION,1095.724120161536,MonopileInstallation,MonopileInstallation,,,
254,,WTIV,Lower TP,1.0,20833.333333333332,ACTION,1096.477744136925,MonopileInstallation,MonopileInstallation,,40.0,
255,,WTIV,Bolt TP,4.0,83333.33333333333,ACTION,1100.477744136925,MonopileInstallation,MonopileInstallation,,40.0,
256,,WTIV,Jackdown,1.6666666666666667,34722.22222222222,ACTION,1102.1444108035917,MonopileInstallation,MonopileInstallation,,40.0,
257,,Feeder 1,Fasten Monopile,9.0,28125.0,ACTION,1104.724120161536,MonopileInstallation,MonopileInstallation,,,
258,,WTIV,Position Onsite,5.0,104166.66666666666,ACTION,1107.1444108035917,MonopileInstallation,,,,
259,,WTIV,Jackup,1.6666666666666667,34722.22222222222,ACTION,1108.8110774702584,MonopileInstallation,MonopileInstallation,,40.0,
260,,WTIV,RovSurvey,1.0,20833.333333333332,ACTION,1109.8110774702584,MonopileInstallation,MonopileInstallation,,40.0,
261,,Feeder 1,Delay,8.0,25000.0,ACTION,1112.724120161536,MonopileInstallation,MonopileInstallation,,,
262,,WTIV,Release Monopile,10.0,208333.3333333333,ACTION,1119.8110774702584,MonopileInstallation,,,,
263,,WTIV,Upend Monopile,0.8819573087220198,18374.110598375413,ACTION,1120.6930347789805,MonopileInstallation,MonopileInstallation,,40.0,
264,,WTIV,Lower Monopile,0.005,104.16666666666666,ACTION,1120.6980347789806,MonopileInstallation,MonopileInstallation,,40.0,
265,,Feeder 1,Fasten Transition Piece,8.0,25000.0,ACTION,1120.724120161536,MonopileInstallation,MonopileInstallation,,,
266,,WTIV,Crane Reequip,1.0,20833.333333333332,ACTION,1121.6980347789806,MonopileInstallation,MonopileInstallation,,40.0,
267,,WTIV,Drive Monopile,1.2,24999.999999999996,ACTION,1122.8980347789807,MonopileInstallation,MonopileInstallation,,40.0,
268,,WTIV,Release Transition Piece,10.0,208333.3333333333,ACTION,1132.8980347789807,MonopileInstallation,,,,
269,,WTIV,Crane Reequip,1.0,20833.333333333332,ACTION,1133.8980347789807,MonopileInstallation,MonopileInstallation,,40.0,
270,,WTIV,Lower TP,1.0,20833.333333333332,ACTION,1134.8980347789807,MonopileInstallation,MonopileInstallation,,40.0,
271,,WTIV,Bolt TP,4.0,83333.33333333333,ACTION,1138.8980347789807,MonopileInstallation,MonopileInstallation,,40.0,
272,,WTIV,Jackdown,1.6666666666666667,34722.22222222222,ACTION,1140.5647014456474,MonopileInstallation,MonopileInstallation,,40.0,
273,,WTIV,Position Onsite,5.0,104166.66666666666,ACTION,1145.5647014456474,MonopileInstallation,,,,
274,,WTIV,Jackup,1.6666666666666667,34722.22222222222,ACTION,1147.2313681123142,MonopileInstallation,MonopileInstallation,,40.0,
275,,WTIV,RovSurvey,1.0,20833.333333333332,ACTION,1148.2313681123142,MonopileInstallation,MonopileInstallation,,40.0,
276,,WTIV,Release Monopile,10.0,208333.3333333333,ACTION,1158.2313681123142,MonopileInstallation,,,,
277,,WTIV,Upend Monopile,0.8819573087220198,18374.110598375413,ACTION,1159.1133254210363,MonopileInstallation,MonopileInstallation,,40.0,
278,,WTIV,Lower Monopile,0.005,104.16666666666666,ACTION,1159.1183254210364,MonopileInstallation,MonopileInstallation,,40.0,
279,,WTIV,Crane Reequip,1.0,20833.333333333332,ACTION,1160.1183254210364,MonopileInstallation,MonopileInstallation,,40.0,
280,,WTIV,Drive Monopile,1.2,24999.999999999996,ACTION,1161.3183254210364,MonopileInstallation,MonopileInstallation,,40.0,
281,,WTIV,Release Transition Piece,10.0,208333.3333333333,ACTION,1171.3183254210364,MonopileInstallation,,,,
282,,Feeder 0,ActiveFeeder,107.59420525950054,336231.8914359392,ACTION,1171.3183254210364,MonopileInstallation,,Site,,
283,,WTIV,Crane Reequip,1.0,20833.333333333332,ACTION,1172.3183254210364,MonopileInstallation,MonopileInstallation,,40.0,
284,,WTIV,Lower TP,1.0,20833.333333333332,ACTION,1173.3183254210364,MonopileInstallation,MonopileInstallation,,40.0,
285,,WTIV,Bolt TP,4.0,83333.33333333333,ACTION,1177.3183254210364,MonopileInstallation,MonopileInstallation,,40.0,
286,,WTIV,Jackdown,1.6666666666666667,34722.22222222222,ACTION,1178.9849920877032,MonopileInstallation,MonopileInstallation,,40.0,
287,,Feeder 0,Delay,26.0,81250.0,ACTION,1197.3183254210364,MonopileInstallation,MonopileInstallation,,,
288,,Feeder 1,Delay,77.0,240625.0,ACTION,1197.724120161536,MonopileInstallation,MonopileInstallation,,,
289,,Feeder 0,Jackdown,1.6666666666666667,5208.333333333334,ACTION,1198.9849920877032,MonopileInstallation,MonopileInstallation,,,
290,,Feeder 1,Fasten Monopile,12.0,37500.0,ACTION,1209.724120161536,MonopileInstallation,MonopileInstallation,,,
291,,Feeder 1,Fasten Transition Piece,8.0,25000.0,ACTION,1217.724120161536,MonopileInstallation,MonopileInstallation,,,
292,,Feeder 0,Transit,39.321634209940946,122880.10690606546,ACTION,1238.306626297644,MonopileInstallation,,,,
293,,Feeder 0,Fasten Monopile,12.0,37500.0,ACTION,1250.306626297644,MonopileInstallation,MonopileInstallation,,,
294,,Feeder 1,Transit,39.321634209940946,122880.10690606546,ACTION,1257.0457543714767,MonopileInstallation,,,,
295,,Feeder 0,Fasten Transition Piece,8.0,25000.0,ACTION,1258.306626297644,MonopileInstallation,MonopileInstallation,,,
296,,Feeder 1,Jackup,1.6666666666666667,5208.333333333334,ACTION,1258.7124210381435,MonopileInstallation,MonopileInstallation,,,
297,,WTIV,Delay: Not enough vessels for monopiles,79.7274289504403,1660988.1031341727,ACTION,1258.7124210381435,MonopileInstallation,,Site,,
298,,WTIV,Position Onsite,5.0,104166.66666666666,ACTION,1263.7124210381435,MonopileInstallation,,,,
299,,WTIV,Jackup,1.6666666666666667,34722.22222222222,ACTION,1265.3790877048102,MonopileInstallation,MonopileInstallation,,40.0,
300,,WTIV,RovSurvey,1.0,20833.333333333332,ACTION,1266.3790877048102,MonopileInstallation,MonopileInstallation,,40.0,
301,,Feeder 0,Fasten Monopile,12.0,37500.0,ACTION,1270.306626297644,MonopileInstallation,MonopileInstallation,,,
302,,WTIV,Release Monopile,10.0,208333.3333333333,ACTION,1276.3790877048102,MonopileInstallation,,,,
303,,WTIV,Upend Monopile,0.8819573087220198,18374.110598375413,ACTION,1277.2610450135323,MonopileInstallation,MonopileInstallation,,40.0,
304,,WTIV,Lower Monopile,0.005,104.16666666666666,ACTION,1277.2660450135324,MonopileInstallation,MonopileInstallation,,40.0,
305,,WTIV,Crane Reequip,1.0,20833.333333333332,ACTION,1278.2660450135324,MonopileInstallation,MonopileInstallation,,40.0,
306,,Feeder 0,Fasten Transition Piece,8.0,25000.0,ACTION,1278.306626297644,MonopileInstallation,MonopileInstallation,,,
307,,WTIV,Drive Monopile,1.2,24999.999999999996,ACTION,1279.4660450135325,MonopileInstallation,MonopileInstallation,,40.0,
308,,WTIV,Release Transition Piece,10.0,208333.3333333333,ACTION,1289.4660450135325,MonopileInstallation,,,,
309,,Feeder 0,Fasten Monopile,12.0,37500.0,ACTION,1290.306626297644,MonopileInstallation,MonopileInstallation,,,
310,,WTIV,Crane Reequip,1.0,20833.333333333332,ACTION,1290.4660450135325,MonopileInstallation,MonopileInstallation,,40.0,
311,,WTIV,Lower TP,1.0,20833.333333333332,ACTION,1291.4660450135325,MonopileInstallation,MonopileInstallation,,40.0,
312,,WTIV,Bolt TP,4.0,83333.33333333333,ACTION,1295.4660450135325,MonopileInstallation,MonopileInstallation,,40.0,
313,,WTIV,Jackdown,1.6666666666666667,34722.22222222222,ACTION,1297.1327116801992,MonopileInstallation,MonopileInstallation,,40.0,
314,,Feeder 0,Fasten Transition Piece,8.0,25000.0,ACTION,1298.306626297644,MonopileInstallation,MonopileInstallation,,,
315,,WTIV,Position Onsite,5.0,104166.66666666666,ACTION,1302.1327116801992,MonopileInstallation,,,,
316,,WTIV,Jackup,1.6666666666666667,34722.22222222222,ACTION,1303.799378346866,MonopileInstallation,MonopileInstallation,,40.0,
317,,WTIV,RovSurvey,1.0,20833.333333333332,ACTION,1304.799378346866,MonopileInstallation,MonopileInstallation,,40.0,
318,,WTIV,Release Monopile,10.0,208333.3333333333,ACTION,1314.799378346866,MonopileInstallation,,,,
319,,WTIV,Upend Monopile,0.8819573087220198,18374.110598375413,ACTION,1315.681335655588,MonopileInstallation,MonopileInstallation,,40.0,
320,,WTIV,Lower Monopile,0.005,104.16666666666666,ACTION,1315.6863356555882,MonopileInstallation,MonopileInstallation,,40.0,
321,,WTIV,Crane Reequip,1.0,20833.333333333332,ACTION,1316.6863356555882,MonopileInstallation,MonopileInstallation,,40.0,
322,,WTIV,Drive Monopile,1.2,24999.999999999996,ACTION,1317.8863356555883,MonopileInstallation,MonopileInstallation,,40.0,
323,,WTIV,Release Transition Piece,10.0,208333.3333333333,ACTION,1327.8863356555883,MonopileInstallation,,,,
324,,WTIV,Crane Reequip,1.0,20833.333333333332,ACTION,1328.8863356555883,MonopileInstallation,MonopileInstallation,,40.0,
325,,WTIV,Lower TP,1.0,20833.333333333332,ACTION,1329.8863356555883,MonopileInstallation,MonopileInstallation,,40.0,
326,,WTIV,Bolt TP,4.0,83333.33333333333,ACTION,1333.8863356555883,MonopileInstallation,MonopileInstallation,,40.0,
327,,WTIV,Jackdown,1.6666666666666667,34722.22222222222,ACTION,1335.553002322255,MonopileInstallation,MonopileInstallation,,40.0,
328,,Feeder 0,Transit,39.321634209940946,122880.10690606546,ACTION,1337.6282605075849,MonopileInstallation,,,,
329,,Feeder 0,Jackup,1.6666666666666667,5208.333333333334,ACTION,1339.2949271742516,MonopileInstallation,MonopileInstallation,,,
330,,WTIV,Position Onsite,5.0,104166.66666666666,ACTION,1340.553002322255,MonopileInstallation,,,,
331,,WTIV,Jackup,1.6666666666666667,34722.22222222222,ACTION,1342.2196689889217,MonopileInstallation,MonopileInstallation,,40.0,
332,,WTIV,RovSurvey,1.0,20833.333333333332,ACTION,1343.2196689889217,MonopileInstallation,MonopileInstallation,,40.0,
333,,WTIV,Release Monopile,10.0,208333.3333333333,ACTION,1353.2196689889217,MonopileInstallation,,,,
334,,WTIV,Upend Monopile,0.8819573087220198,18374.110598375413,ACTION,1354.1016262976439,MonopileInstallation,MonopileInstallation,,40.0,
335,,WTIV,Lower Monopile,0.005,104.16666666666666,ACTION,1354.106626297644,MonopileInstallation,MonopileInstallation,,40.0,
336,,WTIV,Crane Reequip,1.0,20833.333333333332,ACTION,1355.106626297644,MonopileInstallation,MonopileInstallation,,40.0,
337,,WTIV,Drive Monopile,1.2,24999.999999999996,ACTION,1356.306626297644,MonopileInstallation,MonopileInstallation,,40.0,
338,,WTIV,Release Transition Piece,10.0,208333.3333333333,ACTION,1366.306626297644,MonopileInstallation,,,,
339,,Feeder 1,ActiveFeeder,107.59420525950054,336231.8914359392,ACTION,1366.306626297644,MonopileInstallation,,Site,,
340,,WTIV,Crane Reequip,1.0,20833.333333333332,ACTION,1367.306626297644,MonopileInstallation,MonopileInstallation,,40.0,
341,,Feeder 1,Jackdown,1.6666666666666667,5208.333333333334,ACTION,1367.9732929643108,MonopileInstallation,MonopileInstallation,,,
342,,WTIV,Lower TP,1.0,20833.333333333332,ACTION,1368.306626297644,MonopileInstallation,MonopileInstallation,,40.0,
343,,WTIV,Bolt TP,4.0,83333.33333333333,ACTION,1372.306626297644,MonopileInstallation,MonopileInstallation,,40.0,
344,,WTIV,Jackdown,1.6666666666666667,34722.22222222222,ACTION,1373.9732929643108,MonopileInstallation,MonopileInstallation,,40.0,
345,,Feeder 1,Transit,39.321634209940946,122880.10690606546,ACTION,1407.2949271742516,MonopileInstallation,,,,
346,,Feeder 0,Queue,68.0,212500.0,ACTION,1407.2949271742516,MonopileInstallation,,Site,,
347,,WTIV,Delay: Not enough vessels for monopiles,33.32163420994084,694200.7127071008,ACTION,1407.2949271742516,MonopileInstallation,,Site,,
348,,WTIV,Position Onsite,5.0,104166.66666666666,ACTION,1412.2949271742516,MonopileInstallation,,,,
349,,WTIV,Jackup,1.6666666666666667,34722.22222222222,ACTION,1413.9615938409183,MonopileInstallation,MonopileInstallation,,40.0,
350,,WTIV,RovSurvey,1.0,20833.333333333332,ACTION,1414.9615938409183,MonopileInstallation,MonopileInstallation,,40.0,
351,,Feeder 1,Fasten Monopile,12.0,37500.0,ACTION,1419.2949271742516,MonopileInstallation,MonopileInstallation,,,
352,,WTIV,Release Monopile,10.0,208333.3333333333,ACTION,1424.9615938409183,MonopileInstallation,,,,
353,,WTIV,Upend Monopile,0.8819573087220198,18374.110598375413,ACTION,1425.8435511496405,MonopileInstallation,MonopileInstallation,,40.0,
354,,WTIV,Lower Monopile,0.005,104.16666666666666,ACTION,1425.8485511496406,MonopileInstallation,MonopileInstallation,,40.0,
355,,WTIV,Crane Reequip,1.0,20833.333333333332,ACTION,1426.8485511496406,MonopileInstallation,MonopileInstallation,,40.0,
356,,Feeder 1,Fasten Transition Piece,8.0,25000.0,ACTION,1427.2949271742516,MonopileInstallation,MonopileInstallation,,,
357,,WTIV,Drive Monopile,1.2,24999.999999999996,ACTION,1428.0485511496406,MonopileInstallation,MonopileInstallation,,40.0,
358,,WTIV,Release Transition Piece,10.0,208333.3333333333,ACTION,1438.0485511496406,MonopileInstallation,,,,
359,,WTIV,Crane Reequip,1.0,20833.333333333332,ACTION,1439.0485511496406,MonopileInstallation,MonopileInstallation,,40.0,
360,,Feeder 1,Fasten Monopile,12.0,37500.0,ACTION,1439.2949271742516,MonopileInstallation,MonopileInstallation,,,
361,,WTIV,Lower TP,1.0,20833.333333333332,ACTION,1440.0485511496406,MonopileInstallation,MonopileInstallation,,40.0,
362,,WTIV,Bolt TP,4.0,83333.33333333333,ACTION,1444.0485511496406,MonopileInstallation,MonopileInstallation,,40.0,
363,,WTIV,Jackdown,1.6666666666666667,34722.22222222222,ACTION,1445.7152178163074,MonopileInstallation,MonopileInstallation,,40.0,
364,,Feeder 1,Fasten Transition Piece,8.0,25000.0,ACTION,1447.2949271742516,MonopileInstallation,MonopileInstallation,,,
365,,WTIV,Position Onsite,5.0,104166.66666666666,ACTION,1450.7152178163074,MonopileInstallation,,,,
366,,WTIV,Jackup,1.6666666666666667,34722.22222222222,ACTION,1452.381884482974,MonopileInstallation,MonopileInstallation,,40.0,
367,,WTIV,RovSurvey,1.0,20833.333333333332,ACTION,1453.381884482974,MonopileInstallation,MonopileInstallation,,40.0,
368,,Feeder 1,Fasten Monopile,12.0,37500.0,ACTION,1459.2949271742516,MonopileInstallation,MonopileInstallation,,,
369,,WTIV,Release Monopile,10.0,208333.3333333333,ACTION,1463.381884482974,MonopileInstallation,,,,
370,,WTIV,Upend Monopile,0.8819573087220198,18374.110598375413,ACTION,1464.2638417916962,MonopileInstallation,MonopileInstallation,,40.0,
371,,WTIV,Lower Monopile,0.005,104.16666666666666,ACTION,1464.2688417916963,MonopileInstallation,MonopileInstallation,,40.0,
372,,WTIV,Crane Reequip,1.0,20833.333333333332,ACTION,1465.2688417916963,MonopileInstallation,MonopileInstallation,,40.0,
373,,WTIV,Drive Monopile,1.2,24999.999999999996,ACTION,1466.4688417916964,MonopileInstallation,MonopileInstallation,,40.0,
374,,Feeder 1,Fasten Transition Piece,8.0,25000.0,ACTION,1467.2949271742516,MonopileInstallation,MonopileInstallation,,,
375,,WTIV,Release Transition Piece,10.0,208333.3333333333,ACTION,1476.4688417916964,MonopileInstallation,,,,
376,,WTIV,Crane Reequip,1.0,20833.333333333332,ACTION,1477.4688417916964,MonopileInstallation,MonopileInstallation,,40.0,
377,,WTIV,Lower TP,1.0,20833.333333333332,ACTION,1478.4688417916964,MonopileInstallation,MonopileInstallation,,40.0,
378,,WTIV,Bolt TP,4.0,83333.33333333333,ACTION,1482.4688417916964,MonopileInstallation,MonopileInstallation,,40.0,
379,,WTIV,Jackdown,1.6666666666666667,34722.22222222222,ACTION,1484.1355084583631,MonopileInstallation,MonopileInstallation,,40.0,
380,,WTIV,Position Onsite,5.0,104166.66666666666,ACTION,1489.1355084583631,MonopileInstallation,,,,
381,,WTIV,Jackup,1.6666666666666667,34722.22222222222,ACTION,1490.8021751250299,MonopileInstallation,MonopileInstallation,,40.0,
382,,WTIV,RovSurvey,1.0,20833.333333333332,ACTION,1491.8021751250299,MonopileInstallation,MonopileInstallation,,40.0,
383,,WTIV,Release Monopile,10.0,208333.3333333333,ACTION,1501.8021751250299,MonopileInstallation,,,,
384,,WTIV,Upend Monopile,0.8819573087220198,18374.110598375413,ACTION,1502.684132433752,MonopileInstallation,MonopileInstallation,,40.0,
385,,WTIV,Lower Monopile,0.005,104.16666666666666,ACTION,1502.689132433752,MonopileInstallation,MonopileInstallation,,40.0,
386,,WTIV,Crane Reequip,1.0,20833.333333333332,ACTION,1503.689132433752,MonopileInstallation,MonopileInstallation,,40.0,
387,,WTIV,Drive Monopile,1.2,24999.999999999996,ACTION,1504.8891324337521,MonopileInstallation,MonopileInstallation,,40.0,
388,,Feeder 1,Transit,39.321634209940946,122880.10690606546,ACTION,1506.6165613841924,MonopileInstallation,,,,
389,,Feeder 1,Jackup,1.6666666666666667,5208.333333333334,ACTION,1508.2832280508592,MonopileInstallation,MonopileInstallation,,,
390,,WTIV,Release Transition Piece,10.0,208333.3333333333,ACTION,1514.8891324337521,MonopileInstallation,,,,
391,,Feeder 0,ActiveFeeder,107.59420525950054,336231.8914359392,ACTION,1514.8891324337521,MonopileInstallation,,Site,,
392,,WTIV,Crane Reequip,1.0,20833.333333333332,ACTION,1515.8891324337521,MonopileInstallation,MonopileInstallation,,40.0,
393,,Feeder 0,Jackdown,1.6666666666666667,5208.333333333334,ACTION,1516.5557991004189,MonopileInstallation,MonopileInstallation,,,
394,,WTIV,Lower TP,1.0,20833.333333333332,ACTION,1516.8891324337521,MonopileInstallation,MonopileInstallation,,40.0,
395,,WTIV,Bolt TP,4.0,83333.33333333333,ACTION,1520.8891324337521,MonopileInstallation,MonopileInstallation,,40.0,
396,,WTIV,Jackdown,1.6666666666666667,34722.22222222222,ACTION,1522.5557991004189,MonopileInstallation,MonopileInstallation,,40.0,
397,,Feeder 0,Transit,39.321634209940946,122880.10690606546,ACTION,1555.8774333103597,MonopileInstallation,,,,
398,,Feeder 1,Queue,47.59420525950054,148731.89143593918,ACTION,1555.8774333103597,MonopileInstallation,,Site,,
399,,WTIV,Delay: Not enough vessels for monopiles,33.32163420994084,694200.7127071008,ACTION,1555.8774333103597,MonopileInstallation,,Site,,
400,,WTIV,Position Onsite,5.0,104166.66666666666,ACTION,1560.8774333103597,MonopileInstallation,,,,
401,,WTIV,Jackup,1.6666666666666667,34722.22222222222,ACTION,1562.5440999770265,MonopileInstallation,MonopileInstallation,,40.0,
402,,WTIV,RovSurvey,1.0,20833.333333333332,ACTION,1563.5440999770265,MonopileInstallation,MonopileInstallation,,40.0,
403,,Feeder 0,Fasten Monopile,12.0,37500.0,ACTION,1567.8774333103597,MonopileInstallation,MonopileInstallation,,,
404,,WTIV,Release Monopile,10.0,208333.3333333333,ACTION,1573.5440999770265,MonopileInstallation,,,,
405,,WTIV,Upend Monopile,0.8819573087220198,18374.110598375413,ACTION,1574.4260572857486,MonopileInstallation,MonopileInstallation,,40.0,
406,,WTIV,Lower Monopile,0.005,104.16666666666666,ACTION,1574.4310572857487,MonopileInstallation,MonopileInstallation,,40.0,
407,,WTIV,Crane Reequip,1.0,20833.333333333332,ACTION,1575.4310572857487,MonopileInstallation,MonopileInstallation,,40.0,
408,,Feeder 0,Fasten Transition Piece,8.0,25000.0,ACTION,1575.8774333103597,MonopileInstallation,MonopileInstallation,,,
409,,WTIV,Drive Monopile,1.2,24999.999999999996,ACTION,1576.6310572857487,MonopileInstallation,MonopileInstallation,,40.0,
410,,WTIV,Release Transition Piece,10.0,208333.3333333333,ACTION,1586.6310572857487,MonopileInstallation,,,,
411,,WTIV,Crane Reequip,1.0,20833.333333333332,ACTION,1587.6310572857487,MonopileInstallation,MonopileInstallation,,40.0,
412,,Feeder 0,Fasten Monopile,12.0,37500.0,ACTION,1587.8774333103597,MonopileInstallation,MonopileInstallation,,,
413,,WTIV,Lower TP,1.0,20833.333333333332,ACTION,1588.6310572857487,MonopileInstallation,MonopileInstallation,,40.0,
414,,WTIV,Bolt TP,4.0,83333.33333333333,ACTION,1592.6310572857487,MonopileInstallation,MonopileInstallation,,40.0,
415,,WTIV,Jackdown,1.6666666666666667,34722.22222222222,ACTION,1594.2977239524155,MonopileInstallation,MonopileInstallation,,40.0,
416,,Feeder 0,Fasten Transition Piece,8.0,25000.0,ACTION,1595.8774333103597,MonopileInstallation,MonopileInstallation,,,
417,,WTIV,Position Onsite,5.0,104166.66666666666,ACTION,1599.2977239524155,MonopileInstallation,,,,
418,,WTIV,Jackup,1.6666666666666667,34722.22222222222,ACTION,1600.9643906190822,MonopileInstallation,MonopileInstallation,,40.0,
419,,WTIV,RovSurvey,1.0,20833.333333333332,ACTION,1601.9643906190822,MonopileInstallation,MonopileInstallation,,40.0,
420,,Feeder 0,Fasten Monopile,12.0,37500.0,ACTION,1607.8774333103597,MonopileInstallation,MonopileInstallation,,,
421,,WTIV,Release Monopile,10.0,208333.3333333333,ACTION,1611.9643906190822,MonopileInstallation,,,,
422,,WTIV,Upend Monopile,0.8819573087220198,18374.110598375413,ACTION,1612.8463479278043,MonopileInstallation,MonopileInstallation,,40.0,
423,,WTIV,Lower Monopile,0.005,104.16666666666666,ACTION,1612.8513479278045,MonopileInstallation,MonopileInstallation,,40.0,
424,,WTIV,Crane Reequip,1.0,20833.333333333332,ACTION,1613.8513479278045,MonopileInstallation,MonopileInstallation,,40.0,
425,,WTIV,Drive Monopile,1.2,24999.999999999996,ACTION,1615.0513479278045,MonopileInstallation,MonopileInstallation,,40.0,
426,,Feeder 0,Fasten Transition Piece,8.0,25000.0,ACTION,1615.8774333103597,MonopileInstallation,MonopileInstallation,,,
427,,WTIV,Release Transition Piece,10.0,208333.3333333333,ACTION,1625.0513479278045,MonopileInstallation,,,,
428,,WTIV,Crane Reequip,1.0,20833.333333333332,ACTION,1626.0513479278045,MonopileInstallation,MonopileInstallation,,40.0,
429,,WTIV,Lower TP,1.0,20833.333333333332,ACTION,1627.0513479278045,MonopileInstallation,MonopileInstallation,,40.0,
430,,WTIV,Bolt TP,4.0,83333.33333333333,ACTION,1631.0513479278045,MonopileInstallation,MonopileInstallation,,40.0,
431,,WTIV,Jackdown,1.6666666666666667,34722.22222222222,ACTION,1632.7180145944712,MonopileInstallation,MonopileInstallation,,40.0,
432,,WTIV,Position Onsite,5.0,104166.66666666666,ACTION,1637.7180145944712,MonopileInstallation,,,,
433,,WTIV,Jackup,1.6666666666666667,34722.22222222222,ACTION,1639.384681261138,MonopileInstallation,MonopileInstallation,,40.0,
434,,WTIV,RovSurvey,1.0,20833.333333333332,ACTION,1640.384681261138,MonopileInstallation,MonopileInstallation,,40.0,
435,,WTIV,Release Monopile,10.0,208333.3333333333,ACTION,1650.384681261138,MonopileInstallation,,,,
436,,WTIV,Upend Monopile,0.8819573087220198,18374.110598375413,ACTION,1651.26663856986,MonopileInstallation,MonopileInstallation,,40.0,
437,,WTIV,Lower Monopile,0.005,104.16666666666666,ACTION,1651.2716385698602,MonopileInstallation,MonopileInstallation,,40.0,
438,,WTIV,Crane Reequip,1.0,20833.333333333332,ACTION,1652.2716385698602,MonopileInstallation,MonopileInstallation,,40.0,
439,,WTIV,Drive Monopile,1.2,24999.999999999996,ACTION,1653.4716385698603,MonopileInstallation,MonopileInstallation,,40.0,
440,,Feeder 0,Transit,39.321634209940946,122880.10690606546,ACTION,1655.1990675203006,MonopileInstallation,,,,
441,,Feeder 0,Jackup,1.6666666666666667,5208.333333333334,ACTION,1656.8657341869673,MonopileInstallation,MonopileInstallation,,,
442,,WTIV,Release Transition Piece,10.0,208333.3333333333,ACTION,1663.4716385698603,MonopileInstallation,,,,
443,,Feeder 1,ActiveFeeder,107.59420525950054,336231.8914359392,ACTION,1663.4716385698603,MonopileInstallation,,Site,,
444,,WTIV,Crane Reequip,1.0,20833.333333333332,ACTION,1664.4716385698603,MonopileInstallation,MonopileInstallation,,40.0,
445,,Feeder 1,Jackdown,1.6666666666666667,5208.333333333334,ACTION,1665.138305236527,MonopileInstallation,MonopileInstallation,,,
446,,WTIV,Lower TP,1.0,20833.333333333332,ACTION,1665.4716385698603,MonopileInstallation,MonopileInstallation,,40.0,
447,,WTIV,Bolt TP,4.0,83333.33333333333,ACTION,1669.4716385698603,MonopileInstallation,MonopileInstallation,,40.0,
448,,WTIV,Jackdown,1.6666666666666667,34722.22222222222,ACTION,1671.138305236527,MonopileInstallation,MonopileInstallation,,40.0,
449,,Feeder 1,Transit,39.321634209940946,122880.10690606546,ACTION,1704.4599394464678,MonopileInstallation,,,,
450,,Feeder 0,Queue,47.59420525950054,148731.89143593918,ACTION,1704.4599394464678,MonopileInstallation,,Site,,
451,,WTIV,Delay: Not enough vessels for monopiles,33.32163420994084,694200.7127071008,ACTION,1704.4599394464678,MonopileInstallation,,Site,,
452,,WTIV,Position Onsite,5.0,104166.66666666666,ACTION,1709.4599394464678,MonopileInstallation,,,,
453,,WTIV,Jackup,1.6666666666666667,34722.22222222222,ACTION,1711.1266061131346,MonopileInstallation,MonopileInstallation,,40.0,
454,,WTIV,RovSurvey,1.0,20833.333333333332,ACTION,1712.1266061131346,MonopileInstallation,MonopileInstallation,,40.0,
455,,Feeder 1,Fasten Monopile,12.0,37500.0,ACTION,1716.4599394464678,MonopileInstallation,MonopileInstallation,,,
456,,WTIV,Release Monopile,10.0,208333.3333333333,ACTION,1722.1266061131346,MonopileInstallation,,,,
457,,WTIV,Upend Monopile,0.8819573087220198,18374.110598375413,ACTION,1723.0085634218567,MonopileInstallation,MonopileInstallation,,40.0,
458,,WTIV,Lower Monopile,0.005,104.16666666666666,ACTION,1723.0135634218568,MonopileInstallation,MonopileInstallation,,40.0,
459,,WTIV,Crane Reequip,1.0,20833.333333333332,ACTION,1724.0135634218568,MonopileInstallation,MonopileInstallation,,40.0,
460,,Feeder 1,Fasten Transition Piece,8.0,25000.0,ACTION,1724.4599394464678,MonopileInstallation,MonopileInstallation,,,
461,,WTIV,Drive Monopile,1.2,24999.999999999996,ACTION,1725.2135634218569,MonopileInstallation,MonopileInstallation,,40.0,
462,,Feeder 1,Fasten Monopile,3.0,9375.0,ACTION,1727.4599394464678,MonopileInstallation,MonopileInstallation,,,
463,,Feeder 1,Delay,3.0,9375.0,ACTION,1730.4599394464678,MonopileInstallation,MonopileInstallation,,,
464,,WTIV,Release Transition Piece,10.0,208333.3333333333,ACTION,1735.2135634218569,MonopileInstallation,,,,
465,,WTIV,Crane Reequip,1.0,20833.333333333332,ACTION,1736.2135634218569,MonopileInstallation,MonopileInstallation,,40.0,
466,,WTIV,Lower TP,1.0,20833.333333333332,ACTION,1737.2135634218569,MonopileInstallation,MonopileInstallation,,40.0,
467,,Feeder 1,Fasten Monopile,9.0,28125.0,ACTION,1739.4599394464678,MonopileInstallation,MonopileInstallation,,,
468,,WTIV,Bolt TP,4.0,83333.33333333333,ACTION,1741.2135634218569,MonopileInstallation,MonopileInstallation,,40.0,
469,,WTIV,Jackdown,1.6666666666666667,34722.22222222222,ACTION,1742.8802300885236,MonopileInstallation,MonopileInstallation,,40.0,
470,,Feeder 1,Fasten Transition Piece,8.0,25000.0,ACTION,1747.4599394464678,MonopileInstallation,MonopileInstallation,,,
471,,WTIV,Position Onsite,5.0,104166.66666666666,ACTION,1747.8802300885236,MonopileInstallation,,,,
472,,WTIV,Jackup,1.6666666666666667,34722.22222222222,ACTION,1749.5468967551903,MonopileInstallation,MonopileInstallation,,40.0,
473,,WTIV,RovSurvey,1.0,20833.333333333332,ACTION,1750.5468967551903,MonopileInstallation,MonopileInstallation,,40.0,
474,,Feeder 1,Fasten Monopile,12.0,37500.0,ACTION,1759.4599394464678,MonopileInstallation,MonopileInstallation,,,
475,,Feeder 1,Fasten Transition Piece,1.0,3125.0,ACTION,1760.4599394464678,MonopileInstallation,MonopileInstallation,,,
476,,WTIV,Release Monopile,10.0,208333.3333333333,ACTION,1760.5468967551903,MonopileInstallation,,,,
477,,WTIV,Upend Monopile,0.8819573087220198,18374.110598375413,ACTION,1761.4288540639125,MonopileInstallation,MonopileInstallation,,40.0,
478,,WTIV,Lower Monopile,0.005,104.16666666666666,ACTION,1761.4338540639126,MonopileInstallation,MonopileInstallation,,40.0,
479,,WTIV,Crane Reequip,1.0,20833.333333333332,ACTION,1762.4338540639126,MonopileInstallation,MonopileInstallation,,40.0,
480,,WTIV,Drive Monopile,1.2,24999.999999999996,ACTION,1763.6338540639126,MonopileInstallation,MonopileInstallation,,40.0,
481,,WTIV,Release Transition Piece,10.0,208333.3333333333,ACTION,1773.6338540639126,MonopileInstallation,,,,
482,,WTIV,Crane Reequip,1.0,20833.333333333332,ACTION,1774.6338540639126,MonopileInstallation,MonopileInstallation,,40.0,
483,,Feeder 1,Delay,15.0,46875.0,ACTION,1775.4599394464678,MonopileInstallation,MonopileInstallation,,,
484,,WTIV,Lower TP,1.0,20833.333333333332,ACTION,1775.6338540639126,MonopileInstallation,MonopileInstallation,,40.0,
485,,WTIV,Bolt TP,4.0,83333.33333333333,ACTION,1779.6338540639126,MonopileInstallation,MonopileInstallation,,40.0,
486,,WTIV,Jackdown,1.6666666666666667,34722.22222222222,ACTION,1781.3005207305794,MonopileInstallation,MonopileInstallation,,40.0,
487,,Feeder 1,Fasten Transition Piece,7.0,21875.0,ACTION,1782.4599394464678,MonopileInstallation,MonopileInstallation,,,
488,,WTIV,Position Onsite,5.0,104166.66666666666,ACTION,1786.3005207305794,MonopileInstallation,,,,
489,,WTIV,Jackup,1.6666666666666667,34722.22222222222,ACTION,1787.967187397246,MonopileInstallation,MonopileInstallation,,40.0,
490,,WTIV,RovSurvey,1.0,20833.333333333332,ACTION,1788.967187397246,MonopileInstallation,MonopileInstallation,,40.0,
491,,WTIV,Release Monopile,10.0,208333.3333333333,ACTION,1798.967187397246,MonopileInstallation,,,,
492,,WTIV,Upend Monopile,0.8819573087220198,18374.110598375413,ACTION,1799.8491447059682,MonopileInstallation,MonopileInstallation,,40.0,
493,,WTIV,Lower Monopile,0.005,104.16666666666666,ACTION,1799.8541447059683,MonopileInstallation,MonopileInstallation,,40.0,
494,,WTIV,Crane Reequip,1.0,20833.333333333332,ACTION,1800.8541447059683,MonopileInstallation,MonopileInstallation,,40.0,
495,,WTIV,Drive Monopile,1.2,24999.999999999996,ACTION,1802.0541447059684,MonopileInstallation,MonopileInstallation,,40.0,
496,,WTIV,Release Transition Piece,10.0,208333.3333333333,ACTION,1812.0541447059684,MonopileInstallation,,,,
497,,Feeder 0,ActiveFeeder,107.59420525950054,336231.8914359392,ACTION,1812.0541447059684,MonopileInstallation,,Site,,
498,,WTIV,Crane Reequip,1.0,20833.333333333332,ACTION,1813.0541447059684,MonopileInstallation,MonopileInstallation,,40.0,
499,,WTIV,Lower TP,1.0,20833.333333333332,ACTION,1814.0541447059684,MonopileInstallation,MonopileInstallation,,40.0,
500,,Feeder 0,Delay,3.0,9375.0,ACTION,1815.0541447059684,MonopileInstallation,MonopileInstallation,,,
501,,Feeder 1,Delay,33.0,103125.0,ACTION,1815.4599394464678,MonopileInstallation,,,,
502,,Feeder 0,Jackdown,1.6666666666666667,5208.333333333334,ACTION,1816.7208113726351,MonopileInstallation,MonopileInstallation,,,
503,,WTIV,Bolt TP,4.0,83333.33333333333,ACTION,1818.0541447059684,MonopileInstallation,MonopileInstallation,,40.0,
504,,WTIV,Jackdown,1.6666666666666667,34722.22222222222,ACTION,1819.7208113726351,MonopileInstallation,MonopileInstallation,,40.0,
505,,Feeder 1,Transit,39.321634209940946,122880.10690606546,ACTION,1854.7815736564087,MonopileInstallation,,,,
506,,Feeder 0,Transit,39.321634209940946,122880.10690606546,ACTION,1856.042445582576,MonopileInstallation,,,,
507,,Feeder 1,Jackup,1.6666666666666667,5208.333333333334,ACTION,1856.4482403230754,MonopileInstallation,MonopileInstallation,,,
508,,WTIV,Delay: Not enough vessels for monopiles,36.7274289504403,765154.7698008395,ACTION,1856.4482403230754,MonopileInstallation,,Site,,
509,,WTIV,Position Onsite,5.0,104166.66666666666,ACTION,1861.4482403230754,MonopileInstallation,,,,
510,,WTIV,Jackup,1.6666666666666667,34722.22222222222,ACTION,1863.1149069897422,MonopileInstallation,MonopileInstallation,,40.0,
511,,WTIV,RovSurvey,1.0,20833.333333333332,ACTION,1864.1149069897422,MonopileInstallation,MonopileInstallation,,40.0,
512,,Feeder 0,Fasten Monopile,12.0,37500.0,ACTION,1868.042445582576,MonopileInstallation,MonopileInstallation,,,
513,,Feeder 0,Fasten Transition Piece,1.0,3125.0,ACTION,1869.042445582576,MonopileInstallation,MonopileInstallation,,,
514,,WTIV,Release Monopile,10.0,208333.3333333333,ACTION,1874.1149069897422,MonopileInstallation,,,,
515,,WTIV,Upend Monopile,0.8819573087220198,18374.110598375413,ACTION,1874.9968642984643,MonopileInstallation,MonopileInstallation,,40.0,
516,,WTIV,Lower Monopile,0.005,104.16666666666666,ACTION,1875.0018642984644,MonopileInstallation,MonopileInstallation,,40.0,
517,,WTIV,Crane Reequip,1.0,20833.333333333332,ACTION,1876.0018642984644,MonopileInstallation,MonopileInstallation,,40.0,
518,,WTIV,Drive Monopile,1.2,24999.999999999996,ACTION,1877.2018642984644,MonopileInstallation,MonopileInstallation,,40.0,
519,,Feeder 0,Delay,11.0,34375.0,ACTION,1880.042445582576,MonopileInstallation,MonopileInstallation,,,
520,,Feeder 0,Fasten Transition Piece,7.0,21875.0,ACTION,1887.042445582576,MonopileInstallation,MonopileInstallation,,,
521,,WTIV,Release Transition Piece,10.0,208333.3333333333,ACTION,1887.2018642984644,MonopileInstallation,,,,
522,,WTIV,Crane Reequip,1.0,20833.333333333332,ACTION,1888.2018642984644,MonopileInstallation,MonopileInstallation,,40.0,
523,,WTIV,Lower TP,1.0,20833.333333333332,ACTION,1889.2018642984644,MonopileInstallation,MonopileInstallation,,40.0,
524,,WTIV,Bolt TP,4.0,83333.33333333333,ACTION,1893.2018642984644,MonopileInstallation,MonopileInstallation,,40.0,
525,,WTIV,Jackdown,1.6666666666666667,34722.22222222222,ACTION,1894.8685309651312,MonopileInstallation,MonopileInstallation,,40.0,
526,,Feeder 0,Fasten Monopile,12.0,37500.0,ACTION,1899.042445582576,MonopileInstallation,MonopileInstallation,,,
527,,WTIV,Position Onsite,5.0,104166.66666666666,ACTION,1899.8685309651312,MonopileInstallation,,,,
528,,WTIV,Jackup,1.6666666666666667,34722.22222222222,ACTION,1901.535197631798,MonopileInstallation,MonopileInstallation,,40.0,
529,,WTIV,RovSurvey,1.0,20833.333333333332,ACTION,1902.535197631798,MonopileInstallation,MonopileInstallation,,40.0,
530,,Feeder 0,Fasten Transition Piece,8.0,25000.0,ACTION,1907.042445582576,MonopileInstallation,MonopileInstallation,,,
531,,WTIV,Release Monopile,10.0,208333.3333333333,ACTION,1912.535197631798,MonopileInstallation,,,,
532,,WTIV,Upend Monopile,0.8819573087220198,18374.110598375413,ACTION,1913.41715494052,MonopileInstallation,MonopileInstallation,,40.0,
533,,WTIV,Lower Monopile,0.005,104.16666666666666,ACTION,1913.4221549405202,MonopileInstallation,MonopileInstallation,,40.0,
534,,WTIV,Crane Reequip,1.0,20833.333333333332,ACTION,1914.4221549405202,MonopileInstallation,MonopileInstallation,,40.0,
535,,WTIV,Drive Monopile,1.2,24999.999999999996,ACTION,1915.6221549405202,MonopileInstallation,MonopileInstallation,,40.0,
536,,Feeder 0,Fasten Monopile,12.0,37500.0,ACTION,1919.042445582576,MonopileInstallation,MonopileInstallation,,,
537,,WTIV,Release Transition Piece,10.0,208333.3333333333,ACTION,1925.6221549405202,MonopileInstallation,,,,
538,,WTIV,Crane Reequip,1.0,20833.333333333332,ACTION,1926.6221549405202,MonopileInstallation,MonopileInstallation,,40.0,
539,,Feeder 0,Fasten Transition Piece,8.0,25000.0,ACTION,1927.042445582576,MonopileInstallation,MonopileInstallation,,,
540,,WTIV,Lower TP,1.0,20833.333333333332,ACTION,1927.6221549405202,MonopileInstallation,MonopileInstallation,,40.0,
541,,WTIV,Bolt TP,4.0,83333.33333333333,ACTION,1931.6221549405202,MonopileInstallation,MonopileInstallation,,40.0,
542,,WTIV,Jackdown,1.6666666666666667,34722.22222222222,ACTION,1933.288821607187,MonopileInstallation,MonopileInstallation,,40.0,
543,,WTIV,Position Onsite,5.0,104166.66666666666,ACTION,1938.288821607187,MonopileInstallation,,,,
544,,WTIV,Jackup,1.6666666666666667,34722.22222222222,ACTION,1939.9554882738537,MonopileInstallation,MonopileInstallation,,40.0,
545,,WTIV,RovSurvey,1.0,20833.333333333332,ACTION,1940.9554882738537,MonopileInstallation,MonopileInstallation,,40.0,
546,,WTIV,Release Monopile,10.0,208333.3333333333,ACTION,1950.9554882738537,MonopileInstallation,,,,
547,,WTIV,Upend Monopile,0.8819573087220198,18374.110598375413,ACTION,1951.8374455825758,MonopileInstallation,MonopileInstallation,,40.0,
548,,WTIV,Lower Monopile,0.005,104.16666666666666,ACTION,1951.842445582576,MonopileInstallation,MonopileInstallation,,40.0,
549,,WTIV,Crane Reequip,1.0,20833.333333333332,ACTION,1952.842445582576,MonopileInstallation,MonopileInstallation,,40.0,
550,,WTIV,Drive Monopile,1.2,24999.999999999996,ACTION,1954.042445582576,MonopileInstallation,MonopileInstallation,,40.0,
551,,WTIV,Release Transition Piece,10.0,208333.3333333333,ACTION,1964.042445582576,MonopileInstallation,,,,
552,,Feeder 1,ActiveFeeder,107.59420525950054,336231.8914359392,ACTION,1964.042445582576,MonopileInstallation,,Site,,
553,,WTIV,Crane Reequip,1.0,20833.333333333332,ACTION,1965.042445582576,MonopileInstallation,MonopileInstallation,,40.0,
554,,WTIV,Lower TP,1.0,20833.333333333332,ACTION,1966.042445582576,MonopileInstallation,MonopileInstallation,,40.0,
555,,WTIV,Bolt TP,4.0,83333.33333333333,ACTION,1970.042445582576,MonopileInstallation,MonopileInstallation,,40.0,
556,,WTIV,Jackdown,1.6666666666666667,34722.22222222222,ACTION,1971.7091122492427,MonopileInstallation,MonopileInstallation,,40.0,
557,,Feeder 0,Delay,106.0,331250.0,ACTION,2033.042445582576,MonopileInstallation,,,,
558,,Feeder 1,Delay,69.0,215625.0,ACTION,2033.042445582576,MonopileInstallation,MonopileInstallation,,,
559,,Feeder 1,Jackdown,1.6666666666666667,5208.333333333334,ACTION,2034.7091122492427,MonopileInstallation,MonopileInstallation,,,
560,,Feeder 0,Transit,39.321634209940946,122880.10690606546,ACTION,2072.364079792517,MonopileInstallation,,,,
561,,Feeder 0,Jackup,1.6666666666666667,5208.333333333334,ACTION,2074.0307464591833,MonopileInstallation,MonopileInstallation,,,
562,,Feeder 1,Transit,39.321634209940946,122880.10690606546,ACTION,2074.030746459184,MonopileInstallation,,,,
563,,Feeder 0,Queue,4.547473508864641e-13,1.4210854715202004e-09,ACTION,2074.030746459184,MonopileInstallation,,Site,,
564,,WTIV,Delay: Not enough vessels for monopiles,102.32163420994107,2131700.7127071056,ACTION,2074.030746459184,MonopileInstallation,,Site,,
565,,WTIV,Position Onsite,5.0,104166.66666666666,ACTION,2079.030746459184,MonopileInstallation,,,,
566,,WTIV,Jackup,1.6666666666666667,34722.22222222222,ACTION,2080.6974131258503,MonopileInstallation,MonopileInstallation,,40.0,
567,,WTIV,RovSurvey,1.0,20833.333333333332,ACTION,2081.6974131258503,MonopileInstallation,MonopileInstallation,,40.0,
568,,Feeder 1,Fasten Monopile,12.0,37500.0,ACTION,2086.030746459184,MonopileInstallation,MonopileInstallation,,,
569,,WTIV,Release Monopile,10.0,208333.3333333333,ACTION,2091.6974131258503,MonopileInstallation,,,,
570,,WTIV,Upend Monopile,0.8819573087220198,18374.110598375413,ACTION,2092.5793704345724,MonopileInstallation,MonopileInstallation,,40.0,
571,,WTIV,Lower Monopile,0.005,104.16666666666666,ACTION,2092.5843704345725,MonopileInstallation,MonopileInstallation,,40.0,
572,,WTIV,Crane Reequip,1.0,20833.333333333332,ACTION,2093.5843704345725,MonopileInstallation,MonopileInstallation,,40.0,
573,,Feeder 1,Fasten Transition Piece,8.0,25000.0,ACTION,2094.030746459184,MonopileInstallation,MonopileInstallation,,,
574,,WTIV,Drive Monopile,1.2,24999.999999999996,ACTION,2094.7843704345723,MonopileInstallation,MonopileInstallation,,40.0,
575,,WTIV,Release Transition Piece,10.0,208333.3333333333,ACTION,2104.7843704345723,MonopileInstallation,,,,
576,,WTIV,Crane Reequip,1.0,20833.333333333332,ACTION,2105.7843704345723,MonopileInstallation,MonopileInstallation,,40.0,
577,,Feeder 1,Fasten Monopile,12.0,37500.0,ACTION,2106.030746459184,MonopileInstallation,MonopileInstallation,,,
578,,WTIV,Lower TP,1.0,20833.333333333332,ACTION,2106.7843704345723,MonopileInstallation,MonopileInstallation,,40.0,
579,,WTIV,Bolt TP,4.0,83333.33333333333,ACTION,2110.7843704345723,MonopileInstallation,MonopileInstallation,,40.0,
580,,WTIV,Jackdown,1.6666666666666667,34722.22222222222,ACTION,2112.451037101239,MonopileInstallation,MonopileInstallation,,40.0,
581,,Feeder 1,Fasten Transition Piece,8.0,25000.0,ACTION,2114.030746459184,MonopileInstallation,MonopileInstallation,,,
582,,WTIV,Position Onsite,5.0,104166.66666666666,ACTION,2117.451037101239,MonopileInstallation,,,,
583,,WTIV,Jackup,1.6666666666666667,34722.22222222222,ACTION,2119.1177037679054,MonopileInstallation,MonopileInstallation,,40.0,
584,,WTIV,RovSurvey,1.0,20833.333333333332,ACTION,2120.1177037679054,MonopileInstallation,MonopileInstallation,,40.0,
585,,Feeder 1,Fasten Monopile,12.0,37500.0,ACTION,2126.030746459184,MonopileInstallation,MonopileInstallation,,,
586,,WTIV,Release Monopile,10.0,208333.3333333333,ACTION,2130.1177037679054,MonopileInstallation,,,,
587,,WTIV,Upend Monopile,0.8819573087220198,18374.110598375413,ACTION,2130.9996610766275,MonopileInstallation,MonopileInstallation,,40.0,
588,,WTIV,Lower Monopile,0.005,104.16666666666666,ACTION,2131.0046610766276,MonopileInstallation,MonopileInstallation,,40.0,
589,,WTIV,Crane Reequip,1.0,20833.333333333332,ACTION,2132.0046610766276,MonopileInstallation,MonopileInstallation,,40.0,
590,,WTIV,Drive Monopile,1.2,24999.999999999996,ACTION,2133.2046610766274,MonopileInstallation,MonopileInstallation,,40.0,
591,,Feeder 1,Fasten Transition Piece,8.0,25000.0,ACTION,2134.030746459184,MonopileInstallation,MonopileInstallation,,,
592,,WTIV,Release Transition Piece,10.0,208333.3333333333,ACTION,2143.2046610766274,MonopileInstallation,,,,
593,,WTIV,Crane Reequip,1.0,20833.333333333332,ACTION,2144.2046610766274,MonopileInstallation,MonopileInstallation,,40.0,
594,,WTIV,Lower TP,1.0,20833.333333333332,ACTION,2145.2046610766274,MonopileInstallation,MonopileInstallation,,40.0,
595,,WTIV,Bolt TP,4.0,83333.33333333333,ACTION,2149.2046610766274,MonopileInstallation,MonopileInstallation,,40.0,
596,,WTIV,Jackdown,1.6666666666666667,34722.22222222222,ACTION,2150.871327743294,MonopileInstallation,MonopileInstallation,,40.0,
597,,WTIV,Position Onsite,5.0,104166.66666666666,ACTION,2155.871327743294,MonopileInstallation,,,,
598,,WTIV,Jackup,1.6666666666666667,34722.22222222222,ACTION,2157.5379944099604,MonopileInstallation,MonopileInstallation,,40.0,
599,,WTIV,RovSurvey,1.0,20833.333333333332,ACTION,2158.5379944099604,MonopileInstallation,MonopileInstallation,,40.0,
600,,WTIV,Release Monopile,10.0,208333.3333333333,ACTION,2168.5379944099604,MonopileInstallation,,,,
601,,WTIV,Upend Monopile,0.8819573087220198,18374.110598375413,ACTION,2169.4199517186826,MonopileInstallation,MonopileInstallation,,40.0,
602,,WTIV,Lower Monopile,0.005,104.16666666666666,ACTION,2169.4249517186827,MonopileInstallation,MonopileInstallation,,40.0,
603,,WTIV,Crane Reequip,1.0,20833.333333333332,ACTION,2170.4249517186827,MonopileInstallation,MonopileInstallation,,40.0,
604,,WTIV,Drive Monopile,1.2,24999.999999999996,ACTION,2171.6249517186825,MonopileInstallation,MonopileInstallation,,40.0,
605,,Feeder 1,Transit,39.321634209940946,122880.10690606546,ACTION,2173.3523806691246,MonopileInstallation,,,,
606,,Feeder 1,Jackup,1.6666666666666667,5208.333333333334,ACTION,2175.019047335791,MonopileInstallation,MonopileInstallation,,,
607,,WTIV,Release Transition Piece,10.0,208333.3333333333,ACTION,2181.6249517186825,MonopileInstallation,,,,
608,,Feeder 0,ActiveFeeder,107.59420525949872,336231.89143593353,ACTION,2181.6249517186825,MonopileInstallation,,Site,,
609,,WTIV,Crane Reequip,1.0,20833.333333333332,ACTION,2182.6249517186825,MonopileInstallation,MonopileInstallation,,40.0,
610,,Feeder 0,Jackdown,1.6666666666666667,5208.333333333334,ACTION,2183.291618385349,MonopileInstallation,MonopileInstallation,,,
611,,WTIV,Lower TP,1.0,20833.333333333332,ACTION,2183.6249517186825,MonopileInstallation,MonopileInstallation,,40.0,
612,,WTIV,Bolt TP,4.0,83333.33333333333,ACTION,2187.6249517186825,MonopileInstallation,MonopileInstallation,,40.0,
613,,WTIV,Jackdown,1.6666666666666667,34722.22222222222,ACTION,2189.291618385349,MonopileInstallation,MonopileInstallation,,40.0,
614,,Feeder 0,Transit,39.321634209940946,122880.10690606546,ACTION,2222.61325259529,MonopileInstallation,,,,
615,,Feeder 1,Queue,47.59420525949872,148731.8914359335,ACTION,2222.61325259529,MonopileInstallation,,Site,,
616,,WTIV,Delay: Not enough vessels for monopiles,33.32163420994084,694200.7127071008,ACTION,2222.61325259529,MonopileInstallation,,Site,,
617,,WTIV,Position Onsite,5.0,104166.66666666666,ACTION,2227.61325259529,MonopileInstallation,,,,
618,,WTIV,Jackup,1.6666666666666667,34722.22222222222,ACTION,2229.2799192619564,MonopileInstallation,MonopileInstallation,,40.0,
619,,WTIV,RovSurvey,1.0,20833.333333333332,ACTION,2230.2799192619564,MonopileInstallation,MonopileInstallation,,40.0,
620,,Feeder 0,Fasten Monopile,12.0,37500.0,ACTION,2234.61325259529,MonopileInstallation,MonopileInstallation,,,
621,,WTIV,Release Monopile,10.0,208333.3333333333,ACTION,2240.2799192619564,MonopileInstallation,,,,
622,,WTIV,Upend Monopile,0.8819573087220198,18374.110598375413,ACTION,2241.1618765706785,MonopileInstallation,MonopileInstallation,,40.0,
623,,WTIV,Lower Monopile,0.005,104.16666666666666,ACTION,2241.1668765706786,MonopileInstallation,MonopileInstallation,,40.0,
624,,WTIV,Crane Reequip,1.0,20833.333333333332,ACTION,2242.1668765706786,MonopileInstallation,MonopileInstallation,,40.0,
625,,Feeder 0,Fasten Transition Piece,8.0,25000.0,ACTION,2242.61325259529,MonopileInstallation,MonopileInstallation,,,
626,,WTIV,Drive Monopile,1.2,24999.999999999996,ACTION,2243.3668765706784,MonopileInstallation,MonopileInstallation,,40.0,
627,,WTIV,Release Transition Piece,10.0,208333.3333333333,ACTION,2253.3668765706784,MonopileInstallation,,,,
628,,WTIV,Crane Reequip,1.0,20833.333333333332,ACTION,2254.3668765706784,MonopileInstallation,MonopileInstallation,,40.0,
629,,Feeder 0,Fasten Monopile,12.0,37500.0,ACTION,2254.61325259529,MonopileInstallation,MonopileInstallation,,,
630,,WTIV,Lower TP,1.0,20833.333333333332,ACTION,2255.3668765706784,MonopileInstallation,MonopileInstallation,,40.0,
631,,WTIV,Bolt TP,4.0,83333.33333333333,ACTION,2259.3668765706784,MonopileInstallation,MonopileInstallation,,40.0,
632,,WTIV,Jackdown,1.6666666666666667,34722.22222222222,ACTION,2261.033543237345,MonopileInstallation,MonopileInstallation,,40.0,
633,,Feeder 0,Fasten Transition Piece,8.0,25000.0,ACTION,2262.61325259529,MonopileInstallation,MonopileInstallation,,,
634,,WTIV,Position Onsite,5.0,104166.66666666666,ACTION,2266.033543237345,MonopileInstallation,,,,
635,,WTIV,Jackup,1.6666666666666667,34722.22222222222,ACTION,2267.7002099040114,MonopileInstallation,MonopileInstallation,,40.0,
636,,WTIV,RovSurvey,1.0,20833.333333333332,ACTION,2268.7002099040114,MonopileInstallation,MonopileInstallation,,40.0,
637,,Feeder 0,Fasten Monopile,12.0,37500.0,ACTION,2274.61325259529,MonopileInstallation,MonopileInstallation,,,
638,,WTIV,Release Monopile,10.0,208333.3333333333,ACTION,2278.7002099040114,MonopileInstallation,,,,
639,,WTIV,Upend Monopile,0.8819573087220198,18374.110598375413,ACTION,2279.5821672127336,MonopileInstallation,MonopileInstallation,,40.0,
640,,WTIV,Lower Monopile,0.005,104.16666666666666,ACTION,2279.5871672127337,MonopileInstallation,MonopileInstallation,,40.0,
641,,WTIV,Crane Reequip,1.0,20833.333333333332,ACTION,2280.5871672127337,MonopileInstallation,MonopileInstallation,,40.0,
642,,WTIV,Drive Monopile,1.2,24999.999999999996,ACTION,2281.7871672127335,MonopileInstallation,MonopileInstallation,,40.0,
643,,Feeder 0,Fasten Transition Piece,8.0,25000.0,ACTION,2282.61325259529,MonopileInstallation,MonopileInstallation,,,
644,,WTIV,Release Transition Piece,10.0,208333.3333333333,ACTION,2291.7871672127335,MonopileInstallation,,,,
645,,WTIV,Crane Reequip,1.0,20833.333333333332,ACTION,2292.7871672127335,MonopileInstallation,MonopileInstallation,,40.0,
646,,WTIV,Lower TP,1.0,20833.333333333332,ACTION,2293.7871672127335,MonopileInstallation,MonopileInstallation,,40.0,
647,,WTIV,Bolt TP,4.0,83333.33333333333,ACTION,2297.7871672127335,MonopileInstallation,MonopileInstallation,,40.0,
648,,WTIV,Jackdown,1.6666666666666667,34722.22222222222,ACTION,2299.4538338794,MonopileInstallation,MonopileInstallation,,40.0,
649,,WTIV,Position Onsite,5.0,104166.66666666666,ACTION,2304.4538338794,MonopileInstallation,,,,
650,,WTIV,Jackup,1.6666666666666667,34722.22222222222,ACTION,2306.1205005460665,MonopileInstallation,MonopileInstallation,,40.0,
651,,WTIV,RovSurvey,1.0,20833.333333333332,ACTION,2307.1205005460665,MonopileInstallation,MonopileInstallation,,40.0,
652,,Feeder 0,Delay,26.0,81250.0,ACTION,2308.61325259529,MonopileInstallation,,,,
653,,WTIV,Release Monopile,10.0,208333.3333333333,ACTION,2317.1205005460665,MonopileInstallation,,,,
654,,WTIV,Upend Monopile,0.8819573087220198,18374.110598375413,ACTION,2318.0024578547886,MonopileInstallation,MonopileInstallation,,40.0,
655,,WTIV,Lower Monopile,0.005,104.16666666666666,ACTION,2318.0074578547888,MonopileInstallation,MonopileInstallation,,40.0,
656,,WTIV,Crane Reequip,1.0,20833.333333333332,ACTION,2319.0074578547888,MonopileInstallation,MonopileInstallation,,40.0,
657,,WTIV,Drive Monopile,1.2,24999.999999999996,ACTION,2320.2074578547886,MonopileInstallation,MonopileInstallation,,40.0,
658,,WTIV,Release Transition Piece,10.0,208333.3333333333,ACTION,2330.2074578547886,MonopileInstallation,,,,
659,,Feeder 1,ActiveFeeder,107.59420525949872,336231.89143593353,ACTION,2330.2074578547886,MonopileInstallation,,Site,,
660,,WTIV,Crane Reequip,1.0,20833.333333333332,ACTION,2331.2074578547886,MonopileInstallation,MonopileInstallation,,40.0,
661,,Feeder 1,Jackdown,1.6666666666666667,5208.333333333334,ACTION,2331.874124521455,MonopileInstallation,MonopileInstallation,,,
662,,WTIV,Lower TP,1.0,20833.333333333332,ACTION,2332.2074578547886,MonopileInstallation,MonopileInstallation,,40.0,
663,,WTIV,Bolt TP,4.0,83333.33333333333,ACTION,2336.2074578547886,MonopileInstallation,MonopileInstallation,,40.0,
664,,WTIV,Jackdown,1.6666666666666667,34722.22222222222,ACTION,2337.874124521455,MonopileInstallation,MonopileInstallation,,40.0,
665,,Feeder 0,Transit,39.321634209940946,122880.10690606546,ACTION,2347.9348868052307,MonopileInstallation,,,,
666,,Feeder 0,Jackup,1.6666666666666667,5208.333333333334,ACTION,2349.601553471897,MonopileInstallation,MonopileInstallation,,,
667,,Feeder 1,Transit,39.321634209940946,122880.10690606546,ACTION,2371.195758731396,MonopileInstallation,,,,
668,,Feeder 0,Queue,21.59420525949872,67481.8914359335,ACTION,2371.195758731396,MonopileInstallation,,Site,,
669,,WTIV,Delay: Not enough vessels for monopiles,33.32163420994084,694200.7127071008,ACTION,2371.195758731396,MonopileInstallation,,Site,,
670,,WTIV,Position Onsite,5.0,104166.66666666666,ACTION,2376.195758731396,MonopileInstallation,,,,
671,,WTIV,Jackup,1.6666666666666667,34722.22222222222,ACTION,2377.8624253980624,MonopileInstallation,MonopileInstallation,,40.0,
672,,WTIV,RovSurvey,1.0,20833.333333333332,ACTION,2378.8624253980624,MonopileInstallation,MonopileInstallation,,40.0,
673,,Feeder 1,Fasten Monopile,12.0,37500.0,ACTION,2383.195758731396,MonopileInstallation,MonopileInstallation,,,
674,,WTIV,Release Monopile,10.0,208333.3333333333,ACTION,2388.8624253980624,MonopileInstallation,,,,
675,,WTIV,Upend Monopile,0.8819573087220198,18374.110598375413,ACTION,2389.7443827067846,MonopileInstallation,MonopileInstallation,,40.0,
676,,WTIV,Lower Monopile,0.005,104.16666666666666,ACTION,2389.7493827067847,MonopileInstallation,MonopileInstallation,,40.0,
677,,WTIV,Crane Reequip,1.0,20833.333333333332,ACTION,2390.7493827067847,MonopileInstallation,MonopileInstallation,,40.0,
678,,Feeder 1,Fasten Transition Piece,8.0,25000.0,ACTION,2391.195758731396,MonopileInstallation,MonopileInstallation,,,
679,,WTIV,Drive Monopile,1.2,24999.999999999996,ACTION,2391.9493827067845,MonopileInstallation,MonopileInstallation,,40.0,
680,,WTIV,Release Transition Piece,10.0,208333.3333333333,ACTION,2401.9493827067845,MonopileInstallation,,,,
681,,WTIV,Crane Reequip,1.0,20833.333333333332,ACTION,2402.9493827067845,MonopileInstallation,MonopileInstallation,,40.0,
682,,Feeder 1,Fasten Monopile,12.0,37500.0,ACTION,2403.195758731396,MonopileInstallation,MonopileInstallation,,,
683,,WTIV,Lower TP,1.0,20833.333333333332,ACTION,2403.9493827067845,MonopileInstallation,MonopileInstallation,,40.0,
684,,WTIV,Bolt TP,4.0,83333.33333333333,ACTION,2407.9493827067845,MonopileInstallation,MonopileInstallation,,40.0,
685,,WTIV,Jackdown,1.6666666666666667,34722.22222222222,ACTION,2409.616049373451,MonopileInstallation,MonopileInstallation,,40.0,
686,,Feeder 1,Fasten Transition Piece,8.0,25000.0,ACTION,2411.195758731396,MonopileInstallation,MonopileInstallation,,,
687,,WTIV,Position Onsite,5.0,104166.66666666666,ACTION,2414.616049373451,MonopileInstallation,,,,
688,,WTIV,Jackup,1.6666666666666667,34722.22222222222,ACTION,2416.2827160401175,MonopileInstallation,MonopileInstallation,,40.0,
689,,WTIV,RovSurvey,1.0,20833.333333333332,ACTION,2417.2827160401175,MonopileInstallation,MonopileInstallation,,40.0,
690,,Feeder 1,Fasten Monopile,9.0,28125.0,ACTION,2420.195758731396,MonopileInstallation,MonopileInstallation,,,
691,,Feeder 1,Delay,7.0,21875.0,ACTION,2427.195758731396,MonopileInstallation,MonopileInstallation,,,
692,,WTIV,Release Monopile,10.0,208333.3333333333,ACTION,2427.2827160401175,MonopileInstallation,,,,
693,,WTIV,Upend Monopile,0.8819573087220198,18374.110598375413,ACTION,2428.1646733488396,MonopileInstallation,MonopileInstallation,,40.0,
694,,WTIV,Lower Monopile,0.005,104.16666666666666,ACTION,2428.1696733488398,MonopileInstallation,MonopileInstallation,,40.0,
695,,WTIV,Crane Reequip,1.0,20833.333333333332,ACTION,2429.1696733488398,MonopileInstallation,MonopileInstallation,,40.0,
696,,Feeder 1,Fasten Monopile,3.0,9375.0,ACTION,2430.195758731396,MonopileInstallation,MonopileInstallation,,,
697,,WTIV,Drive Monopile,1.2,24999.999999999996,ACTION,2430.3696733488396,MonopileInstallation,MonopileInstallation,,40.0,
698,,Feeder 1,Fasten Transition Piece,8.0,25000.0,ACTION,2438.195758731396,MonopileInstallation,MonopileInstallation,,,
699,,WTIV,Release Transition Piece,10.0,208333.3333333333,ACTION,2440.3696733488396,MonopileInstallation,,,,
700,,WTIV,Crane Reequip,1.0,20833.333333333332,ACTION,2441.3696733488396,MonopileInstallation,MonopileInstallation,,40.0,
701,,WTIV,Lower TP,1.0,20833.333333333332,ACTION,2442.3696733488396,MonopileInstallation,MonopileInstallation,,40.0,
702,,WTIV,Bolt TP,4.0,83333.33333333333,ACTION,2446.3696733488396,MonopileInstallation,MonopileInstallation,,40.0,
703,,WTIV,Jackdown,1.6666666666666667,34722.22222222222,ACTION,2448.036340015506,MonopileInstallation,MonopileInstallation,,40.0,
704,,WTIV,Position Onsite,5.0,104166.66666666666,ACTION,2453.036340015506,MonopileInstallation,,,,
705,,WTIV,Jackup,1.6666666666666667,34722.22222222222,ACTION,2454.7030066821726,MonopileInstallation,MonopileInstallation,,40.0,
706,,WTIV,RovSurvey,1.0,20833.333333333332,ACTION,2455.7030066821726,MonopileInstallation,MonopileInstallation,,40.0,
707,,WTIV,Release Monopile,10.0,208333.3333333333,ACTION,2465.7030066821726,MonopileInstallation,,,,
708,,WTIV,Upend Monopile,0.8819573087220198,18374.110598375413,ACTION,2466.5849639908947,MonopileInstallation,MonopileInstallation,,40.0,
709,,WTIV,Lower Monopile,0.005,104.16666666666666,ACTION,2466.589963990895,MonopileInstallation,MonopileInstallation,,40.0,
710,,WTIV,Crane Reequip,1.0,20833.333333333332,ACTION,2467.589963990895,MonopileInstallation,MonopileInstallation,,40.0,
711,,WTIV,Drive Monopile,1.2,24999.999999999996,ACTION,2468.7899639908946,MonopileInstallation,MonopileInstallation,,40.0,
712,,Feeder 1,Transit,39.321634209940946,122880.10690606546,ACTION,2477.5173929413368,MonopileInstallation,,,,
713,,WTIV,Release Transition Piece,10.0,208333.3333333333,ACTION,2478.7899639908946,MonopileInstallation,,,,
714,,Feeder 0,ActiveFeeder,107.59420525949872,336231.89143593353,ACTION,2478.7899639908946,MonopileInstallation,,Site,,
715,,Feeder 1,Jackup,1.6666666666666667,5208.333333333334,ACTION,2479.1840596080033,MonopileInstallation,MonopileInstallation,,,
716,,WTIV,Crane Reequip,1.0,20833.333333333332,ACTION,2479.7899639908946,MonopileInstallation,MonopileInstallation,,40.0,
717,,Feeder 0,Jackdown,1.6666666666666667,5208.333333333334,ACTION,2480.456630657561,MonopileInstallation,MonopileInstallation,,,
718,,WTIV,Lower TP,1.0,20833.333333333332,ACTION,2480.7899639908946,MonopileInstallation,MonopileInstallation,,40.0,
719,,WTIV,Bolt TP,4.0,83333.33333333333,ACTION,2484.7899639908946,MonopileInstallation,MonopileInstallation,,40.0,
720,,WTIV,Jackdown,1.6666666666666667,34722.22222222222,ACTION,2486.456630657561,MonopileInstallation,MonopileInstallation,,40.0,
721,,Feeder 0,Transit,39.321634209940946,122880.10690606546,ACTION,2519.778264867502,MonopileInstallation,,,,
722,,Feeder 1,Queue,40.59420525949872,126856.8914359335,ACTION,2519.778264867502,MonopileInstallation,,Site,,
723,,WTIV,Delay: Not enough vessels for monopiles,33.32163420994084,694200.7127071008,ACTION,2519.778264867502,MonopileInstallation,,Site,,
724,,WTIV,Position Onsite,5.0,104166.66666666666,ACTION,2524.778264867502,MonopileInstallation,,,,
725,,WTIV,Jackup,1.6666666666666667,34722.22222222222,ACTION,2526.4449315341685,MonopileInstallation,MonopileInstallation,,40.0,
726,,WTIV,RovSurvey,1.0,20833.333333333332,ACTION,2527.4449315341685,MonopileInstallation,MonopileInstallation,,40.0,
727,,Feeder 0,Fasten Monopile,12.0,37500.0,ACTION,2531.778264867502,MonopileInstallation,MonopileInstallation,,,
728,,WTIV,Release Monopile,10.0,208333.3333333333,ACTION,2537.4449315341685,MonopileInstallation,,,,
729,,WTIV,Upend Monopile,0.8819573087220198,18374.110598375413,ACTION,2538.3268888428906,MonopileInstallation,MonopileInstallation,,40.0,
730,,WTIV,Lower Monopile,0.005,104.16666666666666,ACTION,2538.3318888428907,MonopileInstallation,MonopileInstallation,,40.0,
731,,WTIV,Crane Reequip,1.0,20833.333333333332,ACTION,2539.3318888428907,MonopileInstallation,MonopileInstallation,,40.0,
732,,Feeder 0,Fasten Transition Piece,8.0,25000.0,ACTION,2539.778264867502,MonopileInstallation,MonopileInstallation,,,
733,,WTIV,Drive Monopile,1.2,24999.999999999996,ACTION,2540.5318888428906,MonopileInstallation,MonopileInstallation,,40.0,
734,,WTIV,Release Transition Piece,10.0,208333.3333333333,ACTION,2550.5318888428906,MonopileInstallation,,,,
735,,WTIV,Crane Reequip,1.0,20833.333333333332,ACTION,2551.5318888428906,MonopileInstallation,MonopileInstallation,,40.0,
736,,Feeder 0,Fasten Monopile,12.0,37500.0,ACTION,2551.778264867502,MonopileInstallation,MonopileInstallation,,,
737,,WTIV,Lower TP,1.0,20833.333333333332,ACTION,2552.5318888428906,MonopileInstallation,MonopileInstallation,,40.0,
738,,WTIV,Bolt TP,4.0,83333.33333333333,ACTION,2556.5318888428906,MonopileInstallation,MonopileInstallation,,40.0,
739,,WTIV,Jackdown,1.6666666666666667,34722.22222222222,ACTION,2558.198555509557,MonopileInstallation,MonopileInstallation,,40.0,
740,,Feeder 0,Fasten Transition Piece,8.0,25000.0,ACTION,2559.778264867502,MonopileInstallation,MonopileInstallation,,,
741,,WTIV,Position Onsite,5.0,104166.66666666666,ACTION,2563.198555509557,MonopileInstallation,,,,
742,,WTIV,Jackup,1.6666666666666667,34722.22222222222,ACTION,2564.8652221762236,MonopileInstallation,MonopileInstallation,,40.0,
743,,WTIV,RovSurvey,1.0,20833.333333333332,ACTION,2565.8652221762236,MonopileInstallation,MonopileInstallation,,40.0,
744,,Feeder 0,Fasten Monopile,12.0,37500.0,ACTION,2571.778264867502,MonopileInstallation,MonopileInstallation,,,
745,,WTIV,Release Monopile,10.0,208333.3333333333,ACTION,2575.8652221762236,MonopileInstallation,,,,
746,,WTIV,Upend Monopile,0.8819573087220198,18374.110598375413,ACTION,2576.7471794849457,MonopileInstallation,MonopileInstallation,,40.0,
747,,WTIV,Lower Monopile,0.005,104.16666666666666,ACTION,2576.752179484946,MonopileInstallation,MonopileInstallation,,40.0,
748,,WTIV,Crane Reequip,1.0,20833.333333333332,ACTION,2577.752179484946,MonopileInstallation,MonopileInstallation,,40.0,
749,,WTIV,Drive Monopile,1.2,24999.999999999996,ACTION,2578.9521794849456,MonopileInstallation,MonopileInstallation,,40.0,
750,,Feeder 0,Fasten Transition Piece,8.0,25000.0,ACTION,2579.778264867502,MonopileInstallation,MonopileInstallation,,,
751,,WTIV,Release Transition Piece,10.0,208333.3333333333,ACTION,2588.9521794849456,MonopileInstallation,,,,
752,,WTIV,Crane Reequip,1.0,20833.333333333332,ACTION,2589.9521794849456,MonopileInstallation,MonopileInstallation,,40.0,
753,,WTIV,Lower TP,1.0,20833.333333333332,ACTION,2590.9521794849456,MonopileInstallation,MonopileInstallation,,40.0,
754,,WTIV,Bolt TP,4.0,83333.33333333333,ACTION,2594.9521794849456,MonopileInstallation,MonopileInstallation,,40.0,
755,,WTIV,Jackdown,1.6666666666666667,34722.22222222222,ACTION,2596.618846151612,MonopileInstallation,MonopileInstallation,,40.0,
756,,WTIV,Position Onsite,5.0,104166.66666666666,ACTION,2601.618846151612,MonopileInstallation,,,,
757,,WTIV,Jackup,1.6666666666666667,34722.22222222222,ACTION,2603.2855128182787,MonopileInstallation,MonopileInstallation,,40.0,
758,,WTIV,RovSurvey,1.0,20833.333333333332,ACTION,2604.2855128182787,MonopileInstallation,MonopileInstallation,,40.0,
759,,WTIV,Release Monopile,10.0,208333.3333333333,ACTION,2614.2855128182787,MonopileInstallation,,,,
760,,WTIV,Upend Monopile,0.8819573087220198,18374.110598375413,ACTION,2615.167470127001,MonopileInstallation,MonopileInstallation,,40.0,
761,,WTIV,Lower Monopile,0.005,104.16666666666666,ACTION,2615.172470127001,MonopileInstallation,MonopileInstallation,,40.0,
762,,WTIV,Crane Reequip,1.0,20833.333333333332,ACTION,2616.172470127001,MonopileInstallation,MonopileInstallation,,40.0,
763,,WTIV,Drive Monopile,1.2,24999.999999999996,ACTION,2617.3724701270007,MonopileInstallation,MonopileInstallation,,40.0,
764,,Feeder 0,Transit,39.321634209940946,122880.10690606546,ACTION,2619.099899077443,MonopileInstallation,,,,
765,,Feeder 0,Jackup,1.6666666666666667,5208.333333333334,ACTION,2620.7665657441094,MonopileInstallation,MonopileInstallation,,,
766,,WTIV,Release Transition Piece,10.0,208333.3333333333,ACTION,2627.3724701270007,MonopileInstallation,,,,
767,,Feeder 1,ActiveFeeder,107.59420525949872,336231.89143593353,ACTION,2627.3724701270007,MonopileInstallation,,Site,,
768,,WTIV,Crane Reequip,1.0,20833.333333333332,ACTION,2628.3724701270007,MonopileInstallation,MonopileInstallation,,40.0,
769,,Feeder 1,Jackdown,1.6666666666666667,5208.333333333334,ACTION,2629.0391367936672,MonopileInstallation,MonopileInstallation,,,
770,,WTIV,Lower TP,1.0,20833.333333333332,ACTION,2629.3724701270007,MonopileInstallation,MonopileInstallation,,40.0,
771,,WTIV,Bolt TP,4.0,83333.33333333333,ACTION,2633.3724701270007,MonopileInstallation,MonopileInstallation,,40.0,
772,,WTIV,Jackdown,1.6666666666666667,34722.22222222222,ACTION,2635.0391367936672,MonopileInstallation,MonopileInstallation,,40.0,
773,,Feeder 1,Transit,39.321634209940946,122880.10690606546,ACTION,2668.360771003608,MonopileInstallation,,,,
774,,Feeder 0,Queue,47.59420525949872,148731.8914359335,ACTION,2668.360771003608,MonopileInstallation,,Site,,
775,,WTIV,Delay: Not enough vessels for monopiles,33.32163420994084,694200.7127071008,ACTION,2668.360771003608,MonopileInstallation,,Site,,
776,,WTIV,Position Onsite,5.0,104166.66666666666,ACTION,2673.360771003608,MonopileInstallation,,,,
777,,WTIV,Jackup,1.6666666666666667,34722.22222222222,ACTION,2675.0274376702746,MonopileInstallation,MonopileInstallation,,40.0,
778,,WTIV,RovSurvey,1.0,20833.333333333332,ACTION,2676.0274376702746,MonopileInstallation,MonopileInstallation,,40.0,
779,,Feeder 1,Fasten Monopile,12.0,37500.0,ACTION,2680.360771003608,MonopileInstallation,MonopileInstallation,,,
780,,WTIV,Release Monopile,10.0,208333.3333333333,ACTION,2686.0274376702746,MonopileInstallation,,,,
781,,WTIV,Upend Monopile,0.8819573087220198,18374.110598375413,ACTION,2686.9093949789967,MonopileInstallation,MonopileInstallation,,40.0,
782,,WTIV,Lower Monopile,0.005,104.16666666666666,ACTION,2686.914394978997,MonopileInstallation,MonopileInstallation,,40.0,
783,,WTIV,Crane Reequip,1.0,20833.333333333332,ACTION,2687.914394978997,MonopileInstallation,MonopileInstallation,,40.0,
784,,Feeder 1,Fasten Transition Piece,8.0,25000.0,ACTION,2688.360771003608,MonopileInstallation,MonopileInstallation,,,
785,,WTIV,Drive Monopile,1.2,24999.999999999996,ACTION,2689.1143949789966,MonopileInstallation,MonopileInstallation,,40.0,
786,,WTIV,Release Transition Piece,10.0,208333.3333333333,ACTION,2699.1143949789966,MonopileInstallation,,,,
787,,WTIV,Crane Reequip,1.0,20833.333333333332,ACTION,2700.1143949789966,MonopileInstallation,MonopileInstallation,,40.0,
788,,Feeder 1,Fasten Monopile,12.0,37500.0,ACTION,2700.360771003608,MonopileInstallation,MonopileInstallation,,,
789,,WTIV,Lower TP,1.0,20833.333333333332,ACTION,2701.1143949789966,MonopileInstallation,MonopileInstallation,,40.0,
790,,WTIV,Bolt TP,4.0,83333.33333333333,ACTION,2705.1143949789966,MonopileInstallation,MonopileInstallation,,40.0,
791,,WTIV,Jackdown,1.6666666666666667,34722.22222222222,ACTION,2706.781061645663,MonopileInstallation,MonopileInstallation,,40.0,
792,,Feeder 1,Fasten Transition Piece,8.0,25000.0,ACTION,2708.360771003608,MonopileInstallation,MonopileInstallation,,,
793,,WTIV,Position Onsite,5.0,104166.66666666666,ACTION,2711.781061645663,MonopileInstallation,,,,
794,,WTIV,Jackup,1.6666666666666667,34722.22222222222,ACTION,2713.4477283123297,MonopileInstallation,MonopileInstallation,,40.0,
795,,WTIV,RovSurvey,1.0,20833.333333333332,ACTION,2714.4477283123297,MonopileInstallation,MonopileInstallation,,40.0,
796,,Feeder 1,Fasten Monopile,12.0,37500.0,ACTION,2720.360771003608,MonopileInstallation,MonopileInstallation,,,
797,,WTIV,Release Monopile,10.0,208333.3333333333,ACTION,2724.4477283123297,MonopileInstallation,,,,
798,,WTIV,Upend Monopile,0.8819573087220198,18374.110598375413,ACTION,2725.329685621052,MonopileInstallation,MonopileInstallation,,40.0,
799,,WTIV,Lower Monopile,0.005,104.16666666666666,ACTION,2725.334685621052,MonopileInstallation,MonopileInstallation,,40.0,
800,,WTIV,Crane Reequip,1.0,20833.333333333332,ACTION,2726.334685621052,MonopileInstallation,MonopileInstallation,,40.0,
801,,WTIV,Drive Monopile,1.2,24999.999999999996,ACTION,2727.5346856210517,MonopileInstallation,MonopileInstallation,,40.0,
802,,Feeder 1,Fasten Transition Piece,8.0,25000.0,ACTION,2728.360771003608,MonopileInstallation,MonopileInstallation,,,
803,,WTIV,Release Transition Piece,10.0,208333.3333333333,ACTION,2737.5346856210517,MonopileInstallation,,,,
804,,WTIV,Crane Reequip,1.0,20833.333333333332,ACTION,2738.5346856210517,MonopileInstallation,MonopileInstallation,,40.0,
805,1.0,WTIV,Mobilize,168.0,2100000.0,ACTION,2738.618641347311,TurbineInstallation,,,,
806,0.5,Feeder 0,Mobilize,72.0,112500.0,ACTION,2738.618641347311,TurbineInstallation,,,,
807,0.5,Feeder 1,Mobilize,72.0,112500.0,ACTION,2738.618641347311,TurbineInstallation,,,,
808,,WTIV,Lower TP,1.0,20833.333333333332,ACTION,2739.5346856210517,MonopileInstallation,MonopileInstallation,,40.0,
809,,Feeder 0,Fasten Tower Section,2.0,6250.0,ACTION,2740.618641347311,TurbineInstallation,TurbineInstallation,,,
810,,Feeder 0,Fasten Tower Section,2.0,6250.0,ACTION,2742.618641347311,TurbineInstallation,TurbineInstallation,,,
811,,WTIV,Transit,4.830692249219678,60383.65311524597,ACTION,2743.449333596531,TurbineInstallation,,,,
812,,WTIV,Bolt TP,4.0,83333.33333333333,ACTION,2743.5346856210517,MonopileInstallation,MonopileInstallation,,40.0,
813,,Feeder 0,Fasten Nacelle,2.0,6250.0,ACTION,2744.618641347311,TurbineInstallation,TurbineInstallation,,,
814,,WTIV,Jackdown,1.6666666666666667,34722.22222222222,ACTION,2745.2013522877182,MonopileInstallation,MonopileInstallation,,40.0,
815,,Feeder 0,Fasten Blade,0.75,2343.75,ACTION,2745.368641347311,TurbineInstallation,TurbineInstallation,,,
816,,Feeder 0,Fasten Blade,0.75,2343.75,ACTION,2746.118641347311,TurbineInstallation,TurbineInstallation,,,
817,,Feeder 0,Fasten Blade,0.75,2343.75,ACTION,2746.868641347311,TurbineInstallation,TurbineInstallation,,,
818,,Feeder 1,Queue,8.25,25781.25,ACTION,2746.868641347311,TurbineInstallation,,,,
819,,Feeder 1,Fasten Tower Section,2.0,6250.0,ACTION,2748.868641347311,TurbineInstallation,TurbineInstallation,,,
820,,WTIV,Position Onsite,5.0,104166.66666666666,ACTION,2750.2013522877182,MonopileInstallation,,,,
821,,Feeder 1,Fasten Tower Section,2.0,6250.0,ACTION,2750.868641347311,TurbineInstallation,TurbineInstallation,,,
822,,Feeder 0,Transit,4.830692249219678,15095.913278811493,ACTION,2751.699333596531,TurbineInstallation,,,,
823,,WTIV,Jackup,1.6666666666666667,34722.22222222222,ACTION,2751.8680189543848,MonopileInstallation,MonopileInstallation,,40.0,
824,,WTIV,RovSurvey,1.0,20833.333333333332,ACTION,2752.8680189543848,MonopileInstallation,MonopileInstallation,,40.0,
825,,Feeder 1,Fasten Nacelle,2.0,6250.0,ACTION,2752.868641347311,TurbineInstallation,TurbineInstallation,,,
826,,Feeder 0,Jackup,1.6666666666666667,5208.333333333334,ACTION,2753.3660002631973,TurbineInstallation,TurbineInstallation,,,
827,,WTIV,Delay: Not enough vessels for turbines,9.916666666666664,123958.3333333333,ACTION,2753.3660002631973,TurbineInstallation,,Site,,
828,,Feeder 1,Fasten Blade,0.75,2343.75,ACTION,2753.618641347311,TurbineInstallation,TurbineInstallation,,,
829,,Feeder 1,Fasten Blade,0.75,2343.75,ACTION,2754.368641347311,TurbineInstallation,TurbineInstallation,,,
830,,Feeder 1,Fasten Blade,0.75,2343.75,ACTION,2755.118641347311,TurbineInstallation,TurbineInstallation,,,
831,,WTIV,Position Onsite,5.0,62500.0,ACTION,2758.3660002631973,TurbineInstallation,,,,
832,,WTIV,Jackup,0.43333333333333335,5416.666666666667,ACTION,2758.7993335965307,TurbineInstallation,TurbineInstallation,,40.0,132.0
833,,WTIV,Release Tower Section,1.0,12500.0,ACTION,2759.7993335965307,TurbineInstallation,,,,
834,,Feeder 1,Transit,4.830692249219678,15095.913278811493,ACTION,2759.949333596531,TurbineInstallation,,,,
835,,WTIV,Lift Tower Section,0.66,8250.0,ACTION,2760.4593335965305,TurbineInstallation,TurbineInstallation,,40.0,132.0
836,,Feeder 1,Jackup,1.6666666666666667,5208.333333333334,ACTION,2761.6160002631973,TurbineInstallation,TurbineInstallation,,,
837,,WTIV,Attach Tower Section,2.0,25000.0,ACTION,2762.4593335965305,TurbineInstallation,TurbineInstallation,,40.0,132.0
838,,WTIV,Release Monopile,10.0,208333.3333333333,ACTION,2762.8680189543848,MonopileInstallation,,,,
839,,WTIV,Release Tower Section,1.0,12500.0,ACTION,2763.4593335965305,TurbineInstallation,,,,
840,,WTIV,Upend Monopile,0.8819573087220198,18374.110598375413,ACTION,2763.749976263107,MonopileInstallation,MonopileInstallation,,40.0,
841,,WTIV,Lower Monopile,0.005,104.16666666666666,ACTION,2763.754976263107,MonopileInstallation,MonopileInstallation,,40.0,
842,,WTIV,Crane Reequip,1.0,20833.333333333332,ACTION,2764.754976263107,MonopileInstallation,MonopileInstallation,,40.0,
843,,WTIV,Lift Tower Section,1.32,16500.0,ACTION,2764.7793335965307,TurbineInstallation,TurbineInstallation,,40.0,132.0
844,,WTIV,Drive Monopile,1.2,24999.999999999996,ACTION,2765.954976263107,MonopileInstallation,MonopileInstallation,,40.0,
845,,WTIV,Attach Tower Section,2.0,25000.0,ACTION,2766.7793335965307,TurbineInstallation,TurbineInstallation,,40.0,132.0
846,,Feeder 1,Transit,39.321634209940946,122880.10690606546,ACTION,2767.682405213549,MonopileInstallation,,,,
847,,WTIV,Release Nacelle,1.0,12500.0,ACTION,2767.7793335965307,TurbineInstallation,,,,
848,,WTIV,Reequip,1.0,12500.0,ACTION,2768.7793335965307,TurbineInstallation,,,,
849,,Feeder 1,Jackup,1.6666666666666667,5208.333333333334,ACTION,2769.3490718802154,MonopileInstallation,MonopileInstallation,,,
850,,WTIV,Lift Nacelle,1.32,16500.0,ACTION,2770.099333596531,TurbineInstallation,TurbineInstallation,,40.0,132.0
851,,WTIV,Attach Nacelle,2.0,25000.0,ACTION,2772.099333596531,TurbineInstallation,TurbineInstallation,,40.0,132.0
852,,WTIV,Reequip,1.0,12500.0,ACTION,2773.099333596531,TurbineInstallation,,,,
853,,WTIV,Release Blade,0.5,6250.0,ACTION,2773.599333596531,TurbineInstallation,,,,
854,,WTIV,Lift Blade,1.32,16500.0,ACTION,2774.9193335965306,TurbineInstallation,TurbineInstallation,,40.0,132.0
855,,WTIV,Release Transition Piece,10.0,208333.3333333333,ACTION,2775.954976263107,MonopileInstallation,,,,
856,,Feeder 0,ActiveFeeder,107.59420525949872,336231.89143593353,ACTION,2775.954976263107,MonopileInstallation,,Site,,
857,,WTIV,Attach Blade,1.5,18750.0,ACTION,2776.4193335965306,TurbineInstallation,TurbineInstallation,,40.0,132.0
858,,WTIV,Release Blade,0.5,6250.0,ACTION,2776.9193335965306,TurbineInstallation,,,,
859,,WTIV,Crane Reequip,1.0,20833.333333333332,ACTION,2776.954976263107,MonopileInstallation,MonopileInstallation,,40.0,
860,,Feeder 0,Jackdown,1.6666666666666667,5208.333333333334,ACTION,2777.6216429297733,MonopileInstallation,MonopileInstallation,,,
861,,WTIV,Lower TP,1.0,20833.333333333332,ACTION,2777.954976263107,MonopileInstallation,MonopileInstallation,,40.0,
862,,WTIV,Lift Blade,1.32,16500.0,ACTION,2778.2393335965307,TurbineInstallation,TurbineInstallation,,40.0,132.0
863,,WTIV,Attach Blade,1.5,18750.0,ACTION,2779.7393335965307,TurbineInstallation,TurbineInstallation,,40.0,132.0
864,,WTIV,Release Blade,0.5,6250.0,ACTION,2780.2393335965307,TurbineInstallation,,,,
865,,Feeder 0,ActiveFeeder,26.873333333333335,83979.16666666667,ACTION,2780.2393335965307,TurbineInstallation,,Site,,
866,,Feeder 1,Queue,18.623333333333335,58197.91666666667,ACTION,2780.2393335965307,TurbineInstallation,,Site,,
867,,WTIV,Lift Blade,1.32,16500.0,ACTION,2781.559333596531,TurbineInstallation,TurbineInstallation,,40.0,132.0
868,,Feeder 0,Jackdown,1.6666666666666667,5208.333333333334,ACTION,2781.9060002631973,TurbineInstallation,TurbineInstallation,,,
869,,WTIV,Bolt TP,4.0,83333.33333333333,ACTION,2781.954976263107,MonopileInstallation,MonopileInstallation,,40.0,
870,,WTIV,Attach Blade,1.5,18750.0,ACTION,2783.059333596531,TurbineInstallation,TurbineInstallation,,40.0,132.0
871,,WTIV,Jackdown,0.43333333333333335,5416.666666666667,ACTION,2783.492666929864,TurbineInstallation,TurbineInstallation,,40.0,132.0
872,,WTIV,Jackdown,1.6666666666666667,34722.22222222222,ACTION,2783.6216429297733,MonopileInstallation,MonopileInstallation,,40.0,
873,,Feeder 0,Transit,4.830692249219678,15095.913278811493,ACTION,2786.736692512417,TurbineInstallation,,,,
874,,WTIV,Position Onsite,5.0,62500.0,ACTION,2788.492666929864,TurbineInstallation,,,,
875,,Feeder 0,Fasten Tower Section,2.0,6250.0,ACTION,2788.736692512417,TurbineInstallation,TurbineInstallation,,,
876,,WTIV,Jackup,0.43333333333333335,5416.666666666667,ACTION,2788.9260002631972,TurbineInstallation,TurbineInstallation,,40.0,132.0
877,,WTIV,Release Tower Section,1.0,12500.0,ACTION,2789.9260002631972,TurbineInstallation,,,,
878,,WTIV,Lift Tower Section,0.66,8250.0,ACTION,2790.5860002631975,TurbineInstallation,TurbineInstallation,,40.0,132.0
879,,Feeder 0,Fasten Tower Section,2.0,6250.0,ACTION,2790.736692512417,TurbineInstallation,TurbineInstallation,,,
880,,WTIV,Attach Tower Section,2.0,25000.0,ACTION,2792.5860002631975,TurbineInstallation,TurbineInstallation,,40.0,132.0
881,,Feeder 0,Fasten Nacelle,2.0,6250.0,ACTION,2792.736692512417,TurbineInstallation,TurbineInstallation,,,
882,,Feeder 0,Fasten Blade,0.75,2343.75,ACTION,2793.486692512417,TurbineInstallation,TurbineInstallation,,,
883,,WTIV,Release Tower Section,1.0,12500.0,ACTION,2793.5860002631975,TurbineInstallation,,,,
884,,Feeder 0,Fasten Blade,0.75,2343.75,ACTION,2794.236692512417,TurbineInstallation,TurbineInstallation,,,
885,,WTIV,Lift Tower Section,1.32,16500.0,ACTION,2794.9060002631973,TurbineInstallation,TurbineInstallation,,40.0,132.0
886,,Feeder 0,Fasten Blade,0.75,2343.75,ACTION,2794.986692512417,TurbineInstallation,TurbineInstallation,,,
887,,WTIV,Attach Tower Section,2.0,25000.0,ACTION,2796.9060002631973,TurbineInstallation,TurbineInstallation,,40.0,132.0
888,,WTIV,Release Nacelle,1.0,12500.0,ACTION,2797.9060002631973,TurbineInstallation,,,,
889,,WTIV,Reequip,1.0,12500.0,ACTION,2798.9060002631973,TurbineInstallation,,,,
890,,Feeder 0,Transit,4.830692249219678,15095.913278811493,ACTION,2799.8173847616367,TurbineInstallation,,,,
891,,WTIV,Lift Nacelle,1.32,16500.0,ACTION,2800.2260002631974,TurbineInstallation,TurbineInstallation,,40.0,132.0
892,,Feeder 0,Jackup,1.6666666666666667,5208.333333333334,ACTION,2801.4840514283032,TurbineInstallation,TurbineInstallation,,,
893,,WTIV,Attach Nacelle,2.0,25000.0,ACTION,2802.2260002631974,TurbineInstallation,TurbineInstallation,,40.0,132.0
894,,WTIV,Reequip,1.0,12500.0,ACTION,2803.2260002631974,TurbineInstallation,,,,
895,,WTIV,Release Blade,0.5,6250.0,ACTION,2803.7260002631974,TurbineInstallation,,,,
896,,WTIV,Lift Blade,1.32,16500.0,ACTION,2805.0460002631976,TurbineInstallation,TurbineInstallation,,40.0,132.0
897,,WTIV,Attach Blade,1.5,18750.0,ACTION,2806.5460002631976,TurbineInstallation,TurbineInstallation,,40.0,132.0
898,,WTIV,Release Blade,0.5,6250.0,ACTION,2807.0460002631976,TurbineInstallation,,,,
899,,WTIV,Lift Blade,1.32,16500.0,ACTION,2808.3660002631973,TurbineInstallation,TurbineInstallation,,40.0,132.0
900,,WTIV,Attach Blade,1.5,18750.0,ACTION,2809.8660002631973,TurbineInstallation,TurbineInstallation,,40.0,132.0
901,,WTIV,Release Blade,0.5,6250.0,ACTION,2810.3660002631973,TurbineInstallation,,,,
902,,Feeder 1,ActiveFeeder,30.126666666666644,94145.83333333326,ACTION,2810.3660002631973,TurbineInstallation,,Site,,
903,,Feeder 0,Queue,8.881948834893954,27756.09010904361,ACTION,2810.3660002631973,TurbineInstallation,,Site,,
904,,WTIV,Lift Blade,1.32,16500.0,ACTION,2811.6860002631975,TurbineInstallation,TurbineInstallation,,40.0,132.0
905,,Feeder 1,Jackdown,1.6666666666666667,5208.333333333334,ACTION,2812.032666929864,TurbineInstallation,TurbineInstallation,,,
906,,WTIV,Attach Blade,1.5,18750.0,ACTION,2813.1860002631975,TurbineInstallation,TurbineInstallation,,40.0,132.0
907,,WTIV,Jackdown,0.43333333333333335,5416.666666666667,ACTION,2813.619333596531,TurbineInstallation,TurbineInstallation,,40.0,132.0
908,,Feeder 1,Transit,4.830692249219678,15095.913278811493,ACTION,2816.8633591790835,TurbineInstallation,,,,
909,,Feeder 0,Transit,39.321634209940946,122880.10690606546,ACTION,2816.943277139714,MonopileInstallation,,,,
910,,Feeder 1,Queue,47.59420525949872,148731.8914359335,ACTION,2816.943277139714,MonopileInstallation,,Site,,
911,,WTIV,Delay: Not enough vessels for monopiles,33.32163420994084,694200.7127071008,ACTION,2816.943277139714,MonopileInstallation,,Site,,
912,,WTIV,Position Onsite,5.0,62500.0,ACTION,2818.619333596531,TurbineInstallation,,,,
913,,Feeder 1,Fasten Tower Section,2.0,6250.0,ACTION,2818.8633591790835,TurbineInstallation,TurbineInstallation,,,
914,,WTIV,Jackup,0.43333333333333335,5416.666666666667,ACTION,2819.0526669298642,TurbineInstallation,TurbineInstallation,,40.0,132.0
915,,WTIV,Release Tower Section,1.0,12500.0,ACTION,2820.0526669298642,TurbineInstallation,,,,
916,,WTIV,Lift Tower Section,0.66,8250.0,ACTION,2820.712666929864,TurbineInstallation,TurbineInstallation,,40.0,132.0
917,,Feeder 1,Fasten Tower Section,2.0,6250.0,ACTION,2820.8633591790835,TurbineInstallation,TurbineInstallation,,,
918,,WTIV,Position Onsite,5.0,104166.66666666666,ACTION,2821.943277139714,MonopileInstallation,,,,
919,,WTIV,Attach Tower Section,2.0,25000.0,ACTION,2822.712666929864,TurbineInstallation,TurbineInstallation,,40.0,132.0
920,,Feeder 1,Fasten Nacelle,2.0,6250.0,ACTION,2822.8633591790835,TurbineInstallation,TurbineInstallation,,,
921,,WTIV,Jackup,1.6666666666666667,34722.22222222222,ACTION,2823.6099438063807,MonopileInstallation,MonopileInstallation,,40.0,
922,,Feeder 1,Fasten Blade,0.75,2343.75,ACTION,2823.6133591790835,TurbineInstallation,TurbineInstallation,,,
923,,WTIV,Release Tower Section,1.0,12500.0,ACTION,2823.712666929864,TurbineInstallation,,,,
924,,Feeder 1,Fasten Blade,0.75,2343.75,ACTION,2824.3633591790835,TurbineInstallation,TurbineInstallation,,,
925,,WTIV,RovSurvey,1.0,20833.333333333332,ACTION,2824.6099438063807,MonopileInstallation,MonopileInstallation,,40.0,
926,,WTIV,Lift Tower Section,1.32,16500.0,ACTION,2825.032666929864,TurbineInstallation,TurbineInstallation,,40.0,132.0
927,,Feeder 1,Fasten Blade,0.75,2343.75,ACTION,2825.1133591790835,TurbineInstallation,TurbineInstallation,,,
928,,WTIV,Attach Tower Section,2.0,25000.0,ACTION,2827.032666929864,TurbineInstallation,TurbineInstallation,,40.0,132.0
929,,WTIV,Release Nacelle,1.0,12500.0,ACTION,2828.032666929864,TurbineInstallation,,,,
930,,Feeder 0,Fasten Monopile,12.0,37500.0,ACTION,2828.943277139714,MonopileInstallation,MonopileInstallation,,,
931,,WTIV,Reequip,1.0,12500.0,ACTION,2829.032666929864,TurbineInstallation,,,,
932,,Feeder 1,Transit,4.830692249219678,15095.913278811493,ACTION,2829.9440514283033,TurbineInstallation,,,,
933,,WTIV,Lift Nacelle,1.32,16500.0,ACTION,2830.352666929864,TurbineInstallation,TurbineInstallation,,40.0,132.0
934,,Feeder 1,Jackup,1.6666666666666667,5208.333333333334,ACTION,2831.6107180949703,TurbineInstallation,TurbineInstallation,,,
935,,WTIV,Attach Nacelle,2.0,25000.0,ACTION,2832.352666929864,TurbineInstallation,TurbineInstallation,,40.0,132.0
936,,WTIV,Reequip,1.0,12500.0,ACTION,2833.352666929864,TurbineInstallation,,,,
937,,WTIV,Release Blade,0.5,6250.0,ACTION,2833.852666929864,TurbineInstallation,,,,
938,,WTIV,Release Monopile,10.0,208333.3333333333,ACTION,2834.6099438063807,MonopileInstallation,,,,
939,,WTIV,Lift Blade,1.32,16500.0,ACTION,2835.172666929864,TurbineInstallation,TurbineInstallation,,40.0,132.0
940,,WTIV,Upend Monopile,0.8819573087220198,18374.110598375413,ACTION,2835.491901115103,MonopileInstallation,MonopileInstallation,,40.0,
941,,WTIV,Lower Monopile,0.005,104.16666666666666,ACTION,2835.496901115103,MonopileInstallation,MonopileInstallation,,40.0,
942,,WTIV,Crane Reequip,1.0,20833.333333333332,ACTION,2836.496901115103,MonopileInstallation,MonopileInstallation,,40.0,
943,,WTIV,Attach Blade,1.5,18750.0,ACTION,2836.672666929864,TurbineInstallation,TurbineInstallation,,40.0,132.0
944,,Feeder 0,Fasten Transition Piece,8.0,25000.0,ACTION,2836.943277139714,MonopileInstallation,MonopileInstallation,,,
945,,WTIV,Release Blade,0.5,6250.0,ACTION,2837.172666929864,TurbineInstallation,,,,
946,,WTIV,Drive Monopile,1.2,24999.999999999996,ACTION,2837.6969011151027,MonopileInstallation,MonopileInstallation,,40.0,
947,,WTIV,Lift Blade,1.32,16500.0,ACTION,2838.492666929864,TurbineInstallation,TurbineInstallation,,40.0,132.0
948,,WTIV,Attach Blade,1.5,18750.0,ACTION,2839.992666929864,TurbineInstallation,TurbineInstallation,,40.0,132.0
949,,WTIV,Release Blade,0.5,6250.0,ACTION,2840.492666929864,TurbineInstallation,,,,
950,,Feeder 0,ActiveFeeder,30.126666666666637,94145.83333333324,ACTION,2840.492666929864,TurbineInstallation,,Site,,
951,,Feeder 1,Queue,8.881948834893933,27756.09010904354,ACTION,2840.492666929864,TurbineInstallation,,Site,,
952,,WTIV,Lift Blade,1.32,16500.0,ACTION,2841.812666929864,TurbineInstallation,TurbineInstallation,,40.0,132.0
953,,Feeder 0,Jackdown,1.6666666666666667,5208.333333333334,ACTION,2842.159333596531,TurbineInstallation,TurbineInstallation,,,
954,,WTIV,Attach Blade,1.5,18750.0,ACTION,2843.312666929864,TurbineInstallation,TurbineInstallation,,40.0,132.0
955,,WTIV,Jackdown,0.43333333333333335,5416.666666666667,ACTION,2843.7460002631974,TurbineInstallation,TurbineInstallation,,40.0,132.0
956,,Feeder 0,Transit,4.830692249219678,15095.913278811493,ACTION,2846.9900258457506,TurbineInstallation,,,,
957,,WTIV,Release Transition Piece,10.0,208333.3333333333,ACTION,2847.6969011151027,MonopileInstallation,,,,
958,,WTIV,Crane Reequip,1.0,20833.333333333332,ACTION,2848.6969011151027,MonopileInstallation,MonopileInstallation,,40.0,
959,,WTIV,Position Onsite,5.0,62500.0,ACTION,2848.7460002631974,TurbineInstallation,,,,
960,,Feeder 0,Fasten Monopile,12.0,37500.0,ACTION,2848.943277139714,MonopileInstallation,MonopileInstallation,,,
961,,Feeder 0,Fasten Tower Section,2.0,6250.0,ACTION,2848.9900258457506,TurbineInstallation,TurbineInstallation,,,
962,,WTIV,Jackup,0.43333333333333335,5416.666666666667,ACTION,2849.179333596531,TurbineInstallation,TurbineInstallation,,40.0,132.0
963,,WTIV,Lower TP,1.0,20833.333333333332,ACTION,2849.6969011151027,MonopileInstallation,MonopileInstallation,,40.0,
964,,WTIV,Release Tower Section,1.0,12500.0,ACTION,2850.179333596531,TurbineInstallation,,,,
965,,WTIV,Lift Tower Section,0.66,8250.0,ACTION,2850.8393335965307,TurbineInstallation,TurbineInstallation,,40.0,132.0
966,,Feeder 0,Fasten Tower Section,2.0,6250.0,ACTION,2850.9900258457506,TurbineInstallation,TurbineInstallation,,,
967,,WTIV,Attach Tower Section,2.0,25000.0,ACTION,2852.8393335965307,TurbineInstallation,TurbineInstallation,,40.0,132.0
968,,Feeder 0,Fasten Nacelle,2.0,6250.0,ACTION,2852.9900258457506,TurbineInstallation,TurbineInstallation,,,
969,,WTIV,Bolt TP,4.0,83333.33333333333,ACTION,2853.6969011151027,MonopileInstallation,MonopileInstallation,,40.0,
970,,Feeder 0,Fasten Blade,0.75,2343.75,ACTION,2853.7400258457506,TurbineInstallation,TurbineInstallation,,,
971,,WTIV,Release Tower Section,1.0,12500.0,ACTION,2853.8393335965307,TurbineInstallation,,,,
972,,Feeder 0,Fasten Blade,0.75,2343.75,ACTION,2854.4900258457506,TurbineInstallation,TurbineInstallation,,,
973,,WTIV,Lift Tower Section,1.32,16500.0,ACTION,2855.159333596531,TurbineInstallation,TurbineInstallation,,40.0,132.0
974,,Feeder 0,Fasten Blade,0.75,2343.75,ACTION,2855.2400258457506,TurbineInstallation,TurbineInstallation,,,
975,,WTIV,Jackdown,1.6666666666666667,34722.22222222222,ACTION,2855.3635677817692,MonopileInstallation,MonopileInstallation,,40.0,
976,,Feeder 0,Fasten Transition Piece,8.0,25000.0,ACTION,2856.943277139714,MonopileInstallation,MonopileInstallation,,,
977,,WTIV,Attach Tower Section,2.0,25000.0,ACTION,2857.159333596531,TurbineInstallation,TurbineInstallation,,40.0,132.0
978,,WTIV,Release Nacelle,1.0,12500.0,ACTION,2858.159333596531,TurbineInstallation,,,,
979,,WTIV,Reequip,1.0,12500.0,ACTION,2859.159333596531,TurbineInstallation,,,,
980,,Feeder 0,Transit,4.830692249219678,15095.913278811493,ACTION,2860.07071809497,TurbineInstallation,,,,
981,,WTIV,Position Onsite,5.0,104166.66666666666,ACTION,2860.3635677817692,MonopileInstallation,,,,
982,,WTIV,Lift Nacelle,1.32,16500.0,ACTION,2860.4793335965305,TurbineInstallation,TurbineInstallation,,40.0,132.0
983,,Feeder 0,Jackup,1.6666666666666667,5208.333333333334,ACTION,2861.737384761637,TurbineInstallation,TurbineInstallation,,,
984,,WTIV,Jackup,1.6666666666666667,34722.22222222222,ACTION,2862.0302344484357,MonopileInstallation,MonopileInstallation,,40.0,
985,,WTIV,Attach Nacelle,2.0,25000.0,ACTION,2862.4793335965305,TurbineInstallation,TurbineInstallation,,40.0,132.0
986,,WTIV,RovSurvey,1.0,20833.333333333332,ACTION,2863.0302344484357,MonopileInstallation,MonopileInstallation,,40.0,
987,,WTIV,Reequip,1.0,12500.0,ACTION,2863.4793335965305,TurbineInstallation,,,,
988,,WTIV,Release Blade,0.5,6250.0,ACTION,2863.9793335965305,TurbineInstallation,,,,
989,,WTIV,Lift Blade,1.32,16500.0,ACTION,2865.2993335965307,TurbineInstallation,TurbineInstallation,,40.0,132.0
990,,WTIV,Attach Blade,1.5,18750.0,ACTION,2866.7993335965307,TurbineInstallation,TurbineInstallation,,40.0,132.0
991,,WTIV,Release Blade,0.5,6250.0,ACTION,2867.2993335965307,TurbineInstallation,,,,
992,,WTIV,Lift Blade,1.32,16500.0,ACTION,2868.619333596531,TurbineInstallation,TurbineInstallation,,40.0,132.0
993,,Feeder 0,Fasten Monopile,12.0,37500.0,ACTION,2868.943277139714,MonopileInstallation,MonopileInstallation,,,
994,,WTIV,Attach Blade,1.5,18750.0,ACTION,2870.119333596531,TurbineInstallation,TurbineInstallation,,40.0,132.0
995,,WTIV,Release Blade,0.5,6250.0,ACTION,2870.619333596531,TurbineInstallation,,,,
996,,Feeder 1,ActiveFeeder,30.126666666666623,94145.8333333332,ACTION,2870.619333596531,TurbineInstallation,,Site,,
997,,Feeder 0,Queue,8.881948834893919,27756.090109043496,ACTION,2870.619333596531,TurbineInstallation,,Site,,
998,,WTIV,Lift Blade,1.32,16500.0,ACTION,2871.9393335965306,TurbineInstallation,TurbineInstallation,,40.0,132.0
999,,Feeder 1,Jackdown,1.6666666666666667,5208.333333333334,ACTION,2872.2860002631974,TurbineInstallation,TurbineInstallation,,,
1000,,WTIV,Release Monopile,10.0,208333.3333333333,ACTION,2873.0302344484357,MonopileInstallation,,,,
1001,,WTIV,Attach Blade,1.5,18750.0,ACTION,2873.4393335965306,TurbineInstallation,TurbineInstallation,,40.0,132.0
1002,,WTIV,Jackdown,0.43333333333333335,5416.666666666667,ACTION,2873.872666929864,TurbineInstallation,TurbineInstallation,,40.0,132.0
1003,,WTIV,Upend Monopile,0.8819573087220198,18374.110598375413,ACTION,2873.912191757158,MonopileInstallation,MonopileInstallation,,40.0,
1004,,WTIV,Lower Monopile,0.005,104.16666666666666,ACTION,2873.917191757158,MonopileInstallation,MonopileInstallation,,40.0,
1005,,WTIV,Crane Reequip,1.0,20833.333333333332,ACTION,2874.917191757158,MonopileInstallation,MonopileInstallation,,40.0,
1006,,WTIV,Drive Monopile,1.2,24999.999999999996,ACTION,2876.117191757158,MonopileInstallation,MonopileInstallation,,40.0,
1007,,Feeder 0,Fasten Transition Piece,8.0,25000.0,ACTION,2876.943277139714,MonopileInstallation,MonopileInstallation,,,
1008,,Feeder 1,Transit,4.830692249219678,15095.913278811493,ACTION,2877.116692512417,TurbineInstallation,,,,
1009,,WTIV,Position Onsite,5.0,62500.0,ACTION,2878.872666929864,TurbineInstallation,,,,
1010,,Feeder 1,Fasten Tower Section,2.0,6250.0,ACTION,2879.116692512417,TurbineInstallation,TurbineInstallation,,,
1011,,WTIV,Jackup,0.43333333333333335,5416.666666666667,ACTION,2879.3060002631973,TurbineInstallation,TurbineInstallation,,40.0,132.0
1012,,WTIV,Release Tower Section,1.0,12500.0,ACTION,2880.3060002631973,TurbineInstallation,,,,
1013,,WTIV,Lift Tower Section,0.66,8250.0,ACTION,2880.966000263197,TurbineInstallation,TurbineInstallation,,40.0,132.0
1014,,Feeder 1,Fasten Tower Section,2.0,6250.0,ACTION,2881.116692512417,TurbineInstallation,TurbineInstallation,,,
1015,,WTIV,Attach Tower Section,2.0,25000.0,ACTION,2882.966000263197,TurbineInstallation,TurbineInstallation,,40.0,132.0
1016,,Feeder 1,Fasten Nacelle,2.0,6250.0,ACTION,2883.116692512417,TurbineInstallation,TurbineInstallation,,,
1017,,Feeder 1,Fasten Blade,0.75,2343.75,ACTION,2883.866692512417,TurbineInstallation,TurbineInstallation,,,
1018,,WTIV,Release Tower Section,1.0,12500.0,ACTION,2883.966000263197,TurbineInstallation,,,,
1019,,Feeder 1,Fasten Blade,0.75,2343.75,ACTION,2884.616692512417,TurbineInstallation,TurbineInstallation,,,
1020,,WTIV,Lift Tower Section,1.32,16500.0,ACTION,2885.2860002631974,TurbineInstallation,TurbineInstallation,,40.0,132.0
1021,,Feeder 1,Fasten Blade,0.75,2343.75,ACTION,2885.366692512417,TurbineInstallation,TurbineInstallation,,,
1022,,WTIV,Release Transition Piece,10.0,208333.3333333333,ACTION,2886.117191757158,MonopileInstallation,,,,
1023,,WTIV,Crane Reequip,1.0,20833.333333333332,ACTION,2887.117191757158,MonopileInstallation,MonopileInstallation,,40.0,
1024,,WTIV,Attach Tower Section,2.0,25000.0,ACTION,2887.2860002631974,TurbineInstallation,TurbineInstallation,,40.0,132.0
1025,,WTIV,Lower TP,1.0,20833.333333333332,ACTION,2888.117191757158,MonopileInstallation,MonopileInstallation,,40.0,
1026,,WTIV,Release Nacelle,1.0,12500.0,ACTION,2888.2860002631974,TurbineInstallation,,,,
1027,,WTIV,Reequip,1.0,12500.0,ACTION,2889.2860002631974,TurbineInstallation,,,,
1028,,Feeder 1,Transit,4.830692249219678,15095.913278811493,ACTION,2890.197384761637,TurbineInstallation,,,,
1029,,WTIV,Lift Nacelle,1.32,16500.0,ACTION,2890.606000263197,TurbineInstallation,TurbineInstallation,,40.0,132.0
1030,,Feeder 1,Jackup,1.6666666666666667,5208.333333333334,ACTION,2891.8640514283034,TurbineInstallation,TurbineInstallation,,,
1031,,WTIV,Bolt TP,4.0,83333.33333333333,ACTION,2892.117191757158,MonopileInstallation,MonopileInstallation,,40.0,
1032,,WTIV,Attach Nacelle,2.0,25000.0,ACTION,2892.606000263197,TurbineInstallation,TurbineInstallation,,40.0,132.0
1033,,WTIV,Reequip,1.0,12500.0,ACTION,2893.606000263197,TurbineInstallation,,,,
1034,,WTIV,Jackdown,1.6666666666666667,34722.22222222222,ACTION,2893.7838584238243,MonopileInstallation,MonopileInstallation,,40.0,
1035,,WTIV,Release Blade,0.5,6250.0,ACTION,2894.106000263197,TurbineInstallation,,,,
1036,,WTIV,Lift Blade,1.32,16500.0,ACTION,2895.4260002631972,TurbineInstallation,TurbineInstallation,,40.0,132.0
1037,,WTIV,Attach Blade,1.5,18750.0,ACTION,2896.9260002631972,TurbineInstallation,TurbineInstallation,,40.0,132.0
1038,,WTIV,Release Blade,0.5,6250.0,ACTION,2897.4260002631972,TurbineInstallation,,,,
1039,,WTIV,Lift Blade,1.32,16500.0,ACTION,2898.7460002631974,TurbineInstallation,TurbineInstallation,,40.0,132.0
1040,,WTIV,Position Onsite,5.0,104166.66666666666,ACTION,2898.7838584238243,MonopileInstallation,,,,
1041,,WTIV,Attach Blade,1.5,18750.0,ACTION,2900.2460002631974,TurbineInstallation,TurbineInstallation,,40.0,132.0
1042,,WTIV,Jackup,1.6666666666666667,34722.22222222222,ACTION,2900.450525090491,MonopileInstallation,MonopileInstallation,,40.0,
1043,,WTIV,Release Blade,0.5,6250.0,ACTION,2900.7460002631974,TurbineInstallation,,,,
1044,,Feeder 0,ActiveFeeder,30.126666666666637,94145.83333333324,ACTION,2900.7460002631974,TurbineInstallation,,Site,,
1045,,Feeder 1,Queue,8.881948834893961,27756.09010904363,ACTION,2900.7460002631974,TurbineInstallation,,Site,,
1046,,WTIV,RovSurvey,1.0,20833.333333333332,ACTION,2901.450525090491,MonopileInstallation,MonopileInstallation,,40.0,
1047,,WTIV,Lift Blade,1.32,16500.0,ACTION,2902.066000263197,TurbineInstallation,TurbineInstallation,,40.0,132.0
1048,,Feeder 0,Jackdown,1.6666666666666667,5208.333333333334,ACTION,2902.412666929864,TurbineInstallation,TurbineInstallation,,,
1049,,WTIV,Attach Blade,1.5,18750.0,ACTION,2903.566000263197,TurbineInstallation,TurbineInstallation,,40.0,132.0
1050,,WTIV,Jackdown,0.43333333333333335,5416.666666666667,ACTION,2903.9993335965305,TurbineInstallation,TurbineInstallation,,40.0,132.0
1051,,Feeder 0,Transit,4.830692249219678,15095.913278811493,ACTION,2907.2433591790837,TurbineInstallation,,,,
1052,,WTIV,Position Onsite,5.0,62500.0,ACTION,2908.9993335965305,TurbineInstallation,,,,
1053,,Feeder 0,Fasten Tower Section,2.0,6250.0,ACTION,2909.2433591790837,TurbineInstallation,TurbineInstallation,,,
1054,,WTIV,Jackup,0.43333333333333335,5416.666666666667,ACTION,2909.432666929864,TurbineInstallation,TurbineInstallation,,40.0,132.0
1055,,WTIV,Release Tower Section,1.0,12500.0,ACTION,2910.432666929864,TurbineInstallation,,,,
1056,,WTIV,Lift Tower Section,0.66,8250.0,ACTION,2911.0926669298638,TurbineInstallation,TurbineInstallation,,40.0,132.0
1057,,Feeder 0,Fasten Tower Section,2.0,6250.0,ACTION,2911.2433591790837,TurbineInstallation,TurbineInstallation,,,
1058,,WTIV,Release Monopile,10.0,208333.3333333333,ACTION,2911.450525090491,MonopileInstallation,,,,
1059,,WTIV,Upend Monopile,0.8819573087220198,18374.110598375413,ACTION,2912.332482399213,MonopileInstallation,MonopileInstallation,,40.0,
1060,,WTIV,Lower Monopile,0.005,104.16666666666666,ACTION,2912.337482399213,MonopileInstallation,MonopileInstallation,,40.0,
1061,,WTIV,Attach Tower Section,2.0,25000.0,ACTION,2913.0926669298638,TurbineInstallation,TurbineInstallation,,40.0,132.0
1062,,Feeder 0,Fasten Nacelle,2.0,6250.0,ACTION,2913.2433591790837,TurbineInstallation,TurbineInstallation,,,
1063,,WTIV,Crane Reequip,1.0,20833.333333333332,ACTION,2913.337482399213,MonopileInstallation,MonopileInstallation,,40.0,
1064,,Feeder 0,Fasten Blade,0.75,2343.75,ACTION,2913.9933591790837,TurbineInstallation,TurbineInstallation,,,
1065,,WTIV,Release Tower Section,1.0,12500.0,ACTION,2914.0926669298638,TurbineInstallation,,,,
1066,,WTIV,Drive Monopile,1.2,24999.999999999996,ACTION,2914.537482399213,MonopileInstallation,MonopileInstallation,,40.0,
1067,,Feeder 0,Fasten Blade,0.75,2343.75,ACTION,2914.7433591790837,TurbineInstallation,TurbineInstallation,,,
1068,,WTIV,Lift Tower Section,1.32,16500.0,ACTION,2915.412666929864,TurbineInstallation,TurbineInstallation,,40.0,132.0
1069,,Feeder 0,Fasten Blade,0.75,2343.75,ACTION,2915.4933591790837,TurbineInstallation,TurbineInstallation,,,
1070,,Feeder 0,Transit,39.321634209940946,122880.10690606546,ACTION,2916.264911349655,MonopileInstallation,,,,
1071,,WTIV,Attach Tower Section,2.0,25000.0,ACTION,2917.412666929864,TurbineInstallation,TurbineInstallation,,40.0,132.0
1072,,Feeder 0,Jackup,1.6666666666666667,5208.333333333334,ACTION,2917.9315780163215,MonopileInstallation,MonopileInstallation,,,
1073,,WTIV,Release Nacelle,1.0,12500.0,ACTION,2918.412666929864,TurbineInstallation,,,,
1074,,WTIV,Reequip,1.0,12500.0,ACTION,2919.412666929864,TurbineInstallation,,,,
1075,,Feeder 0,Transit,4.830692249219678,15095.913278811493,ACTION,2920.3240514283034,TurbineInstallation,,,,
1076,,WTIV,Lift Nacelle,1.32,16500.0,ACTION,2920.732666929864,TurbineInstallation,TurbineInstallation,,40.0,132.0
1077,,Feeder 0,Jackup,1.6666666666666667,5208.333333333334,ACTION,2921.99071809497,TurbineInstallation,TurbineInstallation,,,
1078,,WTIV,Attach Nacelle,2.0,25000.0,ACTION,2922.732666929864,TurbineInstallation,TurbineInstallation,,40.0,132.0
1079,,WTIV,Reequip,1.0,12500.0,ACTION,2923.732666929864,TurbineInstallation,,,,
1080,,WTIV,Release Blade,0.5,6250.0,ACTION,2924.232666929864,TurbineInstallation,,,,
1081,,WTIV,Release Transition Piece,10.0,208333.3333333333,ACTION,2924.537482399213,MonopileInstallation,,,,
1082,,Feeder 1,ActiveFeeder,107.59420525949872,336231.89143593353,ACTION,2924.537482399213,MonopileInstallation,,Site,,
1083,,WTIV,Crane Reequip,1.0,20833.333333333332,ACTION,2925.537482399213,MonopileInstallation,MonopileInstallation,,40.0,
1084,,WTIV,Lift Blade,1.32,16500.0,ACTION,2925.552666929864,TurbineInstallation,TurbineInstallation,,40.0,132.0
1085,,Feeder 1,Jackdown,1.6666666666666667,5208.333333333334,ACTION,2926.2041490658794,MonopileInstallation,MonopileInstallation,,,
1086,,WTIV,Lower TP,1.0,20833.333333333332,ACTION,2926.537482399213,MonopileInstallation,MonopileInstallation,,40.0,
1087,,WTIV,Attach Blade,1.5,18750.0,ACTION,2927.052666929864,TurbineInstallation,TurbineInstallation,,40.0,132.0
1088,,WTIV,Release Blade,0.5,6250.0,ACTION,2927.552666929864,TurbineInstallation,,,,
1089,,WTIV,Bolt TP,4.0,83333.33333333333,ACTION,2930.537482399213,MonopileInstallation,MonopileInstallation,,40.0,
1090,,WTIV,Jackdown,1.6666666666666667,34722.22222222222,ACTION,2932.2041490658794,MonopileInstallation,MonopileInstallation,,40.0,
1091,,Feeder 1,Delay,12.0,37500.0,ACTION,2938.2041490658794,MonopileInstallation,,,,
1092,,WTIV,Delay,11.0,137500.0,ACTION,2938.552666929864,TurbineInstallation,TurbineInstallation,,40.0,132.0
1093,,WTIV,Lift Blade,1.32,16500.0,ACTION,2939.872666929864,TurbineInstallation,TurbineInstallation,,40.0,132.0
1094,,WTIV,Attach Blade,1.5,18750.0,ACTION,2941.372666929864,TurbineInstallation,TurbineInstallation,,40.0,132.0
1095,,WTIV,Release Blade,0.5,6250.0,ACTION,2941.872666929864,TurbineInstallation,,,,
1096,,Feeder 1,ActiveFeeder,41.12666666666664,128520.83333333324,ACTION,2941.872666929864,TurbineInstallation,,Site,,
1097,,Feeder 0,Queue,19.88194883489396,62131.09010904363,ACTION,2941.872666929864,TurbineInstallation,,Site,,
1098,,WTIV,Lift Blade,1.32,16500.0,ACTION,2943.1926669298637,TurbineInstallation,TurbineInstallation,,40.0,132.0
1099,,Feeder 1,Jackdown,1.6666666666666667,5208.333333333334,ACTION,2943.5393335965305,TurbineInstallation,TurbineInstallation,,,
1100,,WTIV,Attach Blade,1.5,18750.0,ACTION,2944.6926669298637,TurbineInstallation,TurbineInstallation,,40.0,132.0
1101,,WTIV,Jackdown,0.43333333333333335,5416.666666666667,ACTION,2945.126000263197,TurbineInstallation,TurbineInstallation,,40.0,132.0
1102,,Feeder 1,Transit,4.830692249219678,15095.913278811493,ACTION,2948.37002584575,TurbineInstallation,,,,
1103,,WTIV,Position Onsite,5.0,62500.0,ACTION,2950.126000263197,TurbineInstallation,,,,
1104,,Feeder 1,Fasten Tower Section,2.0,6250.0,ACTION,2950.37002584575,TurbineInstallation,TurbineInstallation,,,
1105,,WTIV,Jackup,0.43333333333333335,5416.666666666667,ACTION,2950.5593335965305,TurbineInstallation,TurbineInstallation,,40.0,132.0
1106,,WTIV,Release Tower Section,1.0,12500.0,ACTION,2951.5593335965305,TurbineInstallation,,,,
1107,,WTIV,Lift Tower Section,0.66,8250.0,ACTION,2952.2193335965308,TurbineInstallation,TurbineInstallation,,40.0,132.0
1108,,Feeder 1,Fasten Tower Section,2.0,6250.0,ACTION,2952.37002584575,TurbineInstallation,TurbineInstallation,,,
1109,,WTIV,Attach Tower Section,2.0,25000.0,ACTION,2954.2193335965308,TurbineInstallation,TurbineInstallation,,40.0,132.0
1110,,Feeder 1,Fasten Nacelle,2.0,6250.0,ACTION,2954.37002584575,TurbineInstallation,TurbineInstallation,,,
1111,,Feeder 1,Fasten Blade,0.75,2343.75,ACTION,2955.12002584575,TurbineInstallation,TurbineInstallation,,,
1112,,WTIV,Release Tower Section,1.0,12500.0,ACTION,2955.2193335965308,TurbineInstallation,,,,
1113,,Feeder 1,Fasten Blade,0.75,2343.75,ACTION,2955.87002584575,TurbineInstallation,TurbineInstallation,,,
1114,,WTIV,Lift Tower Section,1.32,16500.0,ACTION,2956.5393335965305,TurbineInstallation,TurbineInstallation,,40.0,132.0
1115,,Feeder 1,Fasten Blade,0.75,2343.75,ACTION,2956.62002584575,TurbineInstallation,TurbineInstallation,,,
1116,,WTIV,Attach Tower Section,2.0,25000.0,ACTION,2958.5393335965305,TurbineInstallation,TurbineInstallation,,40.0,132.0
1117,,WTIV,Release Nacelle,1.0,12500.0,ACTION,2959.5393335965305,TurbineInstallation,,,,
1118,,WTIV,Reequip,1.0,12500.0,ACTION,2960.5393335965305,TurbineInstallation,,,,
1119,,Feeder 1,Transit,4.830692249219678,15095.913278811493,ACTION,2961.45071809497,TurbineInstallation,,,,
1120,,WTIV,Lift Nacelle,1.32,16500.0,ACTION,2961.8593335965306,TurbineInstallation,TurbineInstallation,,40.0,132.0
1121,,Feeder 1,Jackup,1.6666666666666667,5208.333333333334,ACTION,2963.1173847616365,TurbineInstallation,TurbineInstallation,,,
1122,,WTIV,Attach Nacelle,2.0,25000.0,ACTION,2963.8593335965306,TurbineInstallation,TurbineInstallation,,40.0,132.0
1123,,WTIV,Reequip,1.0,12500.0,ACTION,2964.8593335965306,TurbineInstallation,,,,
1124,,WTIV,Release Blade,0.5,6250.0,ACTION,2965.3593335965306,TurbineInstallation,,,,
1125,,WTIV,Lift Blade,1.32,16500.0,ACTION,2966.6793335965303,TurbineInstallation,TurbineInstallation,,40.0,132.0
1126,,WTIV,Attach Blade,1.5,18750.0,ACTION,2968.1793335965303,TurbineInstallation,TurbineInstallation,,40.0,132.0
1127,,WTIV,Release Blade,0.5,6250.0,ACTION,2968.6793335965303,TurbineInstallation,,,,
1128,,WTIV,Lift Blade,1.32,16500.0,ACTION,2969.9993335965305,TurbineInstallation,TurbineInstallation,,40.0,132.0
1129,,WTIV,Attach Blade,1.5,18750.0,ACTION,2971.4993335965305,TurbineInstallation,TurbineInstallation,,40.0,132.0
1130,,WTIV,Release Blade,0.5,6250.0,ACTION,2971.9993335965305,TurbineInstallation,,,,
1131,,Feeder 0,ActiveFeeder,30.126666666666637,94145.83333333324,ACTION,2971.9993335965305,TurbineInstallation,,Site,,
1132,,Feeder 1,Queue,8.881948834893961,27756.09010904363,ACTION,2971.9993335965305,TurbineInstallation,,Site,,
1133,,WTIV,Lift Blade,1.32,16500.0,ACTION,2973.3193335965307,TurbineInstallation,TurbineInstallation,,40.0,132.0
1134,,Feeder 0,Jackdown,1.6666666666666667,5208.333333333334,ACTION,2973.666000263197,TurbineInstallation,TurbineInstallation,,,
1135,,WTIV,Attach Blade,1.5,18750.0,ACTION,2974.8193335965307,TurbineInstallation,TurbineInstallation,,40.0,132.0
1136,,WTIV,Jackdown,0.43333333333333335,5416.666666666667,ACTION,2975.252666929864,TurbineInstallation,TurbineInstallation,,40.0,132.0
1137,,Feeder 1,Transit,39.321634209940946,122880.10690606546,ACTION,2977.5257832758202,MonopileInstallation,,,,
1138,,Feeder 0,Queue,59.59420525949872,186231.8914359335,ACTION,2977.5257832758202,MonopileInstallation,,Site,,
1139,,WTIV,Delay: Not enough vessels for monopiles,45.32163420994084,944200.7127071008,ACTION,2977.5257832758202,MonopileInstallation,,Site,,
1140,,Feeder 0,Transit,4.830692249219678,15095.913278811493,ACTION,2978.4966925124168,TurbineInstallation,,,,
1141,,WTIV,Position Onsite,5.0,62500.0,ACTION,2980.252666929864,TurbineInstallation,,,,
1142,,Feeder 0,Fasten Tower Section,2.0,6250.0,ACTION,2980.4966925124168,TurbineInstallation,TurbineInstallation,,,
1143,,WTIV,Jackup,0.43333333333333335,5416.666666666667,ACTION,2980.686000263197,TurbineInstallation,TurbineInstallation,,40.0,132.0
1144,,WTIV,Release Tower Section,1.0,12500.0,ACTION,2981.686000263197,TurbineInstallation,,,,
1145,,WTIV,Lift Tower Section,0.66,8250.0,ACTION,2982.3460002631973,TurbineInstallation,TurbineInstallation,,40.0,132.0
1146,,Feeder 0,Fasten Tower Section,2.0,6250.0,ACTION,2982.4966925124168,TurbineInstallation,TurbineInstallation,,,
1147,,WTIV,Position Onsite,5.0,104166.66666666666,ACTION,2982.5257832758202,MonopileInstallation,,,,
1148,,WTIV,Jackup,1.6666666666666667,34722.22222222222,ACTION,2984.1924499424867,MonopileInstallation,MonopileInstallation,,40.0,
1149,,WTIV,Attach Tower Section,2.0,25000.0,ACTION,2984.3460002631973,TurbineInstallation,TurbineInstallation,,40.0,132.0
1150,,Feeder 0,Fasten Nacelle,2.0,6250.0,ACTION,2984.4966925124168,TurbineInstallation,TurbineInstallation,,,
1151,,WTIV,RovSurvey,1.0,20833.333333333332,ACTION,2985.1924499424867,MonopileInstallation,MonopileInstallation,,40.0,
1152,,Feeder 0,Fasten Blade,0.75,2343.75,ACTION,2985.2466925124168,TurbineInstallation,TurbineInstallation,,,
1153,,WTIV,Release Tower Section,1.0,12500.0,ACTION,2985.3460002631973,TurbineInstallation,,,,
1154,,Feeder 0,Fasten Blade,0.75,2343.75,ACTION,2985.9966925124168,TurbineInstallation,TurbineInstallation,,,
1155,,WTIV,Lift Tower Section,1.32,16500.0,ACTION,2986.666000263197,TurbineInstallation,TurbineInstallation,,40.0,132.0
1156,,Feeder 0,Fasten Blade,0.75,2343.75,ACTION,2986.7466925124168,TurbineInstallation,TurbineInstallation,,,
1157,,WTIV,Attach Tower Section,2.0,25000.0,ACTION,2988.666000263197,TurbineInstallation,TurbineInstallation,,40.0,132.0
1158,,Feeder 1,Fasten Monopile,12.0,37500.0,ACTION,2989.5257832758202,MonopileInstallation,MonopileInstallation,,,
1159,,WTIV,Release Nacelle,1.0,12500.0,ACTION,2989.666000263197,TurbineInstallation,,,,
1160,,WTIV,Reequip,1.0,12500.0,ACTION,2990.666000263197,TurbineInstallation,,,,
1161,,Feeder 0,Transit,4.830692249219678,15095.913278811493,ACTION,2991.5773847616365,TurbineInstallation,,,,
1162,,WTIV,Lift Nacelle,1.32,16500.0,ACTION,2991.986000263197,TurbineInstallation,TurbineInstallation,,40.0,132.0
1163,,Feeder 0,Jackup,1.6666666666666667,5208.333333333334,ACTION,2993.244051428303,TurbineInstallation,TurbineInstallation,,,
1164,,WTIV,Attach Nacelle,2.0,25000.0,ACTION,2993.986000263197,TurbineInstallation,TurbineInstallation,,40.0,132.0
1165,,WTIV,Reequip,1.0,12500.0,ACTION,2994.986000263197,TurbineInstallation,,,,
1166,,WTIV,Release Monopile,10.0,208333.3333333333,ACTION,2995.1924499424867,MonopileInstallation,,,,
1167,,WTIV,Release Blade,0.5,6250.0,ACTION,2995.486000263197,TurbineInstallation,,,,
1168,,WTIV,Upend Monopile,0.8819573087220198,18374.110598375413,ACTION,2996.074407251209,MonopileInstallation,MonopileInstallation,,40.0,
1169,,WTIV,Lower Monopile,0.005,104.16666666666666,ACTION,2996.079407251209,MonopileInstallation,MonopileInstallation,,40.0,
1170,,WTIV,Lift Blade,1.32,16500.0,ACTION,2996.8060002631973,TurbineInstallation,TurbineInstallation,,40.0,132.0
1171,,WTIV,Crane Reequip,1.0,20833.333333333332,ACTION,2997.079407251209,MonopileInstallation,MonopileInstallation,,40.0,
1172,,Feeder 1,Fasten Transition Piece,8.0,25000.0,ACTION,2997.5257832758202,MonopileInstallation,MonopileInstallation,,,
1173,,WTIV,Drive Monopile,1.2,24999.999999999996,ACTION,2998.279407251209,MonopileInstallation,MonopileInstallation,,40.0,
1174,,WTIV,Attach Blade,1.5,18750.0,ACTION,2998.3060002631973,TurbineInstallation,TurbineInstallation,,40.0,132.0
1175,,WTIV,Release Blade,0.5,6250.0,ACTION,2998.8060002631973,TurbineInstallation,,,,
1176,,WTIV,Lift Blade,1.32,16500.0,ACTION,3000.126000263197,TurbineInstallation,TurbineInstallation,,40.0,132.0
1177,,WTIV,Attach Blade,1.5,18750.0,ACTION,3001.626000263197,TurbineInstallation,TurbineInstallation,,40.0,132.0
1178,,WTIV,Release Blade,0.5,6250.0,ACTION,3002.126000263197,TurbineInstallation,,,,
1179,,Feeder 1,ActiveFeeder,30.126666666666637,94145.83333333324,ACTION,3002.126000263197,TurbineInstallation,,Site,,
1180,,Feeder 0,Queue,8.881948834893961,27756.09010904363,ACTION,3002.126000263197,TurbineInstallation,,Site,,
1181,,WTIV,Lift Blade,1.32,16500.0,ACTION,3003.446000263197,TurbineInstallation,TurbineInstallation,,40.0,132.0
1182,,Feeder 1,Jackdown,1.6666666666666667,5208.333333333334,ACTION,3003.792666929864,TurbineInstallation,TurbineInstallation,,,
1183,,WTIV,Attach Blade,1.5,18750.0,ACTION,3004.946000263197,TurbineInstallation,TurbineInstallation,,40.0,132.0
1184,,WTIV,Jackdown,0.43333333333333335,5416.666666666667,ACTION,3005.3793335965306,TurbineInstallation,TurbineInstallation,,40.0,132.0
1185,,WTIV,Release Transition Piece,10.0,208333.3333333333,ACTION,3008.279407251209,MonopileInstallation,,,,
1186,,Feeder 1,Transit,4.830692249219678,15095.913278811493,ACTION,3008.6233591790833,TurbineInstallation,,,,
1187,,WTIV,Crane Reequip,1.0,20833.333333333332,ACTION,3009.279407251209,MonopileInstallation,MonopileInstallation,,40.0,
1188,,Feeder 1,Fasten Monopile,12.0,37500.0,ACTION,3009.5257832758202,MonopileInstallation,MonopileInstallation,,,
1189,,WTIV,Lower TP,1.0,20833.333333333332,ACTION,3010.279407251209,MonopileInstallation,MonopileInstallation,,40.0,
1190,,WTIV,Position Onsite,5.0,62500.0,ACTION,3010.3793335965306,TurbineInstallation,,,,
1191,,Feeder 1,Fasten Tower Section,2.0,6250.0,ACTION,3010.6233591790833,TurbineInstallation,TurbineInstallation,,,
1192,,WTIV,Jackup,0.43333333333333335,5416.666666666667,ACTION,3010.812666929864,TurbineInstallation,TurbineInstallation,,40.0,132.0
1193,,WTIV,Release Tower Section,1.0,12500.0,ACTION,3011.812666929864,TurbineInstallation,,,,
1194,,WTIV,Lift Tower Section,0.66,8250.0,ACTION,3012.472666929864,TurbineInstallation,TurbineInstallation,,40.0,132.0
1195,,Feeder 1,Fasten Tower Section,2.0,6250.0,ACTION,3012.6233591790833,TurbineInstallation,TurbineInstallation,,,
1196,,WTIV,Bolt TP,4.0,83333.33333333333,ACTION,3014.279407251209,MonopileInstallation,MonopileInstallation,,40.0,
1197,,WTIV,Attach Tower Section,2.0,25000.0,ACTION,3014.472666929864,TurbineInstallation,TurbineInstallation,,40.0,132.0
1198,,Feeder 1,Fasten Nacelle,2.0,6250.0,ACTION,3014.6233591790833,TurbineInstallation,TurbineInstallation,,,
1199,,Feeder 1,Fasten Blade,0.75,2343.75,ACTION,3015.3733591790833,TurbineInstallation,TurbineInstallation,,,
1200,,WTIV,Release Tower Section,1.0,12500.0,ACTION,3015.472666929864,TurbineInstallation,,,,
1201,,WTIV,Jackdown,1.6666666666666667,34722.22222222222,ACTION,3015.9460739178753,MonopileInstallation,MonopileInstallation,,40.0,
1202,,Feeder 1,Fasten Blade,0.75,2343.75,ACTION,3016.1233591790833,TurbineInstallation,TurbineInstallation,,,
1203,,WTIV,Lift Tower Section,1.32,16500.0,ACTION,3016.792666929864,TurbineInstallation,TurbineInstallation,,40.0,132.0
1204,,Feeder 1,Fasten Blade,0.75,2343.75,ACTION,3016.8733591790833,TurbineInstallation,TurbineInstallation,,,
1205,,Feeder 1,Fasten Transition Piece,8.0,25000.0,ACTION,3017.5257832758202,MonopileInstallation,MonopileInstallation,,,
1206,,WTIV,Attach Tower Section,2.0,25000.0,ACTION,3018.792666929864,TurbineInstallation,TurbineInstallation,,40.0,132.0
1207,,WTIV,Release Nacelle,1.0,12500.0,ACTION,3019.792666929864,TurbineInstallation,,,,
1208,,WTIV,Reequip,1.0,12500.0,ACTION,3020.792666929864,TurbineInstallation,,,,
1209,,WTIV,Position Onsite,5.0,104166.66666666666,ACTION,3020.9460739178753,MonopileInstallation,,,,
1210,,Feeder 1,Transit,4.830692249219678,15095.913278811493,ACTION,3021.704051428303,TurbineInstallation,,,,
1211,,WTIV,Lift Nacelle,1.32,16500.0,ACTION,3022.1126669298637,TurbineInstallation,TurbineInstallation,,40.0,132.0
1212,,WTIV,Jackup,1.6666666666666667,34722.22222222222,ACTION,3022.612740584542,MonopileInstallation,MonopileInstallation,,40.0,
1213,,Feeder 1,Jackup,1.6666666666666667,5208.333333333334,ACTION,3023.37071809497,TurbineInstallation,TurbineInstallation,,,
1214,,WTIV,RovSurvey,1.0,20833.333333333332,ACTION,3023.612740584542,MonopileInstallation,MonopileInstallation,,40.0,
1215,,WTIV,Attach Nacelle,2.0,25000.0,ACTION,3024.1126669298637,TurbineInstallation,TurbineInstallation,,40.0,132.0
1216,,WTIV,Reequip,1.0,12500.0,ACTION,3025.1126669298637,TurbineInstallation,,,,
1217,,WTIV,Release Blade,0.5,6250.0,ACTION,3025.6126669298637,TurbineInstallation,,,,
1218,,WTIV,Lift Blade,1.32,16500.0,ACTION,3026.932666929864,TurbineInstallation,TurbineInstallation,,40.0,132.0
1219,,WTIV,Attach Blade,1.5,18750.0,ACTION,3028.432666929864,TurbineInstallation,TurbineInstallation,,40.0,132.0
1220,,WTIV,Release Blade,0.5,6250.0,ACTION,3028.932666929864,TurbineInstallation,,,,
1221,,Feeder 1,Fasten Monopile,12.0,37500.0,ACTION,3029.5257832758202,MonopileInstallation,MonopileInstallation,,,
1222,,WTIV,Lift Blade,1.32,16500.0,ACTION,3030.252666929864,TurbineInstallation,TurbineInstallation,,40.0,132.0
1223,,WTIV,Attach Blade,1.5,18750.0,ACTION,3031.752666929864,TurbineInstallation,TurbineInstallation,,40.0,132.0
1224,,WTIV,Release Blade,0.5,6250.0,ACTION,3032.252666929864,TurbineInstallation,,,,
1225,,Feeder 0,ActiveFeeder,30.126666666666665,94145.83333333333,ACTION,3032.252666929864,TurbineInstallation,,Site,,
1226,,Feeder 1,Queue,8.881948834893933,27756.09010904354,ACTION,3032.252666929864,TurbineInstallation,,Site,,
1227,,WTIV,Lift Blade,1.32,16500.0,ACTION,3033.5726669298638,TurbineInstallation,TurbineInstallation,,40.0,132.0
1228,,WTIV,Release Monopile,10.0,208333.3333333333,ACTION,3033.612740584542,MonopileInstallation,,,,
1229,,Feeder 0,Jackdown,1.6666666666666667,5208.333333333334,ACTION,3033.9193335965306,TurbineInstallation,TurbineInstallation,,,
1230,,WTIV,Upend Monopile,0.8819573087220198,18374.110598375413,ACTION,3034.494697893264,MonopileInstallation,MonopileInstallation,,40.0,
1231,,WTIV,Lower Monopile,0.005,104.16666666666666,ACTION,3034.499697893264,MonopileInstallation,MonopileInstallation,,40.0,
1232,,WTIV,Attach Blade,1.5,18750.0,ACTION,3035.0726669298638,TurbineInstallation,TurbineInstallation,,40.0,132.0
1233,,WTIV,Crane Reequip,1.0,20833.333333333332,ACTION,3035.499697893264,MonopileInstallation,MonopileInstallation,,40.0,
1234,,WTIV,Jackdown,0.43333333333333335,5416.666666666667,ACTION,3035.506000263197,TurbineInstallation,TurbineInstallation,,40.0,132.0
1235,,WTIV,Drive Monopile,1.2,24999.999999999996,ACTION,3036.699697893264,MonopileInstallation,MonopileInstallation,,40.0,
1236,,Feeder 1,Fasten Transition Piece,8.0,25000.0,ACTION,3037.5257832758202,MonopileInstallation,MonopileInstallation,,,
1237,,Feeder 0,Transit,4.830692249219678,15095.913278811493,ACTION,3038.7500258457503,TurbineInstallation,,,,
1238,,WTIV,Position Onsite,5.0,62500.0,ACTION,3040.506000263197,TurbineInstallation,,,,
1239,,Feeder 0,Fasten Tower Section,2.0,6250.0,ACTION,3040.7500258457503,TurbineInstallation,TurbineInstallation,,,
1240,,WTIV,Jackup,0.43333333333333335,5416.666666666667,ACTION,3040.9393335965306,TurbineInstallation,TurbineInstallation,,40.0,132.0
1241,,WTIV,Release Tower Section,1.0,12500.0,ACTION,3041.9393335965306,TurbineInstallation,,,,
1242,,WTIV,Lift Tower Section,0.66,8250.0,ACTION,3042.5993335965304,TurbineInstallation,TurbineInstallation,,40.0,132.0
1243,,Feeder 0,Fasten Tower Section,2.0,6250.0,ACTION,3042.7500258457503,TurbineInstallation,TurbineInstallation,,,
1244,,WTIV,Attach Tower Section,2.0,25000.0,ACTION,3044.5993335965304,TurbineInstallation,TurbineInstallation,,40.0,132.0
1245,,Feeder 0,Fasten Nacelle,2.0,6250.0,ACTION,3044.7500258457503,TurbineInstallation,TurbineInstallation,,,
1246,,Feeder 0,Fasten Blade,0.75,2343.75,ACTION,3045.5000258457503,TurbineInstallation,TurbineInstallation,,,
1247,,WTIV,Release Tower Section,1.0,12500.0,ACTION,3045.5993335965304,TurbineInstallation,,,,
1248,,Feeder 0,Fasten Blade,0.75,2343.75,ACTION,3046.2500258457503,TurbineInstallation,TurbineInstallation,,,
1249,,WTIV,Release Transition Piece,10.0,208333.3333333333,ACTION,3046.699697893264,MonopileInstallation,,,,
1250,,WTIV,Lift Tower Section,1.32,16500.0,ACTION,3046.9193335965306,TurbineInstallation,TurbineInstallation,,40.0,132.0
1251,,Feeder 0,Fasten Blade,0.75,2343.75,ACTION,3047.0000258457503,TurbineInstallation,TurbineInstallation,,,
1252,,WTIV,Crane Reequip,1.0,20833.333333333332,ACTION,3047.699697893264,MonopileInstallation,MonopileInstallation,,40.0,
1253,,WTIV,Lower TP,1.0,20833.333333333332,ACTION,3048.699697893264,MonopileInstallation,MonopileInstallation,,40.0,
1254,,WTIV,Attach Tower Section,2.0,25000.0,ACTION,3048.9193335965306,TurbineInstallation,TurbineInstallation,,40.0,132.0
1255,,WTIV,Release Nacelle,1.0,12500.0,ACTION,3049.9193335965306,TurbineInstallation,,,,
1256,,WTIV,Reequip,1.0,12500.0,ACTION,3050.9193335965306,TurbineInstallation,,,,
1257,,Feeder 0,Transit,4.830692249219678,15095.913278811493,ACTION,3051.83071809497,TurbineInstallation,,,,
1258,,WTIV,Lift Nacelle,1.32,16500.0,ACTION,3052.2393335965307,TurbineInstallation,TurbineInstallation,,40.0,132.0
1259,,WTIV,Bolt TP,4.0,83333.33333333333,ACTION,3052.699697893264,MonopileInstallation,MonopileInstallation,,40.0,
1260,,Feeder 0,Jackup,1.6666666666666667,5208.333333333334,ACTION,3053.4973847616366,TurbineInstallation,TurbineInstallation,,,
1261,,WTIV,Attach Nacelle,2.0,25000.0,ACTION,3054.2393335965307,TurbineInstallation,TurbineInstallation,,40.0,132.0
1262,,WTIV,Jackdown,1.6666666666666667,34722.22222222222,ACTION,3054.3663645599304,MonopileInstallation,MonopileInstallation,,40.0,
1263,,WTIV,Reequip,1.0,12500.0,ACTION,3055.2393335965307,TurbineInstallation,,,,
1264,,WTIV,Release Blade,0.5,6250.0,ACTION,3055.7393335965307,TurbineInstallation,,,,
1265,,WTIV,Lift Blade,1.32,16500.0,ACTION,3057.0593335965305,TurbineInstallation,TurbineInstallation,,40.0,132.0
1266,,WTIV,Attach Blade,1.5,18750.0,ACTION,3058.5593335965305,TurbineInstallation,TurbineInstallation,,40.0,132.0
1267,,WTIV,Release Blade,0.5,6250.0,ACTION,3059.0593335965305,TurbineInstallation,,,,
1268,,WTIV,Position Onsite,5.0,104166.66666666666,ACTION,3059.3663645599304,MonopileInstallation,,,,
1269,,WTIV,Lift Blade,1.32,16500.0,ACTION,3060.3793335965306,TurbineInstallation,TurbineInstallation,,40.0,132.0
1270,,WTIV,Jackup,1.6666666666666667,34722.22222222222,ACTION,3061.033031226597,MonopileInstallation,MonopileInstallation,,40.0,
1271,,WTIV,Attach Blade,1.5,18750.0,ACTION,3061.8793335965306,TurbineInstallation,TurbineInstallation,,40.0,132.0
1272,,WTIV,RovSurvey,1.0,20833.333333333332,ACTION,3062.033031226597,MonopileInstallation,MonopileInstallation,,40.0,
1273,,WTIV,Release Blade,0.5,6250.0,ACTION,3062.3793335965306,TurbineInstallation,,,,
1274,,Feeder 1,ActiveFeeder,30.126666666666665,94145.83333333333,ACTION,3062.3793335965306,TurbineInstallation,,Site,,
1275,,Feeder 0,Queue,8.881948834893933,27756.09010904354,ACTION,3062.3793335965306,TurbineInstallation,,Site,,
1276,,WTIV,Lift Blade,1.32,16500.0,ACTION,3063.6993335965303,TurbineInstallation,TurbineInstallation,,40.0,132.0
1277,,Feeder 1,Jackdown,1.6666666666666667,5208.333333333334,ACTION,3064.046000263197,TurbineInstallation,TurbineInstallation,,,
1278,,WTIV,Attach Blade,1.5,18750.0,ACTION,3065.1993335965303,TurbineInstallation,TurbineInstallation,,40.0,132.0
1279,,WTIV,Jackdown,0.43333333333333335,5416.666666666667,ACTION,3065.6326669298637,TurbineInstallation,TurbineInstallation,,40.0,132.0
1280,,Feeder 1,Transit,4.830692249219678,15095.913278811493,ACTION,3068.876692512417,TurbineInstallation,,,,
1281,,WTIV,Position Onsite,5.0,62500.0,ACTION,3070.6326669298637,TurbineInstallation,,,,
1282,,Feeder 1,Fasten Tower Section,2.0,6250.0,ACTION,3070.876692512417,TurbineInstallation,TurbineInstallation,,,
1283,,WTIV,Jackup,0.43333333333333335,5416.666666666667,ACTION,3071.066000263197,TurbineInstallation,TurbineInstallation,,40.0,132.0
1284,,WTIV,Release Monopile,10.0,208333.3333333333,ACTION,3072.033031226597,MonopileInstallation,,,,
1285,,WTIV,Release Tower Section,1.0,12500.0,ACTION,3072.066000263197,TurbineInstallation,,,,
1286,,WTIV,Lift Tower Section,0.66,8250.0,ACTION,3072.7260002631974,TurbineInstallation,TurbineInstallation,,40.0,132.0
1287,,Feeder 1,Fasten Tower Section,2.0,6250.0,ACTION,3072.876692512417,TurbineInstallation,TurbineInstallation,,,
1288,,WTIV,Upend Monopile,0.8819573087220198,18374.110598375413,ACTION,3072.914988535319,MonopileInstallation,MonopileInstallation,,40.0,
1289,,WTIV,Lower Monopile,0.005,104.16666666666666,ACTION,3072.919988535319,MonopileInstallation,MonopileInstallation,,40.0,
1290,,WTIV,Crane Reequip,1.0,20833.333333333332,ACTION,3073.919988535319,MonopileInstallation,MonopileInstallation,,40.0,
1291,,WTIV,Attach Tower Section,2.0,25000.0,ACTION,3074.7260002631974,TurbineInstallation,TurbineInstallation,,40.0,132.0
1292,,Feeder 1,Fasten Nacelle,2.0,6250.0,ACTION,3074.876692512417,TurbineInstallation,TurbineInstallation,,,
1293,,WTIV,Drive Monopile,1.2,24999.999999999996,ACTION,3075.119988535319,MonopileInstallation,MonopileInstallation,,40.0,
1294,,Feeder 1,Fasten Blade,0.75,2343.75,ACTION,3075.626692512417,TurbineInstallation,TurbineInstallation,,,
1295,,WTIV,Release Tower Section,1.0,12500.0,ACTION,3075.7260002631974,TurbineInstallation,,,,
1296,,Feeder 1,Fasten Blade,0.75,2343.75,ACTION,3076.376692512417,TurbineInstallation,TurbineInstallation,,,
1297,,Feeder 1,Transit,39.321634209940946,122880.10690606546,ACTION,3076.847417485761,MonopileInstallation,,,,
1298,,WTIV,Lift Tower Section,1.32,16500.0,ACTION,3077.046000263197,TurbineInstallation,TurbineInstallation,,40.0,132.0
1299,,Feeder 1,Fasten Blade,0.75,2343.75,ACTION,3077.126692512417,TurbineInstallation,TurbineInstallation,,,
1300,,Feeder 1,Jackup,1.6666666666666667,5208.333333333334,ACTION,3078.5140841524276,MonopileInstallation,MonopileInstallation,,,
1301,,WTIV,Attach Tower Section,2.0,25000.0,ACTION,3079.046000263197,TurbineInstallation,TurbineInstallation,,40.0,132.0
1302,,WTIV,Release Nacelle,1.0,12500.0,ACTION,3080.046000263197,TurbineInstallation,,,,
1303,,WTIV,Reequip,1.0,12500.0,ACTION,3081.046000263197,TurbineInstallation,,,,
1304,,Feeder 1,Transit,4.830692249219678,15095.913278811493,ACTION,3081.9573847616366,TurbineInstallation,,,,
1305,,WTIV,Lift Nacelle,1.32,16500.0,ACTION,3082.3660002631973,TurbineInstallation,TurbineInstallation,,40.0,132.0
1306,,Feeder 1,Jackup,1.6666666666666667,5208.333333333334,ACTION,3083.624051428303,TurbineInstallation,TurbineInstallation,,,
1307,,WTIV,Attach Nacelle,2.0,25000.0,ACTION,3084.3660002631973,TurbineInstallation,TurbineInstallation,,40.0,132.0
1308,,WTIV,Release Transition Piece,10.0,208333.3333333333,ACTION,3085.119988535319,MonopileInstallation,,,,
1309,,Feeder 0,ActiveFeeder,107.59420525949872,336231.89143593353,ACTION,3085.119988535319,MonopileInstallation,,Site,,
1310,,WTIV,Reequip,1.0,12500.0,ACTION,3085.3660002631973,TurbineInstallation,,,,
1311,,WTIV,Release Blade,0.5,6250.0,ACTION,3085.8660002631973,TurbineInstallation,,,,
1312,,WTIV,Crane Reequip,1.0,20833.333333333332,ACTION,3086.119988535319,MonopileInstallation,MonopileInstallation,,40.0,
1313,,Feeder 0,Jackdown,1.6666666666666667,5208.333333333334,ACTION,3086.7866552019855,MonopileInstallation,MonopileInstallation,,,
1314,,WTIV,Lower TP,1.0,20833.333333333332,ACTION,3087.119988535319,MonopileInstallation,MonopileInstallation,,40.0,
1315,,WTIV,Lift Blade,1.32,16500.0,ACTION,3087.186000263197,TurbineInstallation,TurbineInstallation,,40.0,132.0
1316,,WTIV,Attach Blade,1.5,18750.0,ACTION,3088.686000263197,TurbineInstallation,TurbineInstallation,,40.0,132.0
1317,,WTIV,Release Blade,0.5,6250.0,ACTION,3089.186000263197,TurbineInstallation,,,,
1318,,WTIV,Lift Blade,1.32,16500.0,ACTION,3090.506000263197,TurbineInstallation,TurbineInstallation,,40.0,132.0
1319,,WTIV,Bolt TP,4.0,83333.33333333333,ACTION,3091.119988535319,MonopileInstallation,MonopileInstallation,,40.0,
1320,,WTIV,Attach Blade,1.5,18750.0,ACTION,3092.006000263197,TurbineInstallation,TurbineInstallation,,40.0,132.0
1321,,WTIV,Release Blade,0.5,6250.0,ACTION,3092.506000263197,TurbineInstallation,,,,
1322,,Feeder 0,ActiveFeeder,30.126666666666665,94145.83333333333,ACTION,3092.506000263197,TurbineInstallation,,Site,,
1323,,Feeder 1,Queue,8.881948834893933,27756.09010904354,ACTION,3092.506000263197,TurbineInstallation,,Site,,
1324,,WTIV,Jackdown,1.6666666666666667,34722.22222222222,ACTION,3092.7866552019855,MonopileInstallation,MonopileInstallation,,40.0,
1325,,WTIV,Lift Blade,1.32,16500.0,ACTION,3093.8260002631973,TurbineInstallation,TurbineInstallation,,40.0,132.0
1326,,Feeder 0,Jackdown,1.6666666666666667,5208.333333333334,ACTION,3094.1726669298637,TurbineInstallation,TurbineInstallation,,,
1327,,WTIV,Attach Blade,1.5,18750.0,ACTION,3095.3260002631973,TurbineInstallation,TurbineInstallation,,40.0,132.0
1328,,WTIV,Jackdown,0.43333333333333335,5416.666666666667,ACTION,3095.7593335965303,TurbineInstallation,TurbineInstallation,,40.0,132.0
1329,,Feeder 0,Transit,4.830692249219678,15095.913278811493,ACTION,3099.0033591790834,TurbineInstallation,,,,
1330,,WTIV,Position Onsite,5.0,62500.0,ACTION,3100.7593335965303,TurbineInstallation,,,,
1331,,Feeder 0,Fasten Tower Section,2.0,6250.0,ACTION,3101.0033591790834,TurbineInstallation,TurbineInstallation,,,
1332,,WTIV,Jackup,0.43333333333333335,5416.666666666667,ACTION,3101.1926669298637,TurbineInstallation,TurbineInstallation,,40.0,132.0
1333,,WTIV,Release Tower Section,1.0,12500.0,ACTION,3102.1926669298637,TurbineInstallation,,,,
1334,,WTIV,Lift Tower Section,0.66,8250.0,ACTION,3102.852666929864,TurbineInstallation,TurbineInstallation,,40.0,132.0
1335,,Feeder 0,Fasten Tower Section,2.0,6250.0,ACTION,3103.0033591790834,TurbineInstallation,TurbineInstallation,,,
1336,,WTIV,Attach Tower Section,2.0,25000.0,ACTION,3104.852666929864,TurbineInstallation,TurbineInstallation,,40.0,132.0
1337,,Feeder 0,Fasten Nacelle,2.0,6250.0,ACTION,3105.0033591790834,TurbineInstallation,TurbineInstallation,,,
1338,,Feeder 0,Fasten Blade,0.75,2343.75,ACTION,3105.7533591790834,TurbineInstallation,TurbineInstallation,,,
1339,,WTIV,Release Tower Section,1.0,12500.0,ACTION,3105.852666929864,TurbineInstallation,,,,
1340,,Feeder 0,Fasten Blade,0.75,2343.75,ACTION,3106.5033591790834,TurbineInstallation,TurbineInstallation,,,
1341,,WTIV,Lift Tower Section,1.32,16500.0,ACTION,3107.1726669298637,TurbineInstallation,TurbineInstallation,,40.0,132.0
1342,,Feeder 0,Fasten Blade,0.75,2343.75,ACTION,3107.2533591790834,TurbineInstallation,TurbineInstallation,,,
1343,,WTIV,Attach Tower Section,2.0,25000.0,ACTION,3109.1726669298637,TurbineInstallation,TurbineInstallation,,40.0,132.0
1344,,WTIV,Release Nacelle,1.0,12500.0,ACTION,3110.1726669298637,TurbineInstallation,,,,
1345,,WTIV,Reequip,1.0,12500.0,ACTION,3111.1726669298637,TurbineInstallation,,,,
1346,,Feeder 0,Transit,4.830692249219678,15095.913278811493,ACTION,3112.084051428303,TurbineInstallation,,,,
1347,,WTIV,Lift Nacelle,1.32,16500.0,ACTION,3112.492666929864,TurbineInstallation,TurbineInstallation,,40.0,132.0
1348,,Feeder 0,Jackup,1.6666666666666667,5208.333333333334,ACTION,3113.7507180949697,TurbineInstallation,TurbineInstallation,,,
1349,,WTIV,Attach Nacelle,2.0,25000.0,ACTION,3114.492666929864,TurbineInstallation,TurbineInstallation,,40.0,132.0
1350,,WTIV,Reequip,1.0,12500.0,ACTION,3115.492666929864,TurbineInstallation,,,,
1351,,WTIV,Release Blade,0.5,6250.0,ACTION,3115.992666929864,TurbineInstallation,,,,
1352,,WTIV,Lift Blade,1.32,16500.0,ACTION,3117.312666929864,TurbineInstallation,TurbineInstallation,,40.0,132.0
1353,,WTIV,Attach Blade,1.5,18750.0,ACTION,3118.812666929864,TurbineInstallation,TurbineInstallation,,40.0,132.0
1354,,WTIV,Release Blade,0.5,6250.0,ACTION,3119.312666929864,TurbineInstallation,,,,
1355,,WTIV,Lift Blade,1.32,16500.0,ACTION,3120.6326669298637,TurbineInstallation,TurbineInstallation,,40.0,132.0
1356,,WTIV,Attach Blade,1.5,18750.0,ACTION,3122.1326669298637,TurbineInstallation,TurbineInstallation,,40.0,132.0
1357,,WTIV,Release Blade,0.5,6250.0,ACTION,3122.6326669298637,TurbineInstallation,,,,
1358,,Feeder 1,ActiveFeeder,30.126666666666665,94145.83333333333,ACTION,3122.6326669298637,TurbineInstallation,,Site,,
1359,,Feeder 0,Queue,8.881948834893933,27756.09010904354,ACTION,3122.6326669298637,TurbineInstallation,,Site,,
1360,,WTIV,Lift Blade,1.32,16500.0,ACTION,3123.952666929864,TurbineInstallation,TurbineInstallation,,40.0,132.0
1361,,Feeder 1,Jackdown,1.6666666666666667,5208.333333333334,ACTION,3124.2993335965307,TurbineInstallation,TurbineInstallation,,,
1362,,WTIV,Attach Blade,1.5,18750.0,ACTION,3125.452666929864,TurbineInstallation,TurbineInstallation,,40.0,132.0
1363,,WTIV,Jackdown,0.43333333333333335,5416.666666666667,ACTION,3125.8860002631973,TurbineInstallation,TurbineInstallation,,40.0,132.0
1364,,Feeder 0,Transit,39.321634209940946,122880.10690606546,ACTION,3126.1082894119263,MonopileInstallation,,,,
1365,,Feeder 1,Queue,47.59420525949872,148731.8914359335,ACTION,3126.1082894119263,MonopileInstallation,,Site,,
1366,,WTIV,Delay: Not enough vessels for monopiles,33.32163420994084,694200.7127071008,ACTION,3126.1082894119263,MonopileInstallation,,Site,,
1367,,Feeder 1,Transit,4.830692249219678,15095.913278811493,ACTION,3129.1300258457504,TurbineInstallation,,,,
1368,,WTIV,Position Onsite,5.0,62500.0,ACTION,3130.8860002631973,TurbineInstallation,,,,
1369,,WTIV,Position Onsite,5.0,104166.66666666666,ACTION,3131.1082894119263,MonopileInstallation,,,,
1370,,Feeder 1,Fasten Tower Section,2.0,6250.0,ACTION,3131.1300258457504,TurbineInstallation,TurbineInstallation,,,
1371,,WTIV,Jackup,0.43333333333333335,5416.666666666667,ACTION,3131.3193335965307,TurbineInstallation,TurbineInstallation,,40.0,132.0
1372,,WTIV,Release Tower Section,1.0,12500.0,ACTION,3132.3193335965307,TurbineInstallation,,,,
1373,,WTIV,Jackup,1.6666666666666667,34722.22222222222,ACTION,3132.774956078593,MonopileInstallation,MonopileInstallation,,40.0,
1374,,WTIV,Lift Tower Section,0.66,8250.0,ACTION,3132.9793335965305,TurbineInstallation,TurbineInstallation,,40.0,132.0
1375,,Feeder 1,Fasten Tower Section,2.0,6250.0,ACTION,3133.1300258457504,TurbineInstallation,TurbineInstallation,,,
1376,,WTIV,RovSurvey,1.0,20833.333333333332,ACTION,3133.774956078593,MonopileInstallation,MonopileInstallation,,40.0,
1377,,WTIV,Attach Tower Section,2.0,25000.0,ACTION,3134.9793335965305,TurbineInstallation,TurbineInstallation,,40.0,132.0
1378,,Feeder 1,Fasten Nacelle,2.0,6250.0,ACTION,3135.1300258457504,TurbineInstallation,TurbineInstallation,,,
1379,,Feeder 1,Fasten Blade,0.75,2343.75,ACTION,3135.8800258457504,TurbineInstallation,TurbineInstallation,,,
1380,,WTIV,Release Tower Section,1.0,12500.0,ACTION,3135.9793335965305,TurbineInstallation,,,,
1381,,Feeder 1,Fasten Blade,0.75,2343.75,ACTION,3136.6300258457504,TurbineInstallation,TurbineInstallation,,,
1382,,WTIV,Lift Tower Section,1.32,16500.0,ACTION,3137.2993335965307,TurbineInstallation,TurbineInstallation,,40.0,132.0
1383,,Feeder 1,Fasten Blade,0.75,2343.75,ACTION,3137.3800258457504,TurbineInstallation,TurbineInstallation,,,
1384,,Feeder 0,Fasten Monopile,12.0,37500.0,ACTION,3138.1082894119263,MonopileInstallation,MonopileInstallation,,,
1385,,WTIV,Attach Tower Section,2.0,25000.0,ACTION,3139.2993335965307,TurbineInstallation,TurbineInstallation,,40.0,132.0
1386,,WTIV,Release Nacelle,1.0,12500.0,ACTION,3140.2993335965307,TurbineInstallation,,,,
1387,,WTIV,Reequip,1.0,12500.0,ACTION,3141.2993335965307,TurbineInstallation,,,,
1388,,Feeder 1,Transit,4.830692249219678,15095.913278811493,ACTION,3142.2107180949697,TurbineInstallation,,,,
1389,,WTIV,Lift Nacelle,1.32,16500.0,ACTION,3142.6193335965304,TurbineInstallation,TurbineInstallation,,40.0,132.0
1390,,WTIV,Release Monopile,10.0,208333.3333333333,ACTION,3143.774956078593,MonopileInstallation,,,,
1391,,Feeder 1,Jackup,1.6666666666666667,5208.333333333334,ACTION,3143.8773847616367,TurbineInstallation,TurbineInstallation,,,
1392,,WTIV,Attach Nacelle,2.0,25000.0,ACTION,3144.6193335965304,TurbineInstallation,TurbineInstallation,,40.0,132.0
1393,,WTIV,Upend Monopile,0.8819573087220198,18374.110598375413,ACTION,3144.656913387315,MonopileInstallation,MonopileInstallation,,40.0,
1394,,WTIV,Lower Monopile,0.005,104.16666666666666,ACTION,3144.661913387315,MonopileInstallation,MonopileInstallation,,40.0,
1395,,WTIV,Reequip,1.0,12500.0,ACTION,3145.6193335965304,TurbineInstallation,,,,
1396,,WTIV,Crane Reequip,1.0,20833.333333333332,ACTION,3145.661913387315,MonopileInstallation,MonopileInstallation,,40.0,
1397,,Feeder 0,Fasten Transition Piece,8.0,25000.0,ACTION,3146.1082894119263,MonopileInstallation,MonopileInstallation,,,
1398,,WTIV,Release Blade,0.5,6250.0,ACTION,3146.1193335965304,TurbineInstallation,,,,
1399,,WTIV,Drive Monopile,1.2,24999.999999999996,ACTION,3146.861913387315,MonopileInstallation,MonopileInstallation,,40.0,
1400,,WTIV,Lift Blade,1.32,16500.0,ACTION,3147.4393335965306,TurbineInstallation,TurbineInstallation,,40.0,132.0
1401,,WTIV,Attach Blade,1.5,18750.0,ACTION,3148.9393335965306,TurbineInstallation,TurbineInstallation,,40.0,132.0
1402,,WTIV,Release Blade,0.5,6250.0,ACTION,3149.4393335965306,TurbineInstallation,,,,
1403,,WTIV,Lift Blade,1.32,16500.0,ACTION,3150.7593335965303,TurbineInstallation,TurbineInstallation,,40.0,132.0
1404,,WTIV,Attach Blade,1.5,18750.0,ACTION,3152.2593335965303,TurbineInstallation,TurbineInstallation,,40.0,132.0
1405,,WTIV,Release Blade,0.5,6250.0,ACTION,3152.7593335965303,TurbineInstallation,,,,
1406,,Feeder 0,ActiveFeeder,30.126666666666665,94145.83333333333,ACTION,3152.7593335965303,TurbineInstallation,,Site,,
1407,,Feeder 1,Queue,8.881948834893933,27756.09010904354,ACTION,3152.7593335965303,TurbineInstallation,,Site,,
1408,,WTIV,Lift Blade,1.32,16500.0,ACTION,3154.0793335965304,TurbineInstallation,TurbineInstallation,,40.0,132.0
1409,,Feeder 0,Jackdown,1.6666666666666667,5208.333333333334,ACTION,3154.4260002631972,TurbineInstallation,TurbineInstallation,,,
1410,,WTIV,Attach Blade,1.5,18750.0,ACTION,3155.5793335965304,TurbineInstallation,TurbineInstallation,,40.0,132.0
1411,,WTIV,Jackdown,0.43333333333333335,5416.666666666667,ACTION,3156.012666929864,TurbineInstallation,TurbineInstallation,,40.0,132.0
1412,,WTIV,Release Transition Piece,10.0,208333.3333333333,ACTION,3156.861913387315,MonopileInstallation,,,,
1413,,WTIV,Crane Reequip,1.0,20833.333333333332,ACTION,3157.861913387315,MonopileInstallation,MonopileInstallation,,40.0,
1414,,Feeder 0,Fasten Monopile,12.0,37500.0,ACTION,3158.1082894119263,MonopileInstallation,MonopileInstallation,,,
1415,,WTIV,Lower TP,1.0,20833.333333333332,ACTION,3158.861913387315,MonopileInstallation,MonopileInstallation,,40.0,
1416,,Feeder 0,Transit,4.830692249219678,15095.913278811493,ACTION,3159.256692512417,TurbineInstallation,,,,
1417,,WTIV,Position Onsite,5.0,62500.0,ACTION,3161.012666929864,TurbineInstallation,,,,
1418,,Feeder 0,Fasten Tower Section,2.0,6250.0,ACTION,3161.256692512417,TurbineInstallation,TurbineInstallation,,,
1419,,WTIV,Jackup,0.43333333333333335,5416.666666666667,ACTION,3161.446000263197,TurbineInstallation,TurbineInstallation,,40.0,132.0
1420,,WTIV,Release Tower Section,1.0,12500.0,ACTION,3162.446000263197,TurbineInstallation,,,,
1421,,WTIV,Bolt TP,4.0,83333.33333333333,ACTION,3162.861913387315,MonopileInstallation,MonopileInstallation,,40.0,
1422,,WTIV,Lift Tower Section,0.66,8250.0,ACTION,3163.106000263197,TurbineInstallation,TurbineInstallation,,40.0,132.0
1423,,Feeder 0,Fasten Tower Section,2.0,6250.0,ACTION,3163.256692512417,TurbineInstallation,TurbineInstallation,,,
1424,,WTIV,Jackdown,1.6666666666666667,34722.22222222222,ACTION,3164.5285800539814,MonopileInstallation,MonopileInstallation,,40.0,
1425,,WTIV,Attach Tower Section,2.0,25000.0,ACTION,3165.106000263197,TurbineInstallation,TurbineInstallation,,40.0,132.0
1426,,Feeder 0,Fasten Nacelle,2.0,6250.0,ACTION,3165.256692512417,TurbineInstallation,TurbineInstallation,,,
1427,,Feeder 0,Fasten Blade,0.75,2343.75,ACTION,3166.006692512417,TurbineInstallation,TurbineInstallation,,,
1428,,WTIV,Release Tower Section,1.0,12500.0,ACTION,3166.106000263197,TurbineInstallation,,,,
1429,,Feeder 0,Fasten Transition Piece,8.0,25000.0,ACTION,3166.1082894119263,MonopileInstallation,MonopileInstallation,,,
1430,,Feeder 0,Fasten Blade,0.75,2343.75,ACTION,3166.756692512417,TurbineInstallation,TurbineInstallation,,,
1431,,WTIV,Lift Tower Section,1.32,16500.0,ACTION,3167.4260002631972,TurbineInstallation,TurbineInstallation,,40.0,132.0
1432,,Feeder 0,Fasten Blade,0.75,2343.75,ACTION,3167.506692512417,TurbineInstallation,TurbineInstallation,,,
1433,,WTIV,Attach Tower Section,2.0,25000.0,ACTION,3169.4260002631972,TurbineInstallation,TurbineInstallation,,40.0,132.0
1434,,WTIV,Position Onsite,5.0,104166.66666666666,ACTION,3169.5285800539814,MonopileInstallation,,,,
1435,,WTIV,Release Nacelle,1.0,12500.0,ACTION,3170.4260002631972,TurbineInstallation,,,,
1436,,WTIV,Jackup,1.6666666666666667,34722.22222222222,ACTION,3171.195246720648,MonopileInstallation,MonopileInstallation,,40.0,
1437,,WTIV,Reequip,1.0,12500.0,ACTION,3171.4260002631972,TurbineInstallation,,,,
1438,,WTIV,RovSurvey,1.0,20833.333333333332,ACTION,3172.195246720648,MonopileInstallation,MonopileInstallation,,40.0,
1439,,Feeder 0,Transit,4.830692249219678,15095.913278811493,ACTION,3172.3373847616367,TurbineInstallation,,,,
1440,,WTIV,Lift Nacelle,1.32,16500.0,ACTION,3172.746000263197,TurbineInstallation,TurbineInstallation,,40.0,132.0
1441,,Feeder 0,Jackup,1.6666666666666667,5208.333333333334,ACTION,3174.0040514283032,TurbineInstallation,TurbineInstallation,,,
1442,,WTIV,Attach Nacelle,2.0,25000.0,ACTION,3174.746000263197,TurbineInstallation,TurbineInstallation,,40.0,132.0
1443,,WTIV,Reequip,1.0,12500.0,ACTION,3175.746000263197,TurbineInstallation,,,,
1444,,WTIV,Release Blade,0.5,6250.0,ACTION,3176.246000263197,TurbineInstallation,,,,
1445,,WTIV,Lift Blade,1.32,16500.0,ACTION,3177.566000263197,TurbineInstallation,TurbineInstallation,,40.0,132.0
1446,,Feeder 0,Fasten Monopile,12.0,37500.0,ACTION,3178.1082894119263,MonopileInstallation,MonopileInstallation,,,
1447,,WTIV,Attach Blade,1.5,18750.0,ACTION,3179.066000263197,TurbineInstallation,TurbineInstallation,,40.0,132.0
1448,,WTIV,Release Blade,0.5,6250.0,ACTION,3179.566000263197,TurbineInstallation,,,,
1449,,WTIV,Lift Blade,1.32,16500.0,ACTION,3180.8860002631973,TurbineInstallation,TurbineInstallation,,40.0,132.0
1450,,WTIV,Release Monopile,10.0,208333.3333333333,ACTION,3182.195246720648,MonopileInstallation,,,,
1451,,WTIV,Attach Blade,1.5,18750.0,ACTION,3182.3860002631973,TurbineInstallation,TurbineInstallation,,40.0,132.0
1452,,WTIV,Release Blade,0.5,6250.0,ACTION,3182.8860002631973,TurbineInstallation,,,,
1453,,Feeder 1,ActiveFeeder,30.126666666666665,94145.83333333333,ACTION,3182.8860002631973,TurbineInstallation,,Site,,
1454,,Feeder 0,Queue,8.881948834893933,27756.09010904354,ACTION,3182.8860002631973,TurbineInstallation,,Site,,
1455,,WTIV,Upend Monopile,0.8819573087220198,18374.110598375413,ACTION,3183.07720402937,MonopileInstallation,MonopileInstallation,,40.0,
1456,,WTIV,Lower Monopile,0.005,104.16666666666666,ACTION,3183.08220402937,MonopileInstallation,MonopileInstallation,,40.0,
1457,,WTIV,Crane Reequip,1.0,20833.333333333332,ACTION,3184.08220402937,MonopileInstallation,MonopileInstallation,,40.0,
1458,,WTIV,Lift Blade,1.32,16500.0,ACTION,3184.206000263197,TurbineInstallation,TurbineInstallation,,40.0,132.0
1459,,Feeder 1,Jackdown,1.6666666666666667,5208.333333333334,ACTION,3184.552666929864,TurbineInstallation,TurbineInstallation,,,
1460,,WTIV,Drive Monopile,1.2,24999.999999999996,ACTION,3185.28220402937,MonopileInstallation,MonopileInstallation,,40.0,
1461,,WTIV,Attach Blade,1.5,18750.0,ACTION,3185.706000263197,TurbineInstallation,TurbineInstallation,,40.0,132.0
1462,,Feeder 0,Fasten Transition Piece,8.0,25000.0,ACTION,3186.1082894119263,MonopileInstallation,MonopileInstallation,,,
1463,,WTIV,Jackdown,0.43333333333333335,5416.666666666667,ACTION,3186.1393335965304,TurbineInstallation,TurbineInstallation,,40.0,132.0
1464,,Feeder 1,Transit,4.830692249219678,15095.913278811493,ACTION,3189.3833591790835,TurbineInstallation,,,,
1465,,WTIV,Position Onsite,5.0,62500.0,ACTION,3191.1393335965304,TurbineInstallation,,,,
1466,,Feeder 1,Fasten Tower Section,2.0,6250.0,ACTION,3191.3833591790835,TurbineInstallation,TurbineInstallation,,,
1467,,WTIV,Jackup,0.43333333333333335,5416.666666666667,ACTION,3191.5726669298638,TurbineInstallation,TurbineInstallation,,40.0,132.0
1468,,WTIV,Release Tower Section,1.0,12500.0,ACTION,3192.5726669298638,TurbineInstallation,,,,
1469,,WTIV,Lift Tower Section,0.66,8250.0,ACTION,3193.2326669298636,TurbineInstallation,TurbineInstallation,,40.0,132.0
1470,,Feeder 1,Fasten Tower Section,2.0,6250.0,ACTION,3193.3833591790835,TurbineInstallation,TurbineInstallation,,,
1471,,WTIV,Attach Tower Section,2.0,25000.0,ACTION,3195.2326669298636,TurbineInstallation,TurbineInstallation,,40.0,132.0
1472,,WTIV,Release Transition Piece,10.0,208333.3333333333,ACTION,3195.28220402937,MonopileInstallation,,,,
1473,,Feeder 1,Fasten Nacelle,2.0,6250.0,ACTION,3195.3833591790835,TurbineInstallation,TurbineInstallation,,,
1474,,Feeder 1,Fasten Blade,0.75,2343.75,ACTION,3196.1333591790835,TurbineInstallation,TurbineInstallation,,,
1475,,WTIV,Release Tower Section,1.0,12500.0,ACTION,3196.2326669298636,TurbineInstallation,,,,
1476,,WTIV,Crane Reequip,1.0,20833.333333333332,ACTION,3196.28220402937,MonopileInstallation,MonopileInstallation,,40.0,
1477,,Feeder 1,Fasten Blade,0.75,2343.75,ACTION,3196.8833591790835,TurbineInstallation,TurbineInstallation,,,
1478,,WTIV,Lower TP,1.0,20833.333333333332,ACTION,3197.28220402937,MonopileInstallation,MonopileInstallation,,40.0,
1479,,WTIV,Lift Tower Section,1.32,16500.0,ACTION,3197.552666929864,TurbineInstallation,TurbineInstallation,,40.0,132.0
1480,,Feeder 1,Fasten Blade,0.75,2343.75,ACTION,3197.6333591790835,TurbineInstallation,TurbineInstallation,,,
1481,,WTIV,Attach Tower Section,2.0,25000.0,ACTION,3199.552666929864,TurbineInstallation,TurbineInstallation,,40.0,132.0
1482,,WTIV,Release Nacelle,1.0,12500.0,ACTION,3200.552666929864,TurbineInstallation,,,,
1483,,WTIV,Bolt TP,4.0,83333.33333333333,ACTION,3201.28220402937,MonopileInstallation,MonopileInstallation,,40.0,
1484,,WTIV,Reequip,1.0,12500.0,ACTION,3201.552666929864,TurbineInstallation,,,,
1485,,Feeder 1,Transit,4.830692249219678,15095.913278811493,ACTION,3202.4640514283033,TurbineInstallation,,,,
1486,,WTIV,Lift Nacelle,1.32,16500.0,ACTION,3202.872666929864,TurbineInstallation,TurbineInstallation,,40.0,132.0
1487,,WTIV,Jackdown,1.6666666666666667,34722.22222222222,ACTION,3202.9488706960365,MonopileInstallation,MonopileInstallation,,40.0,
1488,,Feeder 1,Jackup,1.6666666666666667,5208.333333333334,ACTION,3204.13071809497,TurbineInstallation,TurbineInstallation,,,
1489,,WTIV,Attach Nacelle,2.0,25000.0,ACTION,3204.872666929864,TurbineInstallation,TurbineInstallation,,40.0,132.0
1490,,WTIV,Reequip,1.0,12500.0,ACTION,3205.872666929864,TurbineInstallation,,,,
1491,,WTIV,Release Blade,0.5,6250.0,ACTION,3206.372666929864,TurbineInstallation,,,,
1492,,WTIV,Lift Blade,1.32,16500.0,ACTION,3207.6926669298637,TurbineInstallation,TurbineInstallation,,40.0,132.0
1493,,WTIV,Position Onsite,5.0,104166.66666666666,ACTION,3207.9488706960365,MonopileInstallation,,,,
1494,,WTIV,Attach Blade,1.5,18750.0,ACTION,3209.1926669298637,TurbineInstallation,TurbineInstallation,,40.0,132.0
1495,,WTIV,Jackup,1.6666666666666667,34722.22222222222,ACTION,3209.615537362703,MonopileInstallation,MonopileInstallation,,40.0,
1496,,WTIV,Release Blade,0.5,6250.0,ACTION,3209.6926669298637,TurbineInstallation,,,,
1497,,WTIV,RovSurvey,1.0,20833.333333333332,ACTION,3210.615537362703,MonopileInstallation,MonopileInstallation,,40.0,
1498,,WTIV,Lift Blade,1.32,16500.0,ACTION,3211.012666929864,TurbineInstallation,TurbineInstallation,,40.0,132.0
1499,,WTIV,Attach Blade,1.5,18750.0,ACTION,3212.512666929864,TurbineInstallation,TurbineInstallation,,40.0,132.0
1500,,WTIV,Release Blade,0.5,6250.0,ACTION,3213.012666929864,TurbineInstallation,,,,
1501,,Feeder 0,ActiveFeeder,30.126666666666665,94145.83333333333,ACTION,3213.012666929864,TurbineInstallation,,Site,,
1502,,Feeder 1,Queue,8.881948834893933,27756.09010904354,ACTION,3213.012666929864,TurbineInstallation,,Site,,
1503,,WTIV,Lift Blade,1.32,16500.0,ACTION,3214.332666929864,TurbineInstallation,TurbineInstallation,,40.0,132.0
1504,,Feeder 0,Jackdown,1.6666666666666667,5208.333333333334,ACTION,3214.6793335965303,TurbineInstallation,TurbineInstallation,,,
1505,,WTIV,Attach Blade,1.5,18750.0,ACTION,3215.832666929864,TurbineInstallation,TurbineInstallation,,40.0,132.0
1506,,WTIV,Jackdown,0.43333333333333335,5416.666666666667,ACTION,3216.2660002631974,TurbineInstallation,TurbineInstallation,,40.0,132.0
1507,,Feeder 0,Transit,4.830692249219678,15095.913278811493,ACTION,3219.51002584575,TurbineInstallation,,,,
1508,,WTIV,Release Monopile,10.0,208333.3333333333,ACTION,3220.615537362703,MonopileInstallation,,,,
1509,,WTIV,Position Onsite,5.0,62500.0,ACTION,3221.2660002631974,TurbineInstallation,,,,
1510,,WTIV,Upend Monopile,0.8819573087220198,18374.110598375413,ACTION,3221.497494671425,MonopileInstallation,MonopileInstallation,,40.0,
1511,,WTIV,Lower Monopile,0.005,104.16666666666666,ACTION,3221.502494671425,MonopileInstallation,MonopileInstallation,,40.0,
1512,,Feeder 0,Fasten Tower Section,2.0,6250.0,ACTION,3221.51002584575,TurbineInstallation,TurbineInstallation,,,
1513,,WTIV,Jackup,0.43333333333333335,5416.666666666667,ACTION,3221.6993335965303,TurbineInstallation,TurbineInstallation,,40.0,132.0
1514,,WTIV,Crane Reequip,1.0,20833.333333333332,ACTION,3222.502494671425,MonopileInstallation,MonopileInstallation,,40.0,
1515,,WTIV,Release Tower Section,1.0,12500.0,ACTION,3222.6993335965303,TurbineInstallation,,,,
1516,,WTIV,Lift Tower Section,0.66,8250.0,ACTION,3223.3593335965306,TurbineInstallation,TurbineInstallation,,40.0,132.0
1517,,Feeder 0,Fasten Tower Section,2.0,6250.0,ACTION,3223.51002584575,TurbineInstallation,TurbineInstallation,,,
1518,,WTIV,Drive Monopile,1.2,24999.999999999996,ACTION,3223.702494671425,MonopileInstallation,MonopileInstallation,,40.0,
1519,,WTIV,Attach Tower Section,2.0,25000.0,ACTION,3225.3593335965306,TurbineInstallation,TurbineInstallation,,40.0,132.0
1520,,Feeder 0,Transit,39.321634209940946,122880.10690606546,ACTION,3225.429923621867,MonopileInstallation,,,,
1521,,Feeder 0,Fasten Nacelle,2.0,6250.0,ACTION,3225.51002584575,TurbineInstallation,TurbineInstallation,,,
1522,,Feeder 0,Fasten Blade,0.75,2343.75,ACTION,3226.26002584575,TurbineInstallation,TurbineInstallation,,,
1523,,WTIV,Release Tower Section,1.0,12500.0,ACTION,3226.3593335965306,TurbineInstallation,,,,
1524,,Feeder 0,Fasten Blade,0.75,2343.75,ACTION,3227.01002584575,TurbineInstallation,TurbineInstallation,,,
1525,,Feeder 0,Jackup,1.6666666666666667,5208.333333333334,ACTION,3227.0965902885337,MonopileInstallation,MonopileInstallation,,,
1526,,WTIV,Lift Tower Section,1.32,16500.0,ACTION,3227.6793335965303,TurbineInstallation,TurbineInstallation,,40.0,132.0
1527,,Feeder 0,Fasten Blade,0.75,2343.75,ACTION,3227.76002584575,TurbineInstallation,TurbineInstallation,,,
1528,,WTIV,Attach Tower Section,2.0,25000.0,ACTION,3229.6793335965303,TurbineInstallation,TurbineInstallation,,40.0,132.0
1529,,WTIV,Release Nacelle,1.0,12500.0,ACTION,3230.6793335965303,TurbineInstallation,,,,
1530,,WTIV,Reequip,1.0,12500.0,ACTION,3231.6793335965303,TurbineInstallation,,,,
1531,,Feeder 0,Transit,4.830692249219678,15095.913278811493,ACTION,3232.59071809497,TurbineInstallation,,,,
1532,,WTIV,Lift Nacelle,1.32,16500.0,ACTION,3232.9993335965305,TurbineInstallation,TurbineInstallation,,40.0,132.0
1533,,WTIV,Release Transition Piece,10.0,208333.3333333333,ACTION,3233.702494671425,MonopileInstallation,,,,
1534,,Feeder 1,ActiveFeeder,107.59420525949872,336231.89143593353,ACTION,3233.702494671425,MonopileInstallation,,Site,,
1535,,Feeder 0,Jackup,1.6666666666666667,5208.333333333334,ACTION,3234.257384761637,TurbineInstallation,TurbineInstallation,,,
1536,,WTIV,Crane Reequip,1.0,20833.333333333332,ACTION,3234.702494671425,MonopileInstallation,MonopileInstallation,,40.0,
1537,,WTIV,Attach Nacelle,2.0,25000.0,ACTION,3234.9993335965305,TurbineInstallation,TurbineInstallation,,40.0,132.0
1538,,Feeder 1,Jackdown,1.6666666666666667,5208.333333333334,ACTION,3235.3691613380915,MonopileInstallation,MonopileInstallation,,,
1539,,WTIV,Lower TP,1.0,20833.333333333332,ACTION,3235.702494671425,MonopileInstallation,MonopileInstallation,,40.0,
1540,,WTIV,Reequip,1.0,12500.0,ACTION,3235.9993335965305,TurbineInstallation,,,,
1541,,WTIV,Release Blade,0.5,6250.0,ACTION,3236.4993335965305,TurbineInstallation,,,,
1542,,WTIV,Lift Blade,1.32,16500.0,ACTION,3237.8193335965307,TurbineInstallation,TurbineInstallation,,40.0,132.0
1543,,WTIV,Attach Blade,1.5,18750.0,ACTION,3239.3193335965307,TurbineInstallation,TurbineInstallation,,40.0,132.0
1544,,WTIV,Bolt TP,4.0,83333.33333333333,ACTION,3239.702494671425,MonopileInstallation,MonopileInstallation,,40.0,
1545,,WTIV,Release Blade,0.5,6250.0,ACTION,3239.8193335965307,TurbineInstallation,,,,
1546,,WTIV,Lift Blade,1.32,16500.0,ACTION,3241.1393335965304,TurbineInstallation,TurbineInstallation,,40.0,132.0
1547,,WTIV,Jackdown,1.6666666666666667,34722.22222222222,ACTION,3241.3691613380915,MonopileInstallation,MonopileInstallation,,40.0,
1548,,WTIV,Attach Blade,1.5,18750.0,ACTION,3242.6393335965304,TurbineInstallation,TurbineInstallation,,40.0,132.0
1549,,WTIV,Release Blade,0.5,6250.0,ACTION,3243.1393335965304,TurbineInstallation,,,,
1550,,Feeder 1,ActiveFeeder,30.126666666666665,94145.83333333333,ACTION,3243.1393335965304,TurbineInstallation,,Site,,
1551,,Feeder 0,Queue,8.881948834893933,27756.09010904354,ACTION,3243.1393335965304,TurbineInstallation,,Site,,
1552,,WTIV,Lift Blade,1.32,16500.0,ACTION,3244.4593335965305,TurbineInstallation,TurbineInstallation,,40.0,132.0
1553,,Feeder 1,Jackdown,1.6666666666666667,5208.333333333334,ACTION,3244.8060002631973,TurbineInstallation,TurbineInstallation,,,
1554,,WTIV,Attach Blade,1.5,18750.0,ACTION,3245.9593335965305,TurbineInstallation,TurbineInstallation,,40.0,132.0
1555,,WTIV,Jackdown,0.43333333333333335,5416.666666666667,ACTION,3246.392666929864,TurbineInstallation,TurbineInstallation,,40.0,132.0
1556,,Feeder 1,Transit,4.830692249219678,15095.913278811493,ACTION,3249.6366925124166,TurbineInstallation,,,,
1557,,WTIV,Position Onsite,5.0,62500.0,ACTION,3251.392666929864,TurbineInstallation,,,,
1558,,Feeder 1,Fasten Tower Section,2.0,6250.0,ACTION,3251.6366925124166,TurbineInstallation,TurbineInstallation,,,
1559,,WTIV,Jackup,0.43333333333333335,5416.666666666667,ACTION,3251.826000263197,TurbineInstallation,TurbineInstallation,,40.0,132.0
1560,,WTIV,Release Tower Section,1.0,12500.0,ACTION,3252.826000263197,TurbineInstallation,,,,
1561,,WTIV,Lift Tower Section,0.66,8250.0,ACTION,3253.486000263197,TurbineInstallation,TurbineInstallation,,40.0,132.0
1562,,Feeder 1,Fasten Tower Section,2.0,6250.0,ACTION,3253.6366925124166,TurbineInstallation,TurbineInstallation,,,
1563,,WTIV,Attach Tower Section,2.0,25000.0,ACTION,3255.486000263197,TurbineInstallation,TurbineInstallation,,40.0,132.0
1564,,Feeder 1,Fasten Nacelle,2.0,6250.0,ACTION,3255.6366925124166,TurbineInstallation,TurbineInstallation,,,
1565,,Feeder 1,Fasten Blade,0.75,2343.75,ACTION,3256.3866925124166,TurbineInstallation,TurbineInstallation,,,
1566,,WTIV,Release Tower Section,1.0,12500.0,ACTION,3256.486000263197,TurbineInstallation,,,,
1567,,Feeder 1,Fasten Blade,0.75,2343.75,ACTION,3257.1366925124166,TurbineInstallation,TurbineInstallation,,,
1568,,WTIV,Lift Tower Section,1.32,16500.0,ACTION,3257.8060002631973,TurbineInstallation,TurbineInstallation,,40.0,132.0
1569,,Feeder 1,Fasten Blade,0.75,2343.75,ACTION,3257.8866925124166,TurbineInstallation,TurbineInstallation,,,
1570,,WTIV,Attach Tower Section,2.0,25000.0,ACTION,3259.8060002631973,TurbineInstallation,TurbineInstallation,,40.0,132.0
1571,,WTIV,Release Nacelle,1.0,12500.0,ACTION,3260.8060002631973,TurbineInstallation,,,,
1572,,WTIV,Reequip,1.0,12500.0,ACTION,3261.8060002631973,TurbineInstallation,,,,
1573,,Feeder 1,Transit,4.830692249219678,15095.913278811493,ACTION,3262.7173847616364,TurbineInstallation,,,,
1574,,WTIV,Lift Nacelle,1.32,16500.0,ACTION,3263.126000263197,TurbineInstallation,TurbineInstallation,,40.0,132.0
1575,,Feeder 1,Jackup,1.6666666666666667,5208.333333333334,ACTION,3264.384051428303,TurbineInstallation,TurbineInstallation,,,
1576,,WTIV,Attach Nacelle,2.0,25000.0,ACTION,3265.126000263197,TurbineInstallation,TurbineInstallation,,40.0,132.0
1577,,WTIV,Reequip,1.0,12500.0,ACTION,3266.126000263197,TurbineInstallation,,,,
1578,,WTIV,Release Blade,0.5,6250.0,ACTION,3266.626000263197,TurbineInstallation,,,,
1579,,WTIV,Lift Blade,1.32,16500.0,ACTION,3267.946000263197,TurbineInstallation,TurbineInstallation,,40.0,132.0
1580,,WTIV,Attach Blade,1.5,18750.0,ACTION,3269.446000263197,TurbineInstallation,TurbineInstallation,,40.0,132.0
1581,,WTIV,Release Blade,0.5,6250.0,ACTION,3269.946000263197,TurbineInstallation,,,,
1582,,WTIV,Lift Blade,1.32,16500.0,ACTION,3271.2660002631974,TurbineInstallation,TurbineInstallation,,40.0,132.0
1583,,WTIV,Attach Blade,1.5,18750.0,ACTION,3272.7660002631974,TurbineInstallation,TurbineInstallation,,40.0,132.0
1584,,WTIV,Release Blade,0.5,6250.0,ACTION,3273.2660002631974,TurbineInstallation,,,,
1585,,Feeder 0,ActiveFeeder,30.12666666666678,94145.83333333368,ACTION,3273.2660002631974,TurbineInstallation,,Site,,
1586,,Feeder 1,Queue,8.88194883489416,27756.090109044253,ACTION,3273.2660002631974,TurbineInstallation,,Site,,
1587,,WTIV,Lift Blade,1.32,16500.0,ACTION,3274.586000263197,TurbineInstallation,TurbineInstallation,,40.0,132.0
1588,,Feeder 1,Transit,39.321634209940946,122880.10690606546,ACTION,3274.6907955480324,MonopileInstallation,,,,
1589,,Feeder 0,Queue,47.59420525949872,148731.8914359335,ACTION,3274.6907955480324,MonopileInstallation,,Site,,
1590,,WTIV,Delay: Not enough vessels for monopiles,33.32163420994084,694200.7127071008,ACTION,3274.6907955480324,MonopileInstallation,,Site,,
1591,,Feeder 0,Jackdown,1.6666666666666667,5208.333333333334,ACTION,3274.932666929864,TurbineInstallation,TurbineInstallation,,,
1592,,WTIV,Attach Blade,1.5,18750.0,ACTION,3276.086000263197,TurbineInstallation,TurbineInstallation,,40.0,132.0
1593,,WTIV,Jackdown,0.43333333333333335,5416.666666666667,ACTION,3276.5193335965305,TurbineInstallation,TurbineInstallation,,40.0,132.0
1594,,WTIV,Position Onsite,5.0,104166.66666666666,ACTION,3279.6907955480324,MonopileInstallation,,,,
1595,,Feeder 0,Transit,4.830692249219678,15095.913278811493,ACTION,3279.7633591790836,TurbineInstallation,,,,
1596,,WTIV,Jackup,1.6666666666666667,34722.22222222222,ACTION,3281.357462214699,MonopileInstallation,MonopileInstallation,,40.0,
1597,,WTIV,Position Onsite,5.0,62500.0,ACTION,3281.5193335965305,TurbineInstallation,,,,
1598,,Feeder 0,Fasten Tower Section,2.0,6250.0,ACTION,3281.7633591790836,TurbineInstallation,TurbineInstallation,,,
1599,,WTIV,Jackup,0.43333333333333335,5416.666666666667,ACTION,3281.952666929864,TurbineInstallation,TurbineInstallation,,40.0,132.0
1600,,WTIV,RovSurvey,1.0,20833.333333333332,ACTION,3282.357462214699,MonopileInstallation,MonopileInstallation,,40.0,
1601,,WTIV,Release Tower Section,1.0,12500.0,ACTION,3282.952666929864,TurbineInstallation,,,,
1602,,WTIV,Lift Tower Section,0.66,8250.0,ACTION,3283.6126669298637,TurbineInstallation,TurbineInstallation,,40.0,132.0
1603,,Feeder 0,Fasten Tower Section,2.0,6250.0,ACTION,3283.7633591790836,TurbineInstallation,TurbineInstallation,,,
1604,,WTIV,Attach Tower Section,2.0,25000.0,ACTION,3285.6126669298637,TurbineInstallation,TurbineInstallation,,40.0,132.0
1605,,Feeder 0,Fasten Nacelle,2.0,6250.0,ACTION,3285.7633591790836,TurbineInstallation,TurbineInstallation,,,
1606,,Feeder 0,Fasten Blade,0.75,2343.75,ACTION,3286.5133591790836,TurbineInstallation,TurbineInstallation,,,
1607,,WTIV,Release Tower Section,1.0,12500.0,ACTION,3286.6126669298637,TurbineInstallation,,,,
1608,,Feeder 1,Fasten Monopile,12.0,37500.0,ACTION,3286.6907955480324,MonopileInstallation,MonopileInstallation,,,
1609,,Feeder 0,Fasten Blade,0.75,2343.75,ACTION,3287.2633591790836,TurbineInstallation,TurbineInstallation,,,
1610,,WTIV,Lift Tower Section,1.32,16500.0,ACTION,3287.932666929864,TurbineInstallation,TurbineInstallation,,40.0,132.0
1611,,Feeder 0,Fasten Blade,0.75,2343.75,ACTION,3288.0133591790836,TurbineInstallation,TurbineInstallation,,,
1612,,WTIV,Attach Tower Section,2.0,25000.0,ACTION,3289.932666929864,TurbineInstallation,TurbineInstallation,,40.0,132.0
1613,,WTIV,Release Nacelle,1.0,12500.0,ACTION,3290.932666929864,TurbineInstallation,,,,
1614,,WTIV,Reequip,1.0,12500.0,ACTION,3291.932666929864,TurbineInstallation,,,,
1615,,WTIV,Release Monopile,10.0,208333.3333333333,ACTION,3292.357462214699,MonopileInstallation,,,,
1616,,Feeder 0,Transit,4.830692249219678,15095.913278811493,ACTION,3292.844051428303,TurbineInstallation,,,,
1617,,WTIV,Upend Monopile,0.8819573087220198,18374.110598375413,ACTION,3293.239419523421,MonopileInstallation,MonopileInstallation,,40.0,
1618,,WTIV,Lower Monopile,0.005,104.16666666666666,ACTION,3293.244419523421,MonopileInstallation,MonopileInstallation,,40.0,
1619,,WTIV,Lift Nacelle,1.32,16500.0,ACTION,3293.252666929864,TurbineInstallation,TurbineInstallation,,40.0,132.0
1620,,WTIV,Crane Reequip,1.0,20833.333333333332,ACTION,3294.244419523421,MonopileInstallation,MonopileInstallation,,40.0,
1621,,Feeder 0,Jackup,1.6666666666666667,5208.333333333334,ACTION,3294.51071809497,TurbineInstallation,TurbineInstallation,,,
1622,,Feeder 1,Fasten Transition Piece,8.0,25000.0,ACTION,3294.6907955480324,MonopileInstallation,MonopileInstallation,,,
1623,,WTIV,Attach Nacelle,2.0,25000.0,ACTION,3295.252666929864,TurbineInstallation,TurbineInstallation,,40.0,132.0
1624,,WTIV,Drive Monopile,1.2,24999.999999999996,ACTION,3295.444419523421,MonopileInstallation,MonopileInstallation,,40.0,
1625,,WTIV,Reequip,1.0,12500.0,ACTION,3296.252666929864,TurbineInstallation,,,,
1626,,WTIV,Release Blade,0.5,6250.0,ACTION,3296.752666929864,TurbineInstallation,,,,
1627,,WTIV,Lift Blade,1.32,16500.0,ACTION,3298.0726669298638,TurbineInstallation,TurbineInstallation,,40.0,132.0
1628,,WTIV,Attach Blade,1.5,18750.0,ACTION,3299.5726669298638,TurbineInstallation,TurbineInstallation,,40.0,132.0
1629,,WTIV,Release Blade,0.5,6250.0,ACTION,3300.0726669298638,TurbineInstallation,,,,
1630,,WTIV,Lift Blade,1.32,16500.0,ACTION,3301.392666929864,TurbineInstallation,TurbineInstallation,,40.0,132.0
1631,,WTIV,Attach Blade,1.5,18750.0,ACTION,3302.892666929864,TurbineInstallation,TurbineInstallation,,40.0,132.0
1632,,WTIV,Release Blade,0.5,6250.0,ACTION,3303.392666929864,TurbineInstallation,,,,
1633,,Feeder 1,ActiveFeeder,30.12666666666678,94145.83333333368,ACTION,3303.392666929864,TurbineInstallation,,Site,,
1634,,Feeder 0,Queue,8.881948834894274,27756.090109044606,ACTION,3303.392666929864,TurbineInstallation,,Site,,
1635,,WTIV,Lift Blade,1.32,16500.0,ACTION,3304.712666929864,TurbineInstallation,TurbineInstallation,,40.0,132.0
1636,,Feeder 1,Jackdown,1.6666666666666667,5208.333333333334,ACTION,3305.0593335965305,TurbineInstallation,TurbineInstallation,,,
1637,,WTIV,Release Transition Piece,10.0,208333.3333333333,ACTION,3305.444419523421,MonopileInstallation,,,,
1638,,WTIV,Attach Blade,1.5,18750.0,ACTION,3306.212666929864,TurbineInstallation,TurbineInstallation,,40.0,132.0
1639,,WTIV,Crane Reequip,1.0,20833.333333333332,ACTION,3306.444419523421,MonopileInstallation,MonopileInstallation,,40.0,
1640,,WTIV,Jackdown,0.43333333333333335,5416.666666666667,ACTION,3306.6460002631975,TurbineInstallation,TurbineInstallation,,40.0,132.0
1641,,Feeder 1,Fasten Monopile,12.0,37500.0,ACTION,3306.6907955480324,MonopileInstallation,MonopileInstallation,,,
1642,,WTIV,Lower TP,1.0,20833.333333333332,ACTION,3307.444419523421,MonopileInstallation,MonopileInstallation,,40.0,
1643,,Feeder 1,Transit,4.830692249219678,15095.913278811493,ACTION,3309.89002584575,TurbineInstallation,,,,
1644,,WTIV,Bolt TP,4.0,83333.33333333333,ACTION,3311.444419523421,MonopileInstallation,MonopileInstallation,,40.0,
1645,,WTIV,Position Onsite,5.0,62500.0,ACTION,3311.6460002631975,TurbineInstallation,,,,
1646,,Feeder 1,Fasten Tower Section,2.0,6250.0,ACTION,3311.89002584575,TurbineInstallation,TurbineInstallation,,,
1647,,WTIV,Jackup,0.43333333333333335,5416.666666666667,ACTION,3312.079333596531,TurbineInstallation,TurbineInstallation,,40.0,132.0
1648,,WTIV,Release Tower Section,1.0,12500.0,ACTION,3313.079333596531,TurbineInstallation,,,,
1649,,WTIV,Jackdown,1.6666666666666667,34722.22222222222,ACTION,3313.1110861900875,MonopileInstallation,MonopileInstallation,,40.0,
1650,,WTIV,Lift Tower Section,0.66,8250.0,ACTION,3313.7393335965307,TurbineInstallation,TurbineInstallation,,40.0,132.0
1651,,Feeder 1,Fasten Tower Section,2.0,6250.0,ACTION,3313.89002584575,TurbineInstallation,TurbineInstallation,,,
1652,,Feeder 1,Fasten Transition Piece,8.0,25000.0,ACTION,3314.6907955480324,MonopileInstallation,MonopileInstallation,,,
1653,,WTIV,Attach Tower Section,2.0,25000.0,ACTION,3315.7393335965307,TurbineInstallation,TurbineInstallation,,40.0,132.0
1654,,Feeder 1,Fasten Nacelle,2.0,6250.0,ACTION,3315.89002584575,TurbineInstallation,TurbineInstallation,,,
1655,,Feeder 1,Fasten Blade,0.75,2343.75,ACTION,3316.64002584575,TurbineInstallation,TurbineInstallation,,,
1656,,WTIV,Release Tower Section,1.0,12500.0,ACTION,3316.7393335965307,TurbineInstallation,,,,
1657,,Feeder 1,Fasten Blade,0.75,2343.75,ACTION,3317.39002584575,TurbineInstallation,TurbineInstallation,,,
1658,,WTIV,Lift Tower Section,1.32,16500.0,ACTION,3318.0593335965305,TurbineInstallation,TurbineInstallation,,40.0,132.0
1659,,WTIV,Position Onsite,5.0,104166.66666666666,ACTION,3318.1110861900875,MonopileInstallation,,,,
1660,,Feeder 1,Fasten Blade,0.75,2343.75,ACTION,3318.14002584575,TurbineInstallation,TurbineInstallation,,,
1661,,WTIV,Jackup,1.6666666666666667,34722.22222222222,ACTION,3319.777752856754,MonopileInstallation,MonopileInstallation,,40.0,
1662,,WTIV,Attach Tower Section,2.0,25000.0,ACTION,3320.0593335965305,TurbineInstallation,TurbineInstallation,,40.0,132.0
1663,,WTIV,RovSurvey,1.0,20833.333333333332,ACTION,3320.777752856754,MonopileInstallation,MonopileInstallation,,40.0,
1664,,WTIV,Release Nacelle,1.0,12500.0,ACTION,3321.0593335965305,TurbineInstallation,,,,
1665,,WTIV,Reequip,1.0,12500.0,ACTION,3322.0593335965305,TurbineInstallation,,,,
1666,,Feeder 1,Transit,4.830692249219678,15095.913278811493,ACTION,3322.97071809497,TurbineInstallation,,,,
1667,,WTIV,Lift Nacelle,1.32,16500.0,ACTION,3323.3793335965306,TurbineInstallation,TurbineInstallation,,40.0,132.0
1668,,Feeder 1,Jackup,1.6666666666666667,5208.333333333334,ACTION,3324.6373847616364,TurbineInstallation,TurbineInstallation,,,
1669,,WTIV,Attach Nacelle,2.0,25000.0,ACTION,3325.3793335965306,TurbineInstallation,TurbineInstallation,,40.0,132.0
1670,,WTIV,Reequip,1.0,12500.0,ACTION,3326.3793335965306,TurbineInstallation,,,,
1671,,WTIV,Release Blade,0.5,6250.0,ACTION,3326.8793335965306,TurbineInstallation,,,,
1672,,WTIV,Lift Blade,1.32,16500.0,ACTION,3328.199333596531,TurbineInstallation,TurbineInstallation,,40.0,132.0
1673,,WTIV,Attach Blade,1.5,18750.0,ACTION,3329.699333596531,TurbineInstallation,TurbineInstallation,,40.0,132.0
1674,,WTIV,Release Blade,0.5,6250.0,ACTION,3330.199333596531,TurbineInstallation,,,,
1675,,WTIV,Release Monopile,10.0,208333.3333333333,ACTION,3330.777752856754,MonopileInstallation,,,,
1676,,WTIV,Lift Blade,1.32,16500.0,ACTION,3331.519333596531,TurbineInstallation,TurbineInstallation,,40.0,132.0
1677,,WTIV,Upend Monopile,0.8819573087220198,18374.110598375413,ACTION,3331.659710165476,MonopileInstallation,MonopileInstallation,,40.0,
1678,,WTIV,Lower Monopile,0.005,104.16666666666666,ACTION,3331.664710165476,MonopileInstallation,MonopileInstallation,,40.0,
1679,,WTIV,Crane Reequip,1.0,20833.333333333332,ACTION,3332.664710165476,MonopileInstallation,MonopileInstallation,,40.0,
1680,,WTIV,Attach Blade,1.5,18750.0,ACTION,3333.019333596531,TurbineInstallation,TurbineInstallation,,40.0,132.0
1681,,WTIV,Release Blade,0.5,6250.0,ACTION,3333.519333596531,TurbineInstallation,,,,
1682,,Feeder 0,ActiveFeeder,30.12666666666678,94145.83333333368,ACTION,3333.519333596531,TurbineInstallation,,Site,,
1683,,Feeder 1,Queue,8.881948834894274,27756.090109044606,ACTION,3333.519333596531,TurbineInstallation,,Site,,
1684,,WTIV,Drive Monopile,1.2,24999.999999999996,ACTION,3333.864710165476,MonopileInstallation,MonopileInstallation,,40.0,
1685,,WTIV,Lift Blade,1.32,16500.0,ACTION,3334.839333596531,TurbineInstallation,TurbineInstallation,,40.0,132.0
1686,,Feeder 0,Jackdown,1.6666666666666667,5208.333333333334,ACTION,3335.1860002631975,TurbineInstallation,TurbineInstallation,,,
1687,,WTIV,Attach Blade,1.5,18750.0,ACTION,3336.339333596531,TurbineInstallation,TurbineInstallation,,40.0,132.0
1688,,WTIV,Jackdown,0.43333333333333335,5416.666666666667,ACTION,3336.772666929864,TurbineInstallation,TurbineInstallation,,40.0,132.0
1689,,Feeder 0,Transit,4.830692249219678,15095.913278811493,ACTION,3340.016692512417,TurbineInstallation,,,,
1690,,WTIV,Position Onsite,5.0,62500.0,ACTION,3341.772666929864,TurbineInstallation,,,,
1691,,Feeder 0,Fasten Tower Section,2.0,6250.0,ACTION,3342.016692512417,TurbineInstallation,TurbineInstallation,,,
1692,,WTIV,Jackup,0.43333333333333335,5416.666666666667,ACTION,3342.2060002631974,TurbineInstallation,TurbineInstallation,,40.0,132.0
1693,,WTIV,Release Tower Section,1.0,12500.0,ACTION,3343.2060002631974,TurbineInstallation,,,,
1694,,WTIV,Release Transition Piece,10.0,208333.3333333333,ACTION,3343.864710165476,MonopileInstallation,,,,
1695,,WTIV,Lift Tower Section,0.66,8250.0,ACTION,3343.8660002631973,TurbineInstallation,TurbineInstallation,,40.0,132.0
1696,,Feeder 0,Fasten Tower Section,2.0,6250.0,ACTION,3344.016692512417,TurbineInstallation,TurbineInstallation,,,
1697,,WTIV,Crane Reequip,1.0,20833.333333333332,ACTION,3344.864710165476,MonopileInstallation,MonopileInstallation,,40.0,
1698,,WTIV,Lower TP,1.0,20833.333333333332,ACTION,3345.864710165476,MonopileInstallation,MonopileInstallation,,40.0,
1699,,WTIV,Attach Tower Section,2.0,25000.0,ACTION,3345.8660002631973,TurbineInstallation,TurbineInstallation,,40.0,132.0
1700,,Feeder 0,Fasten Nacelle,2.0,6250.0,ACTION,3346.016692512417,TurbineInstallation,TurbineInstallation,,,
1701,,Feeder 0,Fasten Blade,0.75,2343.75,ACTION,3346.766692512417,TurbineInstallation,TurbineInstallation,,,
1702,,WTIV,Release Tower Section,1.0,12500.0,ACTION,3346.8660002631973,TurbineInstallation,,,,
1703,,Feeder 0,Fasten Blade,0.75,2343.75,ACTION,3347.516692512417,TurbineInstallation,TurbineInstallation,,,
1704,,WTIV,Lift Tower Section,1.32,16500.0,ACTION,3348.1860002631975,TurbineInstallation,TurbineInstallation,,40.0,132.0
1705,,Feeder 0,Fasten Blade,0.75,2343.75,ACTION,3348.266692512417,TurbineInstallation,TurbineInstallation,,,
1706,,WTIV,Bolt TP,4.0,83333.33333333333,ACTION,3349.864710165476,MonopileInstallation,MonopileInstallation,,40.0,
1707,,WTIV,Attach Tower Section,2.0,25000.0,ACTION,3350.1860002631975,TurbineInstallation,TurbineInstallation,,40.0,132.0
1708,,WTIV,Release Nacelle,1.0,12500.0,ACTION,3351.1860002631975,TurbineInstallation,,,,
1709,,WTIV,Jackdown,1.6666666666666667,34722.22222222222,ACTION,3351.5313768321425,MonopileInstallation,MonopileInstallation,,40.0,
1710,,WTIV,Reequip,1.0,12500.0,ACTION,3352.1860002631975,TurbineInstallation,,,,
1711,,Feeder 0,Transit,4.830692249219678,15095.913278811493,ACTION,3353.097384761637,TurbineInstallation,,,,
1712,,WTIV,Lift Nacelle,1.32,16500.0,ACTION,3353.5060002631976,TurbineInstallation,TurbineInstallation,,40.0,132.0
1713,,Feeder 0,Jackup,1.6666666666666667,5208.333333333334,ACTION,3354.7640514283034,TurbineInstallation,TurbineInstallation,,,
1714,,WTIV,Attach Nacelle,2.0,25000.0,ACTION,3355.5060002631976,TurbineInstallation,TurbineInstallation,,40.0,132.0
1715,,WTIV,Reequip,1.0,12500.0,ACTION,3356.5060002631976,TurbineInstallation,,,,
1716,,WTIV,Position Onsite,5.0,104166.66666666666,ACTION,3356.5313768321425,MonopileInstallation,,,,
1717,,WTIV,Release Blade,0.5,6250.0,ACTION,3357.0060002631976,TurbineInstallation,,,,
1718,,WTIV,Jackup,1.6666666666666667,34722.22222222222,ACTION,3358.198043498809,MonopileInstallation,MonopileInstallation,,40.0,
1719,,WTIV,Lift Blade,1.32,16500.0,ACTION,3358.326000263198,TurbineInstallation,TurbineInstallation,,40.0,132.0
1720,,WTIV,RovSurvey,1.0,20833.333333333332,ACTION,3359.198043498809,MonopileInstallation,MonopileInstallation,,40.0,
1721,,WTIV,Attach Blade,1.5,18750.0,ACTION,3359.826000263198,TurbineInstallation,TurbineInstallation,,40.0,132.0
1722,,WTIV,Release Blade,0.5,6250.0,ACTION,3360.326000263198,TurbineInstallation,,,,
1723,,WTIV,Lift Blade,1.32,16500.0,ACTION,3361.6460002631975,TurbineInstallation,TurbineInstallation,,40.0,132.0
1724,,WTIV,Attach Blade,1.5,18750.0,ACTION,3363.1460002631975,TurbineInstallation,TurbineInstallation,,40.0,132.0
1725,,WTIV,Release Blade,0.5,6250.0,ACTION,3363.6460002631975,TurbineInstallation,,,,
1726,,Feeder 1,ActiveFeeder,30.12666666666678,94145.83333333368,ACTION,3363.6460002631975,TurbineInstallation,,Site,,
1727,,Feeder 0,Queue,8.881948834894274,27756.090109044606,ACTION,3363.6460002631975,TurbineInstallation,,Site,,
1728,,WTIV,Lift Blade,1.32,16500.0,ACTION,3364.9660002631977,TurbineInstallation,TurbineInstallation,,40.0,132.0
1729,,Feeder 1,Jackdown,1.6666666666666667,5208.333333333334,ACTION,3365.3126669298645,TurbineInstallation,TurbineInstallation,,,
1730,,WTIV,Attach Blade,1.5,18750.0,ACTION,3366.4660002631977,TurbineInstallation,TurbineInstallation,,40.0,132.0
1731,,WTIV,Jackdown,0.43333333333333335,5416.666666666667,ACTION,3366.899333596531,TurbineInstallation,TurbineInstallation,,40.0,132.0
1732,,WTIV,Release Monopile,10.0,208333.3333333333,ACTION,3369.198043498809,MonopileInstallation,,,,
1733,,WTIV,Upend Monopile,0.8819573087220198,18374.110598375413,ACTION,3370.080000807531,MonopileInstallation,MonopileInstallation,,40.0,
1734,,WTIV,Lower Monopile,0.005,104.16666666666666,ACTION,3370.0850008075313,MonopileInstallation,MonopileInstallation,,40.0,
1735,,Feeder 1,Transit,4.830692249219678,15095.913278811493,ACTION,3370.1433591790837,TurbineInstallation,,,,
1736,,WTIV,Crane Reequip,1.0,20833.333333333332,ACTION,3371.0850008075313,MonopileInstallation,MonopileInstallation,,40.0,
1737,,WTIV,Position Onsite,5.0,62500.0,ACTION,3371.899333596531,TurbineInstallation,,,,
1738,,Feeder 1,Fasten Tower Section,2.0,6250.0,ACTION,3372.1433591790837,TurbineInstallation,TurbineInstallation,,,
1739,,WTIV,Drive Monopile,1.2,24999.999999999996,ACTION,3372.285000807531,MonopileInstallation,MonopileInstallation,,40.0,
1740,,WTIV,Jackup,0.43333333333333335,5416.666666666667,ACTION,3372.332666929864,TurbineInstallation,TurbineInstallation,,40.0,132.0
1741,,WTIV,Release Tower Section,1.0,12500.0,ACTION,3373.332666929864,TurbineInstallation,,,,
1742,,WTIV,Lift Tower Section,0.66,8250.0,ACTION,3373.9926669298643,TurbineInstallation,TurbineInstallation,,40.0,132.0
1743,,Feeder 1,Fasten Tower Section,2.0,6250.0,ACTION,3374.1433591790837,TurbineInstallation,TurbineInstallation,,,
1744,,WTIV,Attach Tower Section,2.0,25000.0,ACTION,3375.9926669298643,TurbineInstallation,TurbineInstallation,,40.0,132.0
1745,,Feeder 1,Fasten Nacelle,2.0,6250.0,ACTION,3376.1433591790837,TurbineInstallation,TurbineInstallation,,,
1746,,Feeder 1,Fasten Blade,0.75,2343.75,ACTION,3376.8933591790837,TurbineInstallation,TurbineInstallation,,,
1747,,WTIV,Release Tower Section,1.0,12500.0,ACTION,3376.9926669298643,TurbineInstallation,,,,
1748,,Feeder 1,Fasten Blade,0.75,2343.75,ACTION,3377.6433591790837,TurbineInstallation,TurbineInstallation,,,
1749,,WTIV,Lift Tower Section,1.32,16500.0,ACTION,3378.3126669298645,TurbineInstallation,TurbineInstallation,,40.0,132.0
1750,,Feeder 1,Fasten Blade,0.75,2343.75,ACTION,3378.3933591790837,TurbineInstallation,TurbineInstallation,,,
1751,,WTIV,Attach Tower Section,2.0,25000.0,ACTION,3380.3126669298645,TurbineInstallation,TurbineInstallation,,40.0,132.0
1752,,WTIV,Release Nacelle,1.0,12500.0,ACTION,3381.3126669298645,TurbineInstallation,,,,
1753,,WTIV,Release Transition Piece,10.0,208333.3333333333,ACTION,3382.285000807531,MonopileInstallation,,,,
1754,,Feeder 0,ActiveFeeder,107.59420525949872,336231.89143593353,ACTION,3382.285000807531,MonopileInstallation,,Site,,
1755,,WTIV,Reequip,1.0,12500.0,ACTION,3382.3126669298645,TurbineInstallation,,,,
1756,,Feeder 1,Transit,4.830692249219678,15095.913278811493,ACTION,3383.2240514283035,TurbineInstallation,,,,
1757,,WTIV,Crane Reequip,1.0,20833.333333333332,ACTION,3383.285000807531,MonopileInstallation,MonopileInstallation,,40.0,
1758,,WTIV,Lift Nacelle,1.32,16500.0,ACTION,3383.632666929864,TurbineInstallation,TurbineInstallation,,40.0,132.0
1759,,Feeder 0,Jackdown,1.6666666666666667,5208.333333333334,ACTION,3383.9516674741976,MonopileInstallation,MonopileInstallation,,,
1760,,WTIV,Lower TP,1.0,20833.333333333332,ACTION,3384.285000807531,MonopileInstallation,MonopileInstallation,,40.0,
1761,,Feeder 1,Jackup,1.6666666666666667,5208.333333333334,ACTION,3384.89071809497,TurbineInstallation,TurbineInstallation,,,
1762,,WTIV,Attach Nacelle,2.0,25000.0,ACTION,3385.632666929864,TurbineInstallation,TurbineInstallation,,40.0,132.0
1763,,WTIV,Reequip,1.0,12500.0,ACTION,3386.632666929864,TurbineInstallation,,,,
1764,,WTIV,Release Blade,0.5,6250.0,ACTION,3387.132666929864,TurbineInstallation,,,,
1765,,WTIV,Bolt TP,4.0,83333.33333333333,ACTION,3388.285000807531,MonopileInstallation,MonopileInstallation,,40.0,
1766,,WTIV,Lift Blade,1.32,16500.0,ACTION,3388.4526669298643,TurbineInstallation,TurbineInstallation,,40.0,132.0
1767,,WTIV,Jackdown,1.6666666666666667,34722.22222222222,ACTION,3389.9516674741976,MonopileInstallation,MonopileInstallation,,40.0,
1768,,WTIV,Attach Blade,1.5,18750.0,ACTION,3389.9526669298643,TurbineInstallation,TurbineInstallation,,40.0,132.0
1769,,WTIV,Release Blade,0.5,6250.0,ACTION,3390.4526669298643,TurbineInstallation,,,,
1770,,WTIV,Lift Blade,1.32,16500.0,ACTION,3391.7726669298645,TurbineInstallation,TurbineInstallation,,40.0,132.0
1771,,WTIV,Attach Blade,1.5,18750.0,ACTION,3393.2726669298645,TurbineInstallation,TurbineInstallation,,40.0,132.0
1772,,WTIV,Release Blade,0.5,6250.0,ACTION,3393.7726669298645,TurbineInstallation,,,,
1773,,Feeder 0,ActiveFeeder,30.12666666666678,94145.83333333368,ACTION,3393.7726669298645,TurbineInstallation,,Site,,
1774,,Feeder 1,Queue,8.881948834894274,27756.090109044606,ACTION,3393.7726669298645,TurbineInstallation,,Site,,
1775,,WTIV,Lift Blade,1.32,16500.0,ACTION,3395.092666929864,TurbineInstallation,TurbineInstallation,,40.0,132.0
1776,,Feeder 0,Jackdown,1.6666666666666667,5208.333333333334,ACTION,3395.439333596531,TurbineInstallation,TurbineInstallation,,,
1777,,WTIV,Attach Blade,1.5,18750.0,ACTION,3396.592666929864,TurbineInstallation,TurbineInstallation,,40.0,132.0
1778,,WTIV,Jackdown,0.43333333333333335,5416.666666666667,ACTION,3397.0260002631976,TurbineInstallation,TurbineInstallation,,40.0,132.0
1779,,Feeder 0,Transit,4.830692249219678,15095.913278811493,ACTION,3400.2700258457508,TurbineInstallation,,,,
1780,,WTIV,Position Onsite,5.0,62500.0,ACTION,3402.0260002631976,TurbineInstallation,,,,
1781,,Feeder 0,Fasten Tower Section,2.0,6250.0,ACTION,3402.2700258457508,TurbineInstallation,TurbineInstallation,,,
1782,,WTIV,Jackup,0.43333333333333335,5416.666666666667,ACTION,3402.459333596531,TurbineInstallation,TurbineInstallation,,40.0,132.0
1783,,WTIV,Release Tower Section,1.0,12500.0,ACTION,3403.459333596531,TurbineInstallation,,,,
1784,,WTIV,Lift Tower Section,0.66,8250.0,ACTION,3404.119333596531,TurbineInstallation,TurbineInstallation,,40.0,132.0
1785,,Feeder 0,Fasten Tower Section,2.0,6250.0,ACTION,3404.2700258457508,TurbineInstallation,TurbineInstallation,,,
1786,,WTIV,Attach Tower Section,2.0,25000.0,ACTION,3406.119333596531,TurbineInstallation,TurbineInstallation,,40.0,132.0
1787,,Feeder 0,Fasten Nacelle,2.0,6250.0,ACTION,3406.2700258457508,TurbineInstallation,TurbineInstallation,,,
1788,,Feeder 0,Fasten Blade,0.75,2343.75,ACTION,3407.0200258457508,TurbineInstallation,TurbineInstallation,,,
1789,,WTIV,Release Tower Section,1.0,12500.0,ACTION,3407.119333596531,TurbineInstallation,,,,
1790,,Feeder 0,Fasten Blade,0.75,2343.75,ACTION,3407.7700258457508,TurbineInstallation,TurbineInstallation,,,
1791,,WTIV,Lift Tower Section,1.32,16500.0,ACTION,3408.439333596531,TurbineInstallation,TurbineInstallation,,40.0,132.0
1792,,Feeder 0,Fasten Blade,0.75,2343.75,ACTION,3408.5200258457508,TurbineInstallation,TurbineInstallation,,,
1793,,WTIV,Attach Tower Section,2.0,25000.0,ACTION,3410.439333596531,TurbineInstallation,TurbineInstallation,,40.0,132.0
1794,,WTIV,Release Nacelle,1.0,12500.0,ACTION,3411.439333596531,TurbineInstallation,,,,
1795,,WTIV,Reequip,1.0,12500.0,ACTION,3412.439333596531,TurbineInstallation,,,,
1796,,Feeder 0,Transit,4.830692249219678,15095.913278811493,ACTION,3413.35071809497,TurbineInstallation,,,,
1797,,WTIV,Lift Nacelle,1.32,16500.0,ACTION,3413.759333596531,TurbineInstallation,TurbineInstallation,,40.0,132.0
1798,,Feeder 0,Jackup,1.6666666666666667,5208.333333333334,ACTION,3415.017384761637,TurbineInstallation,TurbineInstallation,,,
1799,,WTIV,Attach Nacelle,2.0,25000.0,ACTION,3415.759333596531,TurbineInstallation,TurbineInstallation,,40.0,132.0
1800,,WTIV,Reequip,1.0,12500.0,ACTION,3416.759333596531,TurbineInstallation,,,,
1801,,WTIV,Release Blade,0.5,6250.0,ACTION,3417.259333596531,TurbineInstallation,,,,
1802,,WTIV,Lift Blade,1.32,16500.0,ACTION,3418.579333596531,TurbineInstallation,TurbineInstallation,,40.0,132.0
1803,,WTIV,Attach Blade,1.5,18750.0,ACTION,3420.079333596531,TurbineInstallation,TurbineInstallation,,40.0,132.0
1804,,WTIV,Release Blade,0.5,6250.0,ACTION,3420.579333596531,TurbineInstallation,,,,
1805,,WTIV,Lift Blade,1.32,16500.0,ACTION,3421.899333596531,TurbineInstallation,TurbineInstallation,,40.0,132.0
1806,,Feeder 0,Transit,39.321634209940946,122880.10690606546,ACTION,3423.2733016841385,MonopileInstallation,,,,
1807,,WTIV,Attach Blade,1.5,18750.0,ACTION,3423.399333596531,TurbineInstallation,TurbineInstallation,,40.0,132.0
1808,,WTIV,Release Blade,0.5,6250.0,ACTION,3423.899333596531,TurbineInstallation,,,,
1809,,Feeder 1,ActiveFeeder,30.12666666666678,94145.83333333368,ACTION,3423.899333596531,TurbineInstallation,,Site,,
1810,,Feeder 0,Queue,8.881948834894274,27756.090109044606,ACTION,3423.899333596531,TurbineInstallation,,Site,,
1811,,WTIV,Lift Blade,1.32,16500.0,ACTION,3425.219333596531,TurbineInstallation,TurbineInstallation,,40.0,132.0
1812,,Feeder 1,Jackdown,1.6666666666666667,5208.333333333334,ACTION,3425.5660002631976,TurbineInstallation,TurbineInstallation,,,
1813,,WTIV,Attach Blade,1.5,18750.0,ACTION,3426.719333596531,TurbineInstallation,TurbineInstallation,,40.0,132.0
1814,,WTIV,Jackdown,0.43333333333333335,5416.666666666667,ACTION,3427.1526669298646,TurbineInstallation,TurbineInstallation,,40.0,132.0
1815,,Feeder 1,Transit,4.830692249219678,15095.913278811493,ACTION,3430.3966925124173,TurbineInstallation,,,,
1816,,WTIV,Position Onsite,5.0,62500.0,ACTION,3432.1526669298646,TurbineInstallation,,,,
1817,,Feeder 1,Fasten Tower Section,2.0,6250.0,ACTION,3432.3966925124173,TurbineInstallation,TurbineInstallation,,,
1818,,WTIV,Jackup,0.43333333333333335,5416.666666666667,ACTION,3432.586000263198,TurbineInstallation,TurbineInstallation,,40.0,132.0
1819,,WTIV,Release Tower Section,1.0,12500.0,ACTION,3433.586000263198,TurbineInstallation,,,,
1820,,WTIV,Lift Tower Section,0.66,8250.0,ACTION,3434.246000263198,TurbineInstallation,TurbineInstallation,,40.0,132.0
1821,,Feeder 1,Fasten Tower Section,2.0,6250.0,ACTION,3434.3966925124173,TurbineInstallation,TurbineInstallation,,,
1822,,WTIV,Attach Tower Section,2.0,25000.0,ACTION,3436.246000263198,TurbineInstallation,TurbineInstallation,,40.0,132.0
1823,,Feeder 1,Fasten Nacelle,2.0,6250.0,ACTION,3436.3966925124173,TurbineInstallation,TurbineInstallation,,,
1824,,Feeder 1,Fasten Blade,0.75,2343.75,ACTION,3437.1466925124173,TurbineInstallation,TurbineInstallation,,,
1825,,WTIV,Release Tower Section,1.0,12500.0,ACTION,3437.246000263198,TurbineInstallation,,,,
1826,,Feeder 1,Fasten Blade,0.75,2343.75,ACTION,3437.8966925124173,TurbineInstallation,TurbineInstallation,,,
1827,,WTIV,Lift Tower Section,1.32,16500.0,ACTION,3438.5660002631976,TurbineInstallation,TurbineInstallation,,40.0,132.0
1828,,Feeder 1,Fasten Blade,0.75,2343.75,ACTION,3438.6466925124173,TurbineInstallation,TurbineInstallation,,,
1829,,WTIV,Attach Tower Section,2.0,25000.0,ACTION,3440.5660002631976,TurbineInstallation,TurbineInstallation,,40.0,132.0
1830,,WTIV,Release Nacelle,1.0,12500.0,ACTION,3441.5660002631976,TurbineInstallation,,,,
1831,,WTIV,Reequip,1.0,12500.0,ACTION,3442.5660002631976,TurbineInstallation,,,,
1832,,Feeder 1,Transit,4.830692249219678,15095.913278811493,ACTION,3443.477384761637,TurbineInstallation,,,,
1833,,WTIV,Lift Nacelle,1.32,16500.0,ACTION,3443.8860002631977,TurbineInstallation,TurbineInstallation,,40.0,132.0
1834,,Feeder 1,Jackup,1.6666666666666667,5208.333333333334,ACTION,3445.1440514283036,TurbineInstallation,TurbineInstallation,,,
1835,,WTIV,Attach Nacelle,2.0,25000.0,ACTION,3445.8860002631977,TurbineInstallation,TurbineInstallation,,40.0,132.0
1836,,WTIV,Reequip,1.0,12500.0,ACTION,3446.8860002631977,TurbineInstallation,,,,
1837,,WTIV,Release Blade,0.5,6250.0,ACTION,3447.3860002631977,TurbineInstallation,,,,
1838,,WTIV,Lift Blade,1.32,16500.0,ACTION,3448.706000263198,TurbineInstallation,TurbineInstallation,,40.0,132.0
1839,,WTIV,Attach Blade,1.5,18750.0,ACTION,3450.206000263198,TurbineInstallation,TurbineInstallation,,40.0,132.0
1840,,WTIV,Release Blade,0.5,6250.0,ACTION,3450.706000263198,TurbineInstallation,,,,
1841,,WTIV,Lift Blade,1.32,16500.0,ACTION,3452.026000263198,TurbineInstallation,TurbineInstallation,,40.0,132.0
1842,,WTIV,Attach Blade,1.5,18750.0,ACTION,3453.526000263198,TurbineInstallation,TurbineInstallation,,40.0,132.0
1843,,WTIV,Release Blade,0.5,6250.0,ACTION,3454.026000263198,TurbineInstallation,,,,
1844,,Feeder 0,ActiveFeeder,30.12666666666678,94145.83333333368,ACTION,3454.026000263198,TurbineInstallation,,Site,,
1845,,Feeder 1,Queue,8.881948834894274,27756.090109044606,ACTION,3454.026000263198,TurbineInstallation,,Site,,
1846,,WTIV,Lift Blade,1.32,16500.0,ACTION,3455.346000263198,TurbineInstallation,TurbineInstallation,,40.0,132.0
1847,,Feeder 0,Jackdown,1.6666666666666667,5208.333333333334,ACTION,3455.6926669298646,TurbineInstallation,TurbineInstallation,,,
1848,,WTIV,Attach Blade,1.5,18750.0,ACTION,3456.846000263198,TurbineInstallation,TurbineInstallation,,40.0,132.0
1849,,WTIV,Jackdown,0.43333333333333335,5416.666666666667,ACTION,3457.279333596531,TurbineInstallation,TurbineInstallation,,40.0,132.0
1850,,Feeder 0,Transit,4.830692249219678,15095.913278811493,ACTION,3460.5233591790843,TurbineInstallation,,,,
1851,,WTIV,Position Onsite,5.0,62500.0,ACTION,3462.279333596531,TurbineInstallation,,,,
1852,,Feeder 0,Fasten Tower Section,2.0,6250.0,ACTION,3462.5233591790843,TurbineInstallation,TurbineInstallation,,,
1853,,WTIV,Jackup,0.43333333333333335,5416.666666666667,ACTION,3462.7126669298646,TurbineInstallation,TurbineInstallation,,40.0,132.0
1854,,WTIV,Release Tower Section,1.0,12500.0,ACTION,3463.7126669298646,TurbineInstallation,,,,
1855,,WTIV,Lift Tower Section,0.66,8250.0,ACTION,3464.3726669298644,TurbineInstallation,TurbineInstallation,,40.0,132.0
1856,,Feeder 0,Fasten Tower Section,2.0,6250.0,ACTION,3464.5233591790843,TurbineInstallation,TurbineInstallation,,,
1857,,WTIV,Attach Tower Section,2.0,25000.0,ACTION,3466.3726669298644,TurbineInstallation,TurbineInstallation,,40.0,132.0
1858,,Feeder 0,Fasten Nacelle,2.0,6250.0,ACTION,3466.5233591790843,TurbineInstallation,TurbineInstallation,,,
1859,,Feeder 0,Fasten Blade,0.75,2343.75,ACTION,3467.2733591790843,TurbineInstallation,TurbineInstallation,,,
1860,,WTIV,Release Tower Section,1.0,12500.0,ACTION,3467.3726669298644,TurbineInstallation,,,,
1861,,Feeder 0,Fasten Blade,0.75,2343.75,ACTION,3468.0233591790843,TurbineInstallation,TurbineInstallation,,,
1862,,WTIV,Lift Tower Section,1.32,16500.0,ACTION,3468.6926669298646,TurbineInstallation,TurbineInstallation,,40.0,132.0
1863,,Feeder 0,Fasten Blade,0.75,2343.75,ACTION,3468.7733591790843,TurbineInstallation,TurbineInstallation,,,
1864,,WTIV,Attach Tower Section,2.0,25000.0,ACTION,3470.6926669298646,TurbineInstallation,TurbineInstallation,,40.0,132.0
1865,,WTIV,Release Nacelle,1.0,12500.0,ACTION,3471.6926669298646,TurbineInstallation,,,,
1866,,WTIV,Reequip,1.0,12500.0,ACTION,3472.6926669298646,TurbineInstallation,,,,
1867,,Feeder 0,Transit,4.830692249219678,15095.913278811493,ACTION,3473.604051428304,TurbineInstallation,,,,
1868,,WTIV,Lift Nacelle,1.32,16500.0,ACTION,3474.0126669298647,TurbineInstallation,TurbineInstallation,,40.0,132.0
1869,,Feeder 0,Jackup,1.6666666666666667,5208.333333333334,ACTION,3475.2707180949706,TurbineInstallation,TurbineInstallation,,,
1870,,WTIV,Attach Nacelle,2.0,25000.0,ACTION,3476.0126669298647,TurbineInstallation,TurbineInstallation,,40.0,132.0
1871,,WTIV,Reequip,1.0,12500.0,ACTION,3477.0126669298647,TurbineInstallation,,,,
1872,,WTIV,Release Blade,0.5,6250.0,ACTION,3477.5126669298647,TurbineInstallation,,,,
1873,,WTIV,Lift Blade,1.32,16500.0,ACTION,3478.832666929865,TurbineInstallation,TurbineInstallation,,40.0,132.0
1874,,WTIV,Attach Blade,1.5,18750.0,ACTION,3480.332666929865,TurbineInstallation,TurbineInstallation,,40.0,132.0
1875,,WTIV,Release Blade,0.5,6250.0,ACTION,3480.832666929865,TurbineInstallation,,,,
1876,,WTIV,Lift Blade,1.32,16500.0,ACTION,3482.1526669298646,TurbineInstallation,TurbineInstallation,,40.0,132.0
1877,,WTIV,Attach Blade,1.5,18750.0,ACTION,3483.6526669298646,TurbineInstallation,TurbineInstallation,,40.0,132.0
1878,,WTIV,Release Blade,0.5,6250.0,ACTION,3484.1526669298646,TurbineInstallation,,,,
1879,,Feeder 1,ActiveFeeder,30.12666666666678,94145.83333333368,ACTION,3484.1526669298646,TurbineInstallation,,Site,,
1880,,Feeder 0,Queue,8.881948834894274,27756.090109044606,ACTION,3484.1526669298646,TurbineInstallation,,Site,,
1881,,WTIV,Lift Blade,1.32,16500.0,ACTION,3485.4726669298648,TurbineInstallation,TurbineInstallation,,40.0,132.0
1882,,Feeder 1,Jackdown,1.6666666666666667,5208.333333333334,ACTION,3485.8193335965316,TurbineInstallation,TurbineInstallation,,,
1883,,WTIV,Attach Blade,1.5,18750.0,ACTION,3486.9726669298648,TurbineInstallation,TurbineInstallation,,40.0,132.0
1884,,WTIV,Jackdown,0.43333333333333335,5416.666666666667,ACTION,3487.406000263198,TurbineInstallation,TurbineInstallation,,40.0,132.0
1885,,Feeder 1,Transit,4.830692249219678,15095.913278811493,ACTION,3490.650025845751,TurbineInstallation,,,,
1886,,WTIV,Position Onsite,5.0,62500.0,ACTION,3492.406000263198,TurbineInstallation,,,,
1887,,Feeder 1,Fasten Tower Section,2.0,6250.0,ACTION,3492.650025845751,TurbineInstallation,TurbineInstallation,,,
1888,,WTIV,Jackup,0.43333333333333335,5416.666666666667,ACTION,3492.839333596531,TurbineInstallation,TurbineInstallation,,40.0,132.0
1889,,WTIV,Release Tower Section,1.0,12500.0,ACTION,3493.839333596531,TurbineInstallation,,,,
1890,,WTIV,Lift Tower Section,0.66,8250.0,ACTION,3494.4993335965314,TurbineInstallation,TurbineInstallation,,40.0,132.0
1891,,Feeder 1,Fasten Tower Section,2.0,6250.0,ACTION,3494.650025845751,TurbineInstallation,TurbineInstallation,,,
1892,,WTIV,Attach Tower Section,2.0,25000.0,ACTION,3496.4993335965314,TurbineInstallation,TurbineInstallation,,40.0,132.0
1893,,Feeder 1,Fasten Nacelle,2.0,6250.0,ACTION,3496.650025845751,TurbineInstallation,TurbineInstallation,,,
1894,,Feeder 1,Fasten Blade,0.75,2343.75,ACTION,3497.400025845751,TurbineInstallation,TurbineInstallation,,,
1895,,WTIV,Release Tower Section,1.0,12500.0,ACTION,3497.4993335965314,TurbineInstallation,,,,
1896,,Feeder 1,Fasten Blade,0.75,2343.75,ACTION,3498.150025845751,TurbineInstallation,TurbineInstallation,,,
1897,,WTIV,Lift Tower Section,1.32,16500.0,ACTION,3498.8193335965316,TurbineInstallation,TurbineInstallation,,40.0,132.0
1898,,Feeder 1,Fasten Blade,0.75,2343.75,ACTION,3498.900025845751,TurbineInstallation,TurbineInstallation,,,
1899,,WTIV,Attach Tower Section,2.0,25000.0,ACTION,3500.8193335965316,TurbineInstallation,TurbineInstallation,,40.0,132.0
1900,,WTIV,Release Nacelle,1.0,12500.0,ACTION,3501.8193335965316,TurbineInstallation,,,,
1901,,WTIV,Reequip,1.0,12500.0,ACTION,3502.8193335965316,TurbineInstallation,,,,
1902,,Feeder 1,Transit,4.830692249219678,15095.913278811493,ACTION,3503.7307180949706,TurbineInstallation,,,,
1903,,WTIV,Lift Nacelle,1.32,16500.0,ACTION,3504.1393335965313,TurbineInstallation,TurbineInstallation,,40.0,132.0
1904,,Feeder 1,Jackup,1.6666666666666667,5208.333333333334,ACTION,3505.397384761637,TurbineInstallation,TurbineInstallation,,,
1905,,WTIV,Attach Nacelle,2.0,25000.0,ACTION,3506.1393335965313,TurbineInstallation,TurbineInstallation,,40.0,132.0
1906,,WTIV,Reequip,1.0,12500.0,ACTION,3507.1393335965313,TurbineInstallation,,,,
1907,,WTIV,Release Blade,0.5,6250.0,ACTION,3507.6393335965313,TurbineInstallation,,,,
1908,,WTIV,Lift Blade,1.32,16500.0,ACTION,3508.9593335965315,TurbineInstallation,TurbineInstallation,,40.0,132.0
1909,,WTIV,Attach Blade,1.5,18750.0,ACTION,3510.4593335965315,TurbineInstallation,TurbineInstallation,,40.0,132.0
1910,,WTIV,Release Blade,0.5,6250.0,ACTION,3510.9593335965315,TurbineInstallation,,,,
1911,,WTIV,Lift Blade,1.32,16500.0,ACTION,3512.2793335965316,TurbineInstallation,TurbineInstallation,,40.0,132.0
1912,,WTIV,Attach Blade,1.5,18750.0,ACTION,3513.7793335965316,TurbineInstallation,TurbineInstallation,,40.0,132.0
1913,,WTIV,Release Blade,0.5,6250.0,ACTION,3514.2793335965316,TurbineInstallation,,,,
1914,,Feeder 0,ActiveFeeder,30.12666666666678,94145.83333333368,ACTION,3514.2793335965316,TurbineInstallation,,Site,,
1915,,Feeder 1,Queue,8.881948834894274,27756.090109044606,ACTION,3514.2793335965316,TurbineInstallation,,Site,,
1916,,WTIV,Lift Blade,1.32,16500.0,ACTION,3515.5993335965313,TurbineInstallation,TurbineInstallation,,40.0,132.0
1917,,Feeder 0,Jackdown,1.6666666666666667,5208.333333333334,ACTION,3515.946000263198,TurbineInstallation,TurbineInstallation,,,
1918,,WTIV,Attach Blade,1.5,18750.0,ACTION,3517.0993335965313,TurbineInstallation,TurbineInstallation,,40.0,132.0
1919,,WTIV,Jackdown,0.43333333333333335,5416.666666666667,ACTION,3517.5326669298647,TurbineInstallation,TurbineInstallation,,40.0,132.0
1920,,Feeder 0,Transit,4.830692249219678,15095.913278811493,ACTION,3520.776692512418,TurbineInstallation,,,,
1921,,WTIV,Position Onsite,5.0,62500.0,ACTION,3522.5326669298647,TurbineInstallation,,,,
1922,,Feeder 0,Fasten Tower Section,2.0,6250.0,ACTION,3522.776692512418,TurbineInstallation,TurbineInstallation,,,
1923,,WTIV,Jackup,0.43333333333333335,5416.666666666667,ACTION,3522.966000263198,TurbineInstallation,TurbineInstallation,,40.0,132.0
1924,,WTIV,Release Tower Section,1.0,12500.0,ACTION,3523.966000263198,TurbineInstallation,,,,
1925,,WTIV,Lift Tower Section,0.66,8250.0,ACTION,3524.626000263198,TurbineInstallation,TurbineInstallation,,40.0,132.0
1926,,Feeder 0,Fasten Tower Section,2.0,6250.0,ACTION,3524.776692512418,TurbineInstallation,TurbineInstallation,,,
1927,,WTIV,Attach Tower Section,2.0,25000.0,ACTION,3526.626000263198,TurbineInstallation,TurbineInstallation,,40.0,132.0
1928,,Feeder 0,Fasten Nacelle,2.0,6250.0,ACTION,3526.776692512418,TurbineInstallation,TurbineInstallation,,,
1929,,Feeder 0,Fasten Blade,0.75,2343.75,ACTION,3527.526692512418,TurbineInstallation,TurbineInstallation,,,
1930,,WTIV,Release Tower Section,1.0,12500.0,ACTION,3527.626000263198,TurbineInstallation,,,,
1931,,Feeder 0,Fasten Blade,0.75,2343.75,ACTION,3528.276692512418,TurbineInstallation,TurbineInstallation,,,
1932,,WTIV,Lift Tower Section,1.32,16500.0,ACTION,3528.946000263198,TurbineInstallation,TurbineInstallation,,40.0,132.0
1933,,Feeder 0,Fasten Blade,0.75,2343.75,ACTION,3529.026692512418,TurbineInstallation,TurbineInstallation,,,
1934,,WTIV,Attach Tower Section,2.0,25000.0,ACTION,3530.946000263198,TurbineInstallation,TurbineInstallation,,40.0,132.0
1935,,WTIV,Release Nacelle,1.0,12500.0,ACTION,3531.946000263198,TurbineInstallation,,,,
1936,,WTIV,Reequip,1.0,12500.0,ACTION,3532.946000263198,TurbineInstallation,,,,
1937,,Feeder 0,Transit,4.830692249219678,15095.913278811493,ACTION,3533.857384761637,TurbineInstallation,,,,
1938,,WTIV,Lift Nacelle,1.32,16500.0,ACTION,3534.2660002631983,TurbineInstallation,TurbineInstallation,,40.0,132.0
1939,,Feeder 0,Jackup,1.6666666666666667,5208.333333333334,ACTION,3535.524051428304,TurbineInstallation,TurbineInstallation,,,
1940,,WTIV,Attach Nacelle,2.0,25000.0,ACTION,3536.2660002631983,TurbineInstallation,TurbineInstallation,,40.0,132.0
1941,,WTIV,Reequip,1.0,12500.0,ACTION,3537.2660002631983,TurbineInstallation,,,,
1942,,WTIV,Release Blade,0.5,6250.0,ACTION,3537.7660002631983,TurbineInstallation,,,,
1943,,WTIV,Lift Blade,1.32,16500.0,ACTION,3539.086000263198,TurbineInstallation,TurbineInstallation,,40.0,132.0
1944,,WTIV,Attach Blade,1.5,18750.0,ACTION,3540.586000263198,TurbineInstallation,TurbineInstallation,,40.0,132.0
1945,,WTIV,Release Blade,0.5,6250.0,ACTION,3541.086000263198,TurbineInstallation,,,,
1946,,WTIV,Lift Blade,1.32,16500.0,ACTION,3542.406000263198,TurbineInstallation,TurbineInstallation,,40.0,132.0
1947,,WTIV,Attach Blade,1.5,18750.0,ACTION,3543.906000263198,TurbineInstallation,TurbineInstallation,,40.0,132.0
1948,,WTIV,Release Blade,0.5,6250.0,ACTION,3544.406000263198,TurbineInstallation,,,,
1949,,Feeder 1,ActiveFeeder,30.12666666666678,94145.83333333368,ACTION,3544.406000263198,TurbineInstallation,,Site,,
1950,,Feeder 0,Queue,8.881948834894274,27756.090109044606,ACTION,3544.406000263198,TurbineInstallation,,Site,,
1951,,WTIV,Lift Blade,1.32,16500.0,ACTION,3545.7260002631983,TurbineInstallation,TurbineInstallation,,40.0,132.0
1952,,Feeder 1,Jackdown,1.6666666666666667,5208.333333333334,ACTION,3546.0726669298647,TurbineInstallation,TurbineInstallation,,,
1953,,WTIV,Attach Blade,1.5,18750.0,ACTION,3547.2260002631983,TurbineInstallation,TurbineInstallation,,40.0,132.0
1954,,WTIV,Jackdown,0.43333333333333335,5416.666666666667,ACTION,3547.6593335965317,TurbineInstallation,TurbineInstallation,,40.0,132.0
1955,,Feeder 1,Transit,4.830692249219678,15095.913278811493,ACTION,3550.9033591790844,TurbineInstallation,,,,
1956,,WTIV,Position Onsite,5.0,62500.0,ACTION,3552.6593335965317,TurbineInstallation,,,,
1957,,Feeder 1,Fasten Tower Section,2.0,6250.0,ACTION,3552.9033591790844,TurbineInstallation,TurbineInstallation,,,
1958,,WTIV,Jackup,0.43333333333333335,5416.666666666667,ACTION,3553.092666929865,TurbineInstallation,TurbineInstallation,,40.0,132.0
1959,,WTIV,Release Tower Section,1.0,12500.0,ACTION,3554.092666929865,TurbineInstallation,,,,
1960,,WTIV,Lift Tower Section,0.66,8250.0,ACTION,3554.752666929865,TurbineInstallation,TurbineInstallation,,40.0,132.0
1961,,Feeder 1,Fasten Tower Section,2.0,6250.0,ACTION,3554.9033591790844,TurbineInstallation,TurbineInstallation,,,
1962,,WTIV,Attach Tower Section,2.0,25000.0,ACTION,3556.752666929865,TurbineInstallation,TurbineInstallation,,40.0,132.0
1963,,Feeder 1,Fasten Nacelle,2.0,6250.0,ACTION,3556.9033591790844,TurbineInstallation,TurbineInstallation,,,
1964,,Feeder 1,Fasten Blade,0.75,2343.75,ACTION,3557.6533591790844,TurbineInstallation,TurbineInstallation,,,
1965,,WTIV,Release Tower Section,1.0,12500.0,ACTION,3557.752666929865,TurbineInstallation,,,,
1966,,Feeder 1,Fasten Blade,0.75,2343.75,ACTION,3558.4033591790844,TurbineInstallation,TurbineInstallation,,,
1967,,WTIV,Lift Tower Section,1.32,16500.0,ACTION,3559.0726669298647,TurbineInstallation,TurbineInstallation,,40.0,132.0
1968,,Feeder 1,Fasten Blade,0.75,2343.75,ACTION,3559.1533591790844,TurbineInstallation,TurbineInstallation,,,
1969,,WTIV,Attach Tower Section,2.0,25000.0,ACTION,3561.0726669298647,TurbineInstallation,TurbineInstallation,,40.0,132.0
1970,,WTIV,Release Nacelle,1.0,12500.0,ACTION,3562.0726669298647,TurbineInstallation,,,,
1971,,WTIV,Reequip,1.0,12500.0,ACTION,3563.0726669298647,TurbineInstallation,,,,
1972,,Feeder 1,Transit,4.830692249219678,15095.913278811493,ACTION,3563.984051428304,TurbineInstallation,,,,
1973,,WTIV,Lift Nacelle,1.32,16500.0,ACTION,3564.392666929865,TurbineInstallation,TurbineInstallation,,40.0,132.0
1974,,Feeder 1,Jackup,1.6666666666666667,5208.333333333334,ACTION,3565.6507180949707,TurbineInstallation,TurbineInstallation,,,
1975,,WTIV,Attach Nacelle,2.0,25000.0,ACTION,3566.392666929865,TurbineInstallation,TurbineInstallation,,40.0,132.0
1976,,WTIV,Reequip,1.0,12500.0,ACTION,3567.392666929865,TurbineInstallation,,,,
1977,,WTIV,Release Blade,0.5,6250.0,ACTION,3567.892666929865,TurbineInstallation,,,,
1978,,WTIV,Lift Blade,1.32,16500.0,ACTION,3569.212666929865,TurbineInstallation,TurbineInstallation,,40.0,132.0
1979,,WTIV,Attach Blade,1.5,18750.0,ACTION,3570.712666929865,TurbineInstallation,TurbineInstallation,,40.0,132.0
1980,,WTIV,Release Blade,0.5,6250.0,ACTION,3571.212666929865,TurbineInstallation,,,,
1981,,WTIV,Lift Blade,1.32,16500.0,ACTION,3572.532666929865,TurbineInstallation,TurbineInstallation,,40.0,132.0
1982,,WTIV,Attach Blade,1.5,18750.0,ACTION,3574.032666929865,TurbineInstallation,TurbineInstallation,,40.0,132.0
1983,,WTIV,Release Blade,0.5,6250.0,ACTION,3574.532666929865,TurbineInstallation,,,,
1984,,Feeder 0,ActiveFeeder,30.12666666666678,94145.83333333368,ACTION,3574.532666929865,TurbineInstallation,,Site,,
1985,,Feeder 1,Queue,8.881948834894274,27756.090109044606,ACTION,3574.532666929865,TurbineInstallation,,Site,,
1986,,WTIV,Lift Blade,1.32,16500.0,ACTION,3575.8526669298653,TurbineInstallation,TurbineInstallation,,40.0,132.0
1987,,Feeder 0,Jackdown,1.6666666666666667,5208.333333333334,ACTION,3576.1993335965317,TurbineInstallation,TurbineInstallation,,,
1988,,WTIV,Attach Blade,1.5,18750.0,ACTION,3577.3526669298653,TurbineInstallation,TurbineInstallation,,40.0,132.0
1989,,WTIV,Jackdown,0.43333333333333335,5416.666666666667,ACTION,3577.7860002631983,TurbineInstallation,TurbineInstallation,,40.0,132.0
1990,,Feeder 0,Transit,4.830692249219678,15095.913278811493,ACTION,3581.0300258457514,TurbineInstallation,,,,
1991,,WTIV,Position Onsite,5.0,62500.0,ACTION,3582.7860002631983,TurbineInstallation,,,,
1992,,Feeder 0,Fasten Tower Section,2.0,6250.0,ACTION,3583.0300258457514,TurbineInstallation,TurbineInstallation,,,
1993,,WTIV,Jackup,0.43333333333333335,5416.666666666667,ACTION,3583.2193335965317,TurbineInstallation,TurbineInstallation,,40.0,132.0
1994,,WTIV,Release Tower Section,1.0,12500.0,ACTION,3584.2193335965317,TurbineInstallation,,,,
1995,,WTIV,Lift Tower Section,0.66,8250.0,ACTION,3584.8793335965315,TurbineInstallation,TurbineInstallation,,40.0,132.0
1996,,Feeder 0,Fasten Tower Section,2.0,6250.0,ACTION,3585.0300258457514,TurbineInstallation,TurbineInstallation,,,
1997,,WTIV,Attach Tower Section,2.0,25000.0,ACTION,3586.8793335965315,TurbineInstallation,TurbineInstallation,,40.0,132.0
1998,,Feeder 0,Fasten Nacelle,2.0,6250.0,ACTION,3587.0300258457514,TurbineInstallation,TurbineInstallation,,,
1999,,Feeder 0,Fasten Blade,0.75,2343.75,ACTION,3587.7800258457514,TurbineInstallation,TurbineInstallation,,,
2000,,WTIV,Release Tower Section,1.0,12500.0,ACTION,3587.8793335965315,TurbineInstallation,,,,
2001,,Feeder 0,Fasten Blade,0.75,2343.75,ACTION,3588.5300258457514,TurbineInstallation,TurbineInstallation,,,
2002,,WTIV,Lift Tower Section,1.32,16500.0,ACTION,3589.1993335965317,TurbineInstallation,TurbineInstallation,,40.0,132.0
2003,,Feeder 0,Fasten Blade,0.75,2343.75,ACTION,3589.2800258457514,TurbineInstallation,TurbineInstallation,,,
2004,,WTIV,Attach Tower Section,2.0,25000.0,ACTION,3591.1993335965317,TurbineInstallation,TurbineInstallation,,40.0,132.0
2005,,WTIV,Release Nacelle,1.0,12500.0,ACTION,3592.1993335965317,TurbineInstallation,,,,
2006,,WTIV,Reequip,1.0,12500.0,ACTION,3593.1993335965317,TurbineInstallation,,,,
2007,,Feeder 0,Transit,4.830692249219678,15095.913278811493,ACTION,3594.110718094971,TurbineInstallation,,,,
2008,,WTIV,Lift Nacelle,1.32,16500.0,ACTION,3594.519333596532,TurbineInstallation,TurbineInstallation,,40.0,132.0
2009,,Feeder 0,Jackup,1.6666666666666667,5208.333333333334,ACTION,3595.7773847616377,TurbineInstallation,TurbineInstallation,,,
2010,,WTIV,Attach Nacelle,2.0,25000.0,ACTION,3596.519333596532,TurbineInstallation,TurbineInstallation,,40.0,132.0
2011,,WTIV,Reequip,1.0,12500.0,ACTION,3597.519333596532,TurbineInstallation,,,,
2012,,WTIV,Release Blade,0.5,6250.0,ACTION,3598.019333596532,TurbineInstallation,,,,
2013,,WTIV,Lift Blade,1.32,16500.0,ACTION,3599.339333596532,TurbineInstallation,TurbineInstallation,,40.0,132.0
2014,,WTIV,Attach Blade,1.5,18750.0,ACTION,3600.839333596532,TurbineInstallation,TurbineInstallation,,40.0,132.0
2015,,WTIV,Release Blade,0.5,6250.0,ACTION,3601.339333596532,TurbineInstallation,,,,
2016,,WTIV,Lift Blade,1.32,16500.0,ACTION,3602.6593335965317,TurbineInstallation,TurbineInstallation,,40.0,132.0
2017,,WTIV,Attach Blade,1.5,18750.0,ACTION,3604.1593335965317,TurbineInstallation,TurbineInstallation,,40.0,132.0
2018,,WTIV,Release Blade,0.5,6250.0,ACTION,3604.6593335965317,TurbineInstallation,,,,
2019,,Feeder 1,ActiveFeeder,30.12666666666678,94145.83333333368,ACTION,3604.6593335965317,TurbineInstallation,,Site,,
2020,,Feeder 0,Queue,8.881948834894274,27756.090109044606,ACTION,3604.6593335965317,TurbineInstallation,,Site,,
2021,,WTIV,Lift Blade,1.32,16500.0,ACTION,3605.979333596532,TurbineInstallation,TurbineInstallation,,40.0,132.0
2022,,Feeder 1,Jackdown,1.6666666666666667,5208.333333333334,ACTION,3606.3260002631987,TurbineInstallation,TurbineInstallation,,,
2023,,WTIV,Attach Blade,1.5,18750.0,ACTION,3607.479333596532,TurbineInstallation,TurbineInstallation,,40.0,132.0
2024,,WTIV,Jackdown,0.43333333333333335,5416.666666666667,ACTION,3607.9126669298653,TurbineInstallation,TurbineInstallation,,40.0,132.0
2025,,Feeder 1,Transit,4.830692249219678,15095.913278811493,ACTION,3611.156692512418,TurbineInstallation,,,,
2026,,WTIV,Position Onsite,5.0,62500.0,ACTION,3612.9126669298653,TurbineInstallation,,,,
2027,,Feeder 1,Fasten Tower Section,2.0,6250.0,ACTION,3613.156692512418,TurbineInstallation,TurbineInstallation,,,
2028,,WTIV,Jackup,0.43333333333333335,5416.666666666667,ACTION,3613.346000263198,TurbineInstallation,TurbineInstallation,,40.0,132.0
2029,,WTIV,Release Tower Section,1.0,12500.0,ACTION,3614.346000263198,TurbineInstallation,,,,
2030,,WTIV,Lift Tower Section,0.66,8250.0,ACTION,3615.0060002631985,TurbineInstallation,TurbineInstallation,,40.0,132.0
2031,,Feeder 1,Fasten Tower Section,2.0,6250.0,ACTION,3615.156692512418,TurbineInstallation,TurbineInstallation,,,
2032,,WTIV,Attach Tower Section,2.0,25000.0,ACTION,3617.0060002631985,TurbineInstallation,TurbineInstallation,,40.0,132.0
2033,,Feeder 1,Fasten Nacelle,2.0,6250.0,ACTION,3617.156692512418,TurbineInstallation,TurbineInstallation,,,
2034,,Feeder 1,Fasten Blade,0.75,2343.75,ACTION,3617.906692512418,TurbineInstallation,TurbineInstallation,,,
2035,,WTIV,Release Tower Section,1.0,12500.0,ACTION,3618.0060002631985,TurbineInstallation,,,,
2036,,Feeder 1,Fasten Blade,0.75,2343.75,ACTION,3618.656692512418,TurbineInstallation,TurbineInstallation,,,
2037,,WTIV,Lift Tower Section,1.32,16500.0,ACTION,3619.3260002631987,TurbineInstallation,TurbineInstallation,,40.0,132.0
2038,,Feeder 1,Fasten Blade,0.75,2343.75,ACTION,3619.406692512418,TurbineInstallation,TurbineInstallation,,,
2039,,WTIV,Attach Tower Section,2.0,25000.0,ACTION,3621.3260002631987,TurbineInstallation,TurbineInstallation,,40.0,132.0
2040,,WTIV,Release Nacelle,1.0,12500.0,ACTION,3622.3260002631987,TurbineInstallation,,,,
2041,,WTIV,Reequip,1.0,12500.0,ACTION,3623.3260002631987,TurbineInstallation,,,,
2042,,Feeder 1,Transit,4.830692249219678,15095.913278811493,ACTION,3624.2373847616377,TurbineInstallation,,,,
2043,,WTIV,Lift Nacelle,1.32,16500.0,ACTION,3624.6460002631984,TurbineInstallation,TurbineInstallation,,40.0,132.0
2044,,Feeder 1,Jackup,1.6666666666666667,5208.333333333334,ACTION,3625.9040514283042,TurbineInstallation,TurbineInstallation,,,
2045,,WTIV,Attach Nacelle,2.0,25000.0,ACTION,3626.6460002631984,TurbineInstallation,TurbineInstallation,,40.0,132.0
2046,,WTIV,Reequip,1.0,12500.0,ACTION,3627.6460002631984,TurbineInstallation,,,,
2047,,WTIV,Release Blade,0.5,6250.0,ACTION,3628.1460002631984,TurbineInstallation,,,,
2048,,WTIV,Lift Blade,1.32,16500.0,ACTION,3629.4660002631986,TurbineInstallation,TurbineInstallation,,40.0,132.0
2049,,WTIV,Attach Blade,1.5,18750.0,ACTION,3630.9660002631986,TurbineInstallation,TurbineInstallation,,40.0,132.0
2050,,WTIV,Release Blade,0.5,6250.0,ACTION,3631.4660002631986,TurbineInstallation,,,,
2051,,WTIV,Lift Blade,1.32,16500.0,ACTION,3632.7860002631987,TurbineInstallation,TurbineInstallation,,40.0,132.0
2052,,WTIV,Attach Blade,1.5,18750.0,ACTION,3634.2860002631987,TurbineInstallation,TurbineInstallation,,40.0,132.0
2053,,WTIV,Release Blade,0.5,6250.0,ACTION,3634.7860002631987,TurbineInstallation,,,,
2054,,Feeder 0,ActiveFeeder,30.12666666666678,94145.83333333368,ACTION,3634.7860002631987,TurbineInstallation,,Site,,
2055,,Feeder 1,Queue,8.881948834894274,27756.090109044606,ACTION,3634.7860002631987,TurbineInstallation,,Site,,
2056,,WTIV,Lift Blade,1.32,16500.0,ACTION,3636.1060002631984,TurbineInstallation,TurbineInstallation,,40.0,132.0
2057,,Feeder 0,Jackdown,1.6666666666666667,5208.333333333334,ACTION,3636.4526669298652,TurbineInstallation,TurbineInstallation,,,
2058,,WTIV,Attach Blade,1.5,18750.0,ACTION,3637.6060002631984,TurbineInstallation,TurbineInstallation,,40.0,132.0
2059,,WTIV,Jackdown,0.43333333333333335,5416.666666666667,ACTION,3638.039333596532,TurbineInstallation,TurbineInstallation,,40.0,132.0
2060,,Feeder 0,Transit,4.830692249219678,15095.913278811493,ACTION,3641.283359179085,TurbineInstallation,,,,
2061,,WTIV,Position Onsite,5.0,62500.0,ACTION,3643.039333596532,TurbineInstallation,,,,
2062,,Feeder 0,Fasten Tower Section,2.0,6250.0,ACTION,3643.283359179085,TurbineInstallation,TurbineInstallation,,,
2063,,WTIV,Jackup,0.43333333333333335,5416.666666666667,ACTION,3643.472666929865,TurbineInstallation,TurbineInstallation,,40.0,132.0
2064,,WTIV,Release Tower Section,1.0,12500.0,ACTION,3644.472666929865,TurbineInstallation,,,,
2065,,WTIV,Lift Tower Section,0.66,8250.0,ACTION,3645.132666929865,TurbineInstallation,TurbineInstallation,,40.0,132.0
2066,,Feeder 0,Fasten Tower Section,2.0,6250.0,ACTION,3645.283359179085,TurbineInstallation,TurbineInstallation,,,
2067,,WTIV,Attach Tower Section,2.0,25000.0,ACTION,3647.132666929865,TurbineInstallation,TurbineInstallation,,40.0,132.0
2068,,Feeder 0,Fasten Nacelle,2.0,6250.0,ACTION,3647.283359179085,TurbineInstallation,TurbineInstallation,,,
2069,,Feeder 0,Fasten Blade,0.75,2343.75,ACTION,3648.033359179085,TurbineInstallation,TurbineInstallation,,,
2070,,WTIV,Release Tower Section,1.0,12500.0,ACTION,3648.132666929865,TurbineInstallation,,,,
2071,,Feeder 0,Fasten Blade,0.75,2343.75,ACTION,3648.783359179085,TurbineInstallation,TurbineInstallation,,,
2072,,WTIV,Lift Tower Section,1.32,16500.0,ACTION,3649.4526669298652,TurbineInstallation,TurbineInstallation,,40.0,132.0
2073,,Feeder 0,Fasten Blade,0.75,2343.75,ACTION,3649.533359179085,TurbineInstallation,TurbineInstallation,,,
2074,,WTIV,Attach Tower Section,2.0,25000.0,ACTION,3651.4526669298652,TurbineInstallation,TurbineInstallation,,40.0,132.0
2075,,WTIV,Release Nacelle,1.0,12500.0,ACTION,3652.4526669298652,TurbineInstallation,,,,
2076,,WTIV,Reequip,1.0,12500.0,ACTION,3653.4526669298652,TurbineInstallation,,,,
2077,,Feeder 0,Transit,4.830692249219678,15095.913278811493,ACTION,3654.3640514283043,TurbineInstallation,,,,
2078,,WTIV,Lift Nacelle,1.32,16500.0,ACTION,3654.7726669298654,TurbineInstallation,TurbineInstallation,,40.0,132.0
2079,,Feeder 0,Jackup,1.6666666666666667,5208.333333333334,ACTION,3656.0307180949712,TurbineInstallation,TurbineInstallation,,,
2080,,WTIV,Attach Nacelle,2.0,25000.0,ACTION,3656.7726669298654,TurbineInstallation,TurbineInstallation,,40.0,132.0
2081,,WTIV,Reequip,1.0,12500.0,ACTION,3657.7726669298654,TurbineInstallation,,,,
2082,,WTIV,Release Blade,0.5,6250.0,ACTION,3658.2726669298654,TurbineInstallation,,,,
2083,,WTIV,Lift Blade,1.32,16500.0,ACTION,3659.592666929865,TurbineInstallation,TurbineInstallation,,40.0,132.0
2084,,WTIV,Attach Blade,1.5,18750.0,ACTION,3661.092666929865,TurbineInstallation,TurbineInstallation,,40.0,132.0
2085,,WTIV,Release Blade,0.5,6250.0,ACTION,3661.592666929865,TurbineInstallation,,,,
2086,,WTIV,Lift Blade,1.32,16500.0,ACTION,3662.9126669298653,TurbineInstallation,TurbineInstallation,,40.0,132.0
2087,,WTIV,Attach Blade,1.5,18750.0,ACTION,3664.4126669298653,TurbineInstallation,TurbineInstallation,,40.0,132.0
2088,,WTIV,Release Blade,0.5,6250.0,ACTION,3664.9126669298653,TurbineInstallation,,,,
2089,,Feeder 1,ActiveFeeder,30.12666666666678,94145.83333333368,ACTION,3664.9126669298653,TurbineInstallation,,Site,,
2090,,Feeder 0,Queue,8.881948834894274,27756.090109044606,ACTION,3664.9126669298653,TurbineInstallation,,Site,,
2091,,WTIV,Lift Blade,1.32,16500.0,ACTION,3666.2326669298654,TurbineInstallation,TurbineInstallation,,40.0,132.0
2092,,Feeder 1,Jackdown,1.6666666666666667,5208.333333333334,ACTION,3666.579333596532,TurbineInstallation,TurbineInstallation,,,
2093,,WTIV,Attach Blade,1.5,18750.0,ACTION,3667.7326669298654,TurbineInstallation,TurbineInstallation,,40.0,132.0
2094,,WTIV,Jackdown,0.43333333333333335,5416.666666666667,ACTION,3668.166000263199,TurbineInstallation,TurbineInstallation,,40.0,132.0
2095,,Feeder 1,Transit,4.830692249219678,15095.913278811493,ACTION,3671.4100258457515,TurbineInstallation,,,,
2096,,WTIV,Position Onsite,5.0,62500.0,ACTION,3673.166000263199,TurbineInstallation,,,,
2097,,Feeder 1,Fasten Tower Section,2.0,6250.0,ACTION,3673.4100258457515,TurbineInstallation,TurbineInstallation,,,
2098,,WTIV,Jackup,0.43333333333333335,5416.666666666667,ACTION,3673.5993335965322,TurbineInstallation,TurbineInstallation,,40.0,132.0
2099,,WTIV,Release Tower Section,1.0,12500.0,ACTION,3674.5993335965322,TurbineInstallation,,,,
2100,,WTIV,Lift Tower Section,0.66,8250.0,ACTION,3675.259333596532,TurbineInstallation,TurbineInstallation,,40.0,132.0
2101,,Feeder 1,Fasten Tower Section,2.0,6250.0,ACTION,3675.4100258457515,TurbineInstallation,TurbineInstallation,,,
2102,,WTIV,Attach Tower Section,2.0,25000.0,ACTION,3677.259333596532,TurbineInstallation,TurbineInstallation,,40.0,132.0
2103,,Feeder 1,Fasten Nacelle,2.0,6250.0,ACTION,3677.4100258457515,TurbineInstallation,TurbineInstallation,,,
2104,,Feeder 1,Fasten Blade,0.75,2343.75,ACTION,3678.1600258457515,TurbineInstallation,TurbineInstallation,,,
2105,,WTIV,Release Tower Section,1.0,12500.0,ACTION,3678.259333596532,TurbineInstallation,,,,
2106,,Feeder 1,Fasten Blade,0.75,2343.75,ACTION,3678.9100258457515,TurbineInstallation,TurbineInstallation,,,
2107,,WTIV,Lift Tower Section,1.32,16500.0,ACTION,3679.579333596532,TurbineInstallation,TurbineInstallation,,40.0,132.0
2108,,Feeder 1,Fasten Blade,0.75,2343.75,ACTION,3679.6600258457515,TurbineInstallation,TurbineInstallation,,,
2109,,WTIV,Attach Tower Section,2.0,25000.0,ACTION,3681.579333596532,TurbineInstallation,TurbineInstallation,,40.0,132.0
2110,,WTIV,Release Nacelle,1.0,12500.0,ACTION,3682.579333596532,TurbineInstallation,,,,
2111,,WTIV,Reequip,1.0,12500.0,ACTION,3683.579333596532,TurbineInstallation,,,,
2112,,Feeder 1,Transit,4.830692249219678,15095.913278811493,ACTION,3684.4907180949713,TurbineInstallation,,,,
2113,,WTIV,Lift Nacelle,1.32,16500.0,ACTION,3684.899333596532,TurbineInstallation,TurbineInstallation,,40.0,132.0
2114,,Feeder 1,Jackup,1.6666666666666667,5208.333333333334,ACTION,3686.157384761638,TurbineInstallation,TurbineInstallation,,,
2115,,WTIV,Attach Nacelle,2.0,25000.0,ACTION,3686.899333596532,TurbineInstallation,TurbineInstallation,,40.0,132.0
2116,,WTIV,Reequip,1.0,12500.0,ACTION,3687.899333596532,TurbineInstallation,,,,
2117,,WTIV,Release Blade,0.5,6250.0,ACTION,3688.399333596532,TurbineInstallation,,,,
2118,,WTIV,Lift Blade,1.32,16500.0,ACTION,3689.719333596532,TurbineInstallation,TurbineInstallation,,40.0,132.0
2119,,WTIV,Attach Blade,1.5,18750.0,ACTION,3691.219333596532,TurbineInstallation,TurbineInstallation,,40.0,132.0
2120,,WTIV,Release Blade,0.5,6250.0,ACTION,3691.719333596532,TurbineInstallation,,,,
2121,,WTIV,Lift Blade,1.32,16500.0,ACTION,3693.0393335965323,TurbineInstallation,TurbineInstallation,,40.0,132.0
2122,,WTIV,Attach Blade,1.5,18750.0,ACTION,3694.5393335965323,TurbineInstallation,TurbineInstallation,,40.0,132.0
2123,,WTIV,Release Blade,0.5,6250.0,ACTION,3695.0393335965323,TurbineInstallation,,,,
2124,,Feeder 0,ActiveFeeder,30.12666666666678,94145.83333333368,ACTION,3695.0393335965323,TurbineInstallation,,Site,,
2125,,Feeder 1,Queue,8.881948834894274,27756.090109044606,ACTION,3695.0393335965323,TurbineInstallation,,Site,,
2126,,Feeder 0,Delay,22.0,68750.0,ACTION,3717.0393335965323,TurbineInstallation,TurbineInstallation,,,
2127,,WTIV,Delay,22.0,275000.0,ACTION,3717.0393335965323,TurbineInstallation,TurbineInstallation,,40.0,132.0
2128,,WTIV,Lift Blade,1.32,16500.0,ACTION,3718.3593335965325,TurbineInstallation,TurbineInstallation,,40.0,132.0
2129,,Feeder 0,Jackdown,1.6666666666666667,5208.333333333334,ACTION,3718.706000263199,TurbineInstallation,TurbineInstallation,,,
2130,,WTIV,Attach Blade,1.5,18750.0,ACTION,3719.8593335965325,TurbineInstallation,TurbineInstallation,,40.0,132.0
2131,,WTIV,Jackdown,0.43333333333333335,5416.666666666667,ACTION,3720.2926669298654,TurbineInstallation,TurbineInstallation,,40.0,132.0
2132,,Feeder 0,Transit,4.830692249219678,15095.913278811493,ACTION,3723.5366925124185,TurbineInstallation,,,,
2133,,WTIV,Position Onsite,5.0,62500.0,ACTION,3725.2926669298654,TurbineInstallation,,,,
2134,,Feeder 0,Fasten Tower Section,2.0,6250.0,ACTION,3725.5366925124185,TurbineInstallation,TurbineInstallation,,,
2135,,WTIV,Jackup,0.43333333333333335,5416.666666666667,ACTION,3725.726000263199,TurbineInstallation,TurbineInstallation,,40.0,132.0
2136,,WTIV,Release Tower Section,1.0,12500.0,ACTION,3726.726000263199,TurbineInstallation,,,,
2137,,WTIV,Lift Tower Section,0.66,8250.0,ACTION,3727.3860002631986,TurbineInstallation,TurbineInstallation,,40.0,132.0
2138,,Feeder 0,Fasten Tower Section,2.0,6250.0,ACTION,3727.5366925124185,TurbineInstallation,TurbineInstallation,,,
2139,,WTIV,Attach Tower Section,2.0,25000.0,ACTION,3729.3860002631986,TurbineInstallation,TurbineInstallation,,40.0,132.0
2140,,Feeder 0,Fasten Nacelle,2.0,6250.0,ACTION,3729.5366925124185,TurbineInstallation,TurbineInstallation,,,
2141,,Feeder 0,Fasten Blade,0.75,2343.75,ACTION,3730.2866925124185,TurbineInstallation,TurbineInstallation,,,
2142,,WTIV,Release Tower Section,1.0,12500.0,ACTION,3730.3860002631986,TurbineInstallation,,,,
2143,,Feeder 0,Fasten Blade,0.75,2343.75,ACTION,3731.0366925124185,TurbineInstallation,TurbineInstallation,,,
2144,,WTIV,Lift Tower Section,1.32,16500.0,ACTION,3731.706000263199,TurbineInstallation,TurbineInstallation,,40.0,132.0
2145,,Feeder 0,Fasten Blade,0.75,2343.75,ACTION,3731.7866925124185,TurbineInstallation,TurbineInstallation,,,
2146,,WTIV,Attach Tower Section,2.0,25000.0,ACTION,3733.706000263199,TurbineInstallation,TurbineInstallation,,40.0,132.0
2147,,WTIV,Release Nacelle,1.0,12500.0,ACTION,3734.706000263199,TurbineInstallation,,,,
2148,,WTIV,Reequip,1.0,12500.0,ACTION,3735.706000263199,TurbineInstallation,,,,
2149,,Feeder 0,Transit,4.830692249219678,15095.913278811493,ACTION,3736.6173847616383,TurbineInstallation,,,,
2150,,WTIV,Lift Nacelle,1.32,16500.0,ACTION,3737.026000263199,TurbineInstallation,TurbineInstallation,,40.0,132.0
2151,,Feeder 0,Jackup,1.6666666666666667,5208.333333333334,ACTION,3738.284051428305,TurbineInstallation,TurbineInstallation,,,
2152,,WTIV,Attach Nacelle,2.0,25000.0,ACTION,3739.026000263199,TurbineInstallation,TurbineInstallation,,40.0,132.0
2153,,WTIV,Reequip,1.0,12500.0,ACTION,3740.026000263199,TurbineInstallation,,,,
2154,,WTIV,Release Blade,0.5,6250.0,ACTION,3740.526000263199,TurbineInstallation,,,,
2155,,WTIV,Lift Blade,1.32,16500.0,ACTION,3741.846000263199,TurbineInstallation,TurbineInstallation,,40.0,132.0
2156,,WTIV,Attach Blade,1.5,18750.0,ACTION,3743.346000263199,TurbineInstallation,TurbineInstallation,,40.0,132.0
2157,,WTIV,Release Blade,0.5,6250.0,ACTION,3743.846000263199,TurbineInstallation,,,,
2158,,WTIV,Lift Blade,1.32,16500.0,ACTION,3745.166000263199,TurbineInstallation,TurbineInstallation,,40.0,132.0
2159,,WTIV,Attach Blade,1.5,18750.0,ACTION,3746.666000263199,TurbineInstallation,TurbineInstallation,,40.0,132.0
2160,,WTIV,Release Blade,0.5,6250.0,ACTION,3747.166000263199,TurbineInstallation,,,,
2161,,Feeder 1,ActiveFeeder,52.12666666666678,162895.8333333337,ACTION,3747.166000263199,TurbineInstallation,,Site,,
2162,,Feeder 0,Queue,8.881948834894274,27756.090109044606,ACTION,3747.166000263199,TurbineInstallation,,Site,,
2163,,WTIV,Lift Blade,1.32,16500.0,ACTION,3748.486000263199,TurbineInstallation,TurbineInstallation,,40.0,132.0
2164,,Feeder 1,Jackdown,1.6666666666666667,5208.333333333334,ACTION,3748.832666929866,TurbineInstallation,TurbineInstallation,,,
2165,,WTIV,Attach Blade,1.5,18750.0,ACTION,3749.986000263199,TurbineInstallation,TurbineInstallation,,40.0,132.0
2166,,WTIV,Jackdown,0.43333333333333335,5416.666666666667,ACTION,3750.4193335965324,TurbineInstallation,TurbineInstallation,,40.0,132.0
2167,,Feeder 1,Transit,4.830692249219678,15095.913278811493,ACTION,3753.663359179085,TurbineInstallation,,,,
2168,,WTIV,Position Onsite,5.0,62500.0,ACTION,3755.4193335965324,TurbineInstallation,,,,
2169,,Feeder 1,Fasten Tower Section,2.0,6250.0,ACTION,3755.663359179085,TurbineInstallation,TurbineInstallation,,,
2170,,WTIV,Jackup,0.43333333333333335,5416.666666666667,ACTION,3755.8526669298653,TurbineInstallation,TurbineInstallation,,40.0,132.0
2171,,WTIV,Release Tower Section,1.0,12500.0,ACTION,3756.8526669298653,TurbineInstallation,,,,
2172,,WTIV,Lift Tower Section,0.66,8250.0,ACTION,3757.5126669298656,TurbineInstallation,TurbineInstallation,,40.0,132.0
2173,,Feeder 1,Fasten Tower Section,2.0,6250.0,ACTION,3757.663359179085,TurbineInstallation,TurbineInstallation,,,
2174,,WTIV,Attach Tower Section,2.0,25000.0,ACTION,3759.5126669298656,TurbineInstallation,TurbineInstallation,,40.0,132.0
2175,,Feeder 1,Fasten Nacelle,2.0,6250.0,ACTION,3759.663359179085,TurbineInstallation,TurbineInstallation,,,
2176,,Feeder 1,Fasten Blade,0.75,2343.75,ACTION,3760.413359179085,TurbineInstallation,TurbineInstallation,,,
2177,,WTIV,Release Tower Section,1.0,12500.0,ACTION,3760.5126669298656,TurbineInstallation,,,,
2178,,Feeder 1,Fasten Blade,0.75,2343.75,ACTION,3761.163359179085,TurbineInstallation,TurbineInstallation,,,
2179,,WTIV,Lift Tower Section,1.32,16500.0,ACTION,3761.832666929866,TurbineInstallation,TurbineInstallation,,40.0,132.0
2180,,Feeder 1,Fasten Blade,0.75,2343.75,ACTION,3761.913359179085,TurbineInstallation,TurbineInstallation,,,
2181,,WTIV,Attach Tower Section,2.0,25000.0,ACTION,3763.832666929866,TurbineInstallation,TurbineInstallation,,40.0,132.0
2182,,WTIV,Release Nacelle,1.0,12500.0,ACTION,3764.832666929866,TurbineInstallation,,,,
2183,,WTIV,Reequip,1.0,12500.0,ACTION,3765.832666929866,TurbineInstallation,,,,
2184,,Feeder 1,Transit,4.830692249219678,15095.913278811493,ACTION,3766.744051428305,TurbineInstallation,,,,
2185,,WTIV,Lift Nacelle,1.32,16500.0,ACTION,3767.1526669298655,TurbineInstallation,TurbineInstallation,,40.0,132.0
2186,,Feeder 1,Jackup,1.6666666666666667,5208.333333333334,ACTION,3768.4107180949713,TurbineInstallation,TurbineInstallation,,,
2187,,WTIV,Attach Nacelle,2.0,25000.0,ACTION,3769.1526669298655,TurbineInstallation,TurbineInstallation,,40.0,132.0
2188,,WTIV,Reequip,1.0,12500.0,ACTION,3770.1526669298655,TurbineInstallation,,,,
2189,,WTIV,Release Blade,0.5,6250.0,ACTION,3770.6526669298655,TurbineInstallation,,,,
2190,,WTIV,Lift Blade,1.32,16500.0,ACTION,3771.972666929865,TurbineInstallation,TurbineInstallation,,40.0,132.0
2191,,WTIV,Attach Blade,1.5,18750.0,ACTION,3773.472666929865,TurbineInstallation,TurbineInstallation,,40.0,132.0
2192,,WTIV,Release Blade,0.5,6250.0,ACTION,3773.972666929865,TurbineInstallation,,,,
2193,,WTIV,Lift Blade,1.32,16500.0,ACTION,3775.2926669298654,TurbineInstallation,TurbineInstallation,,40.0,132.0
2194,,WTIV,Attach Blade,1.5,18750.0,ACTION,3776.7926669298654,TurbineInstallation,TurbineInstallation,,40.0,132.0
2195,,WTIV,Release Blade,0.5,6250.0,ACTION,3777.2926669298654,TurbineInstallation,,,,
2196,,Feeder 0,ActiveFeeder,30.126666666666438,94145.83333333262,ACTION,3777.2926669298654,TurbineInstallation,,Site,,
2197,,Feeder 1,Queue,8.88194883489382,27756.090109043187,ACTION,3777.2926669298654,TurbineInstallation,,Site,,
2198,,WTIV,Lift Blade,1.32,16500.0,ACTION,3778.6126669298656,TurbineInstallation,TurbineInstallation,,40.0,132.0
2199,,Feeder 0,Jackdown,1.6666666666666667,5208.333333333334,ACTION,3778.959333596532,TurbineInstallation,TurbineInstallation,,,
2200,,WTIV,Attach Blade,1.5,18750.0,ACTION,3780.1126669298656,TurbineInstallation,TurbineInstallation,,40.0,132.0
2201,,WTIV,Jackdown,0.43333333333333335,5416.666666666667,ACTION,3780.546000263199,TurbineInstallation,TurbineInstallation,,40.0,132.0
2202,,Feeder 0,Transit,4.830692249219678,15095.913278811493,ACTION,3783.790025845752,TurbineInstallation,,,,
2203,,WTIV,Position Onsite,5.0,62500.0,ACTION,3785.546000263199,TurbineInstallation,,,,
2204,,Feeder 0,Fasten Tower Section,2.0,6250.0,ACTION,3785.790025845752,TurbineInstallation,TurbineInstallation,,,
2205,,WTIV,Jackup,0.43333333333333335,5416.666666666667,ACTION,3785.9793335965323,TurbineInstallation,TurbineInstallation,,40.0,132.0
2206,,WTIV,Release Tower Section,1.0,12500.0,ACTION,3786.9793335965323,TurbineInstallation,,,,
2207,,WTIV,Lift Tower Section,0.66,8250.0,ACTION,3787.639333596532,TurbineInstallation,TurbineInstallation,,40.0,132.0
2208,,Feeder 0,Fasten Tower Section,2.0,6250.0,ACTION,3787.790025845752,TurbineInstallation,TurbineInstallation,,,
2209,,WTIV,Attach Tower Section,2.0,25000.0,ACTION,3789.639333596532,TurbineInstallation,TurbineInstallation,,40.0,132.0
2210,,Feeder 0,Fasten Nacelle,2.0,6250.0,ACTION,3789.790025845752,TurbineInstallation,TurbineInstallation,,,
2211,,Feeder 0,Fasten Blade,0.75,2343.75,ACTION,3790.540025845752,TurbineInstallation,TurbineInstallation,,,
2212,,WTIV,Release Tower Section,1.0,12500.0,ACTION,3790.639333596532,TurbineInstallation,,,,
2213,,Feeder 0,Fasten Blade,0.75,2343.75,ACTION,3791.290025845752,TurbineInstallation,TurbineInstallation,,,
2214,,WTIV,Lift Tower Section,1.32,16500.0,ACTION,3791.959333596532,TurbineInstallation,TurbineInstallation,,40.0,132.0
2215,,Feeder 0,Fasten Blade,0.75,2343.75,ACTION,3792.040025845752,TurbineInstallation,TurbineInstallation,,,
2216,,WTIV,Attach Tower Section,2.0,25000.0,ACTION,3793.959333596532,TurbineInstallation,TurbineInstallation,,40.0,132.0
2217,,WTIV,Release Nacelle,1.0,12500.0,ACTION,3794.959333596532,TurbineInstallation,,,,
2218,,WTIV,Reequip,1.0,12500.0,ACTION,3795.959333596532,TurbineInstallation,,,,
2219,,Feeder 0,Transit,4.830692249219678,15095.913278811493,ACTION,3796.8707180949714,TurbineInstallation,,,,
2220,,WTIV,Lift Nacelle,1.32,16500.0,ACTION,3797.279333596532,TurbineInstallation,TurbineInstallation,,40.0,132.0
2221,,Feeder 0,Jackup,1.6666666666666667,5208.333333333334,ACTION,3798.5373847616384,TurbineInstallation,TurbineInstallation,,,
2222,,WTIV,Attach Nacelle,2.0,25000.0,ACTION,3799.279333596532,TurbineInstallation,TurbineInstallation,,40.0,132.0
2223,,WTIV,Reequip,1.0,12500.0,ACTION,3800.279333596532,TurbineInstallation,,,,
2224,,WTIV,Release Blade,0.5,6250.0,ACTION,3800.779333596532,TurbineInstallation,,,,
2225,,WTIV,Lift Blade,1.32,16500.0,ACTION,3802.0993335965322,TurbineInstallation,TurbineInstallation,,40.0,132.0
2226,,WTIV,Attach Blade,1.5,18750.0,ACTION,3803.5993335965322,TurbineInstallation,TurbineInstallation,,40.0,132.0
2227,,WTIV,Release Blade,0.5,6250.0,ACTION,3804.0993335965322,TurbineInstallation,,,,
2228,,WTIV,Lift Blade,1.32,16500.0,ACTION,3805.419333596532,TurbineInstallation,TurbineInstallation,,40.0,132.0
2229,,WTIV,Attach Blade,1.5,18750.0,ACTION,3806.919333596532,TurbineInstallation,TurbineInstallation,,40.0,132.0
2230,,WTIV,Release Blade,0.5,6250.0,ACTION,3807.419333596532,TurbineInstallation,,,,
2231,,Feeder 1,ActiveFeeder,30.12666666666655,94145.83333333298,ACTION,3807.419333596532,TurbineInstallation,,Site,,
2232,,Feeder 0,Queue,8.881948834893592,27756.090109042474,ACTION,3807.419333596532,TurbineInstallation,,Site,,
2233,,WTIV,Lift Blade,1.32,16500.0,ACTION,3808.7393335965317,TurbineInstallation,TurbineInstallation,,40.0,132.0
2234,,Feeder 1,Jackdown,1.6666666666666667,5208.333333333334,ACTION,3809.086000263199,TurbineInstallation,TurbineInstallation,,,
2235,,WTIV,Attach Blade,1.5,18750.0,ACTION,3810.2393335965317,TurbineInstallation,TurbineInstallation,,40.0,132.0
2236,,WTIV,Jackdown,0.43333333333333335,5416.666666666667,ACTION,3810.672666929865,TurbineInstallation,TurbineInstallation,,40.0,132.0
2237,,Feeder 1,Transit,4.830692249219678,15095.913278811493,ACTION,3813.916692512418,TurbineInstallation,,,,
2238,,WTIV,Position Onsite,5.0,62500.0,ACTION,3815.672666929865,TurbineInstallation,,,,
2239,,Feeder 1,Fasten Tower Section,2.0,6250.0,ACTION,3815.916692512418,TurbineInstallation,TurbineInstallation,,,
2240,,WTIV,Jackup,0.43333333333333335,5416.666666666667,ACTION,3816.1060002631984,TurbineInstallation,TurbineInstallation,,40.0,132.0
2241,,WTIV,Release Tower Section,1.0,12500.0,ACTION,3817.1060002631984,TurbineInstallation,,,,
2242,,WTIV,Lift Tower Section,0.66,8250.0,ACTION,3817.7660002631987,TurbineInstallation,TurbineInstallation,,40.0,132.0
2243,,Feeder 1,Fasten Tower Section,2.0,6250.0,ACTION,3817.916692512418,TurbineInstallation,TurbineInstallation,,,
2244,,WTIV,Attach Tower Section,2.0,25000.0,ACTION,3819.7660002631987,TurbineInstallation,TurbineInstallation,,40.0,132.0
2245,,Feeder 1,Fasten Nacelle,2.0,6250.0,ACTION,3819.916692512418,TurbineInstallation,TurbineInstallation,,,
2246,,Feeder 1,Fasten Blade,0.75,2343.75,ACTION,3820.666692512418,TurbineInstallation,TurbineInstallation,,,
2247,,WTIV,Release Tower Section,1.0,12500.0,ACTION,3820.7660002631987,TurbineInstallation,,,,
2248,,Feeder 1,Fasten Blade,0.75,2343.75,ACTION,3821.416692512418,TurbineInstallation,TurbineInstallation,,,
2249,,WTIV,Lift Tower Section,1.32,16500.0,ACTION,3822.086000263199,TurbineInstallation,TurbineInstallation,,40.0,132.0
2250,,Feeder 1,Fasten Blade,0.75,2343.75,ACTION,3822.166692512418,TurbineInstallation,TurbineInstallation,,,
2251,,WTIV,Attach Tower Section,2.0,25000.0,ACTION,3824.086000263199,TurbineInstallation,TurbineInstallation,,40.0,132.0
2252,,WTIV,Delay,12.0,150000.0,ACTION,3836.086000263199,TurbineInstallation,,,,
2253,,Feeder 1,Delay,14.0,43750.0,ACTION,3836.166692512418,TurbineInstallation,,,,
2254,,WTIV,Release Nacelle,1.0,12500.0,ACTION,3837.086000263199,TurbineInstallation,,,,
2255,,WTIV,Reequip,1.0,12500.0,ACTION,3838.086000263199,TurbineInstallation,,,,
2256,,WTIV,Lift Nacelle,1.32,16500.0,ACTION,3839.4060002631986,TurbineInstallation,TurbineInstallation,,40.0,132.0
2257,,Feeder 1,Transit,4.830692249219678,15095.913278811493,ACTION,3840.9973847616384,TurbineInstallation,,,,
2258,,WTIV,Attach Nacelle,2.0,25000.0,ACTION,3841.4060002631986,TurbineInstallation,TurbineInstallation,,40.0,132.0
2259,,WTIV,Reequip,1.0,12500.0,ACTION,3842.4060002631986,TurbineInstallation,,,,
2260,,Feeder 1,Jackup,1.6666666666666667,5208.333333333334,ACTION,3842.664051428305,TurbineInstallation,TurbineInstallation,,,
2261,,WTIV,Release Blade,0.5,6250.0,ACTION,3842.9060002631986,TurbineInstallation,,,,
2262,,WTIV,Lift Blade,1.32,16500.0,ACTION,3844.2260002631983,TurbineInstallation,TurbineInstallation,,40.0,132.0
2263,,WTIV,Attach Blade,1.5,18750.0,ACTION,3845.7260002631983,TurbineInstallation,TurbineInstallation,,40.0,132.0
2264,,WTIV,Release Blade,0.5,6250.0,ACTION,3846.2260002631983,TurbineInstallation,,,,
2265,,WTIV,Lift Blade,1.32,16500.0,ACTION,3847.5460002631985,TurbineInstallation,TurbineInstallation,,40.0,132.0
2266,,WTIV,Attach Blade,1.5,18750.0,ACTION,3849.0460002631985,TurbineInstallation,TurbineInstallation,,40.0,132.0
2267,,WTIV,Release Blade,0.5,6250.0,ACTION,3849.5460002631985,TurbineInstallation,,,,
2268,,Feeder 0,ActiveFeeder,42.12666666666655,131645.83333333296,ACTION,3849.5460002631985,TurbineInstallation,,Site,,
2269,,Feeder 1,Queue,6.881948834893592,21506.090109042474,ACTION,3849.5460002631985,TurbineInstallation,,Site,,
2270,,WTIV,Lift Blade,1.32,16500.0,ACTION,3850.8660002631987,TurbineInstallation,TurbineInstallation,,40.0,132.0
2271,,Feeder 0,Jackdown,1.6666666666666667,5208.333333333334,ACTION,3851.212666929865,TurbineInstallation,TurbineInstallation,,,
2272,,WTIV,Attach Blade,1.5,18750.0,ACTION,3852.3660002631987,TurbineInstallation,TurbineInstallation,,40.0,132.0
2273,,WTIV,Jackdown,0.43333333333333335,5416.666666666667,ACTION,3852.799333596532,TurbineInstallation,TurbineInstallation,,40.0,132.0
2274,,Feeder 0,Transit,4.830692249219678,15095.913278811493,ACTION,3856.043359179085,TurbineInstallation,,,,
2275,,WTIV,Position Onsite,5.0,62500.0,ACTION,3857.799333596532,TurbineInstallation,,,,
2276,,Feeder 0,Fasten Tower Section,2.0,6250.0,ACTION,3858.043359179085,TurbineInstallation,TurbineInstallation,,,
2277,,WTIV,Jackup,0.43333333333333335,5416.666666666667,ACTION,3858.2326669298654,TurbineInstallation,TurbineInstallation,,40.0,132.0
2278,,WTIV,Release Tower Section,1.0,12500.0,ACTION,3859.2326669298654,TurbineInstallation,,,,
2279,,WTIV,Lift Tower Section,0.66,8250.0,ACTION,3859.8926669298653,TurbineInstallation,TurbineInstallation,,40.0,132.0
2280,,Feeder 0,Fasten Tower Section,2.0,6250.0,ACTION,3860.043359179085,TurbineInstallation,TurbineInstallation,,,
2281,,WTIV,Attach Tower Section,2.0,25000.0,ACTION,3861.8926669298653,TurbineInstallation,TurbineInstallation,,40.0,132.0
2282,,Feeder 0,Fasten Nacelle,2.0,6250.0,ACTION,3862.043359179085,TurbineInstallation,TurbineInstallation,,,
2283,,Feeder 0,Fasten Blade,0.75,2343.75,ACTION,3862.793359179085,TurbineInstallation,TurbineInstallation,,,
2284,,WTIV,Release Tower Section,1.0,12500.0,ACTION,3862.8926669298653,TurbineInstallation,,,,
2285,,Feeder 0,Fasten Blade,0.75,2343.75,ACTION,3863.543359179085,TurbineInstallation,TurbineInstallation,,,
2286,,WTIV,Lift Tower Section,1.32,16500.0,ACTION,3864.212666929865,TurbineInstallation,TurbineInstallation,,40.0,132.0
2287,,Feeder 0,Fasten Blade,0.75,2343.75,ACTION,3864.293359179085,TurbineInstallation,TurbineInstallation,,,
2288,,WTIV,Attach Tower Section,2.0,25000.0,ACTION,3866.212666929865,TurbineInstallation,TurbineInstallation,,40.0,132.0
2289,,WTIV,Release Nacelle,1.0,12500.0,ACTION,3867.212666929865,TurbineInstallation,,,,
2290,,WTIV,Reequip,1.0,12500.0,ACTION,3868.212666929865,TurbineInstallation,,,,
2291,,Feeder 0,Transit,4.830692249219678,15095.913278811493,ACTION,3869.1240514283045,TurbineInstallation,,,,
2292,,WTIV,Lift Nacelle,1.32,16500.0,ACTION,3869.532666929865,TurbineInstallation,TurbineInstallation,,40.0,132.0
2293,,Feeder 0,Jackup,1.6666666666666667,5208.333333333334,ACTION,3870.7907180949715,TurbineInstallation,TurbineInstallation,,,
2294,,WTIV,Attach Nacelle,2.0,25000.0,ACTION,3871.532666929865,TurbineInstallation,TurbineInstallation,,40.0,132.0
2295,,WTIV,Reequip,1.0,12500.0,ACTION,3872.532666929865,TurbineInstallation,,,,
2296,,WTIV,Release Blade,0.5,6250.0,ACTION,3873.032666929865,TurbineInstallation,,,,
2297,,WTIV,Lift Blade,1.32,16500.0,ACTION,3874.3526669298653,TurbineInstallation,TurbineInstallation,,40.0,132.0
2298,,WTIV,Attach Blade,1.5,18750.0,ACTION,3875.8526669298653,TurbineInstallation,TurbineInstallation,,40.0,132.0
2299,,WTIV,Release Blade,0.5,6250.0,ACTION,3876.3526669298653,TurbineInstallation,,,,
2300,,WTIV,Lift Blade,1.32,16500.0,ACTION,3877.672666929865,TurbineInstallation,TurbineInstallation,,40.0,132.0
2301,,WTIV,Attach Blade,1.5,18750.0,ACTION,3879.172666929865,TurbineInstallation,TurbineInstallation,,40.0,132.0
2302,,WTIV,Release Blade,0.5,6250.0,ACTION,3879.672666929865,TurbineInstallation,,,,
2303,,Feeder 1,ActiveFeeder,30.12666666666655,94145.83333333298,ACTION,3879.672666929865,TurbineInstallation,,Site,,
2304,,Feeder 0,Queue,8.881948834893592,27756.090109042474,ACTION,3879.672666929865,TurbineInstallation,,Site,,
2305,,WTIV,Lift Blade,1.32,16500.0,ACTION,3880.9926669298648,TurbineInstallation,TurbineInstallation,,40.0,132.0
2306,,Feeder 1,Jackdown,1.6666666666666667,5208.333333333334,ACTION,3881.339333596532,TurbineInstallation,TurbineInstallation,,,
2307,,WTIV,Attach Blade,1.5,18750.0,ACTION,3882.4926669298648,TurbineInstallation,TurbineInstallation,,40.0,132.0
2308,,WTIV,Jackdown,0.43333333333333335,5416.666666666667,ACTION,3882.926000263198,TurbineInstallation,TurbineInstallation,,40.0,132.0
2309,,Feeder 1,Transit,4.830692249219678,15095.913278811493,ACTION,3886.1700258457513,TurbineInstallation,,,,
2310,,WTIV,Position Onsite,5.0,62500.0,ACTION,3887.926000263198,TurbineInstallation,,,,
2311,,Feeder 1,Fasten Tower Section,2.0,6250.0,ACTION,3888.1700258457513,TurbineInstallation,TurbineInstallation,,,
2312,,WTIV,Jackup,0.43333333333333335,5416.666666666667,ACTION,3888.3593335965315,TurbineInstallation,TurbineInstallation,,40.0,132.0
2313,,WTIV,Release Tower Section,1.0,12500.0,ACTION,3889.3593335965315,TurbineInstallation,,,,
2314,,WTIV,Lift Tower Section,0.66,8250.0,ACTION,3890.019333596532,TurbineInstallation,TurbineInstallation,,40.0,132.0
2315,,Feeder 1,Fasten Tower Section,2.0,6250.0,ACTION,3890.1700258457513,TurbineInstallation,TurbineInstallation,,,
2316,,WTIV,Attach Tower Section,2.0,25000.0,ACTION,3892.019333596532,TurbineInstallation,TurbineInstallation,,40.0,132.0
2317,,Feeder 1,Fasten Nacelle,2.0,6250.0,ACTION,3892.1700258457513,TurbineInstallation,TurbineInstallation,,,
2318,,Feeder 1,Fasten Blade,0.75,2343.75,ACTION,3892.9200258457513,TurbineInstallation,TurbineInstallation,,,
2319,,WTIV,Release Tower Section,1.0,12500.0,ACTION,3893.019333596532,TurbineInstallation,,,,
2320,,Feeder 1,Fasten Blade,0.75,2343.75,ACTION,3893.6700258457513,TurbineInstallation,TurbineInstallation,,,
2321,,WTIV,Lift Tower Section,1.32,16500.0,ACTION,3894.339333596532,TurbineInstallation,TurbineInstallation,,40.0,132.0
2322,,Feeder 1,Fasten Blade,0.75,2343.75,ACTION,3894.4200258457513,TurbineInstallation,TurbineInstallation,,,
2323,,WTIV,Attach Tower Section,2.0,25000.0,ACTION,3896.339333596532,TurbineInstallation,TurbineInstallation,,40.0,132.0
2324,,WTIV,Release Nacelle,1.0,12500.0,ACTION,3897.339333596532,TurbineInstallation,,,,
2325,,WTIV,Reequip,1.0,12500.0,ACTION,3898.339333596532,TurbineInstallation,,,,
2326,,Feeder 1,Transit,4.830692249219678,15095.913278811493,ACTION,3899.2507180949715,TurbineInstallation,,,,
2327,,WTIV,Lift Nacelle,1.32,16500.0,ACTION,3899.6593335965317,TurbineInstallation,TurbineInstallation,,40.0,132.0
2328,,Feeder 1,Jackup,1.6666666666666667,5208.333333333334,ACTION,3900.917384761638,TurbineInstallation,TurbineInstallation,,,
2329,,WTIV,Attach Nacelle,2.0,25000.0,ACTION,3901.6593335965317,TurbineInstallation,TurbineInstallation,,40.0,132.0
2330,,WTIV,Reequip,1.0,12500.0,ACTION,3902.6593335965317,TurbineInstallation,,,,
2331,,WTIV,Release Blade,0.5,6250.0,ACTION,3903.1593335965317,TurbineInstallation,,,,
2332,,WTIV,Lift Blade,1.32,16500.0,ACTION,3904.4793335965314,TurbineInstallation,TurbineInstallation,,40.0,132.0
2333,,WTIV,Attach Blade,1.5,18750.0,ACTION,3905.9793335965314,TurbineInstallation,TurbineInstallation,,40.0,132.0
2334,,WTIV,Release Blade,0.5,6250.0,ACTION,3906.4793335965314,TurbineInstallation,,,,
2335,,WTIV,Lift Blade,1.32,16500.0,ACTION,3907.7993335965316,TurbineInstallation,TurbineInstallation,,40.0,132.0
2336,,WTIV,Attach Blade,1.5,18750.0,ACTION,3909.2993335965316,TurbineInstallation,TurbineInstallation,,40.0,132.0
2337,,WTIV,Release Blade,0.5,6250.0,ACTION,3909.7993335965316,TurbineInstallation,,,,
2338,,Feeder 0,ActiveFeeder,30.12666666666655,94145.83333333298,ACTION,3909.7993335965316,TurbineInstallation,,Site,,
2339,,Feeder 1,Queue,8.881948834893592,27756.090109042474,ACTION,3909.7993335965316,TurbineInstallation,,Site,,
2340,,WTIV,Lift Blade,1.32,16500.0,ACTION,3911.1193335965318,TurbineInstallation,TurbineInstallation,,40.0,132.0
2341,,Feeder 0,Jackdown,1.6666666666666667,5208.333333333334,ACTION,3911.466000263198,TurbineInstallation,TurbineInstallation,,,
2342,,WTIV,Attach Blade,1.5,18750.0,ACTION,3912.6193335965318,TurbineInstallation,TurbineInstallation,,40.0,132.0
2343,,WTIV,Jackdown,0.43333333333333335,5416.666666666667,ACTION,3913.052666929865,TurbineInstallation,TurbineInstallation,,40.0,132.0
2344,,Feeder 0,Transit,4.830692249219678,15095.913278811493,ACTION,3916.2966925124183,TurbineInstallation,,,,
2345,,WTIV,Position Onsite,5.0,62500.0,ACTION,3918.052666929865,TurbineInstallation,,,,
2346,,Feeder 0,Fasten Tower Section,2.0,6250.0,ACTION,3918.2966925124183,TurbineInstallation,TurbineInstallation,,,
2347,,WTIV,Jackup,0.43333333333333335,5416.666666666667,ACTION,3918.4860002631985,TurbineInstallation,TurbineInstallation,,40.0,132.0
2348,,WTIV,Release Tower Section,1.0,12500.0,ACTION,3919.4860002631985,TurbineInstallation,,,,
2349,,WTIV,Lift Tower Section,0.66,8250.0,ACTION,3920.1460002631984,TurbineInstallation,TurbineInstallation,,40.0,132.0
2350,,Feeder 0,Fasten Tower Section,2.0,6250.0,ACTION,3920.2966925124183,TurbineInstallation,TurbineInstallation,,,
2351,,WTIV,Attach Tower Section,2.0,25000.0,ACTION,3922.1460002631984,TurbineInstallation,TurbineInstallation,,40.0,132.0
2352,,Feeder 0,Fasten Nacelle,2.0,6250.0,ACTION,3922.2966925124183,TurbineInstallation,TurbineInstallation,,,
2353,,Feeder 0,Fasten Blade,0.75,2343.75,ACTION,3923.0466925124183,TurbineInstallation,TurbineInstallation,,,
2354,,WTIV,Release Tower Section,1.0,12500.0,ACTION,3923.1460002631984,TurbineInstallation,,,,
2355,,Feeder 0,Fasten Blade,0.75,2343.75,ACTION,3923.7966925124183,TurbineInstallation,TurbineInstallation,,,
2356,,WTIV,Lift Tower Section,1.32,16500.0,ACTION,3924.466000263198,TurbineInstallation,TurbineInstallation,,40.0,132.0
2357,,Feeder 0,Fasten Blade,0.75,2343.75,ACTION,3924.5466925124183,TurbineInstallation,TurbineInstallation,,,
2358,,WTIV,Attach Tower Section,2.0,25000.0,ACTION,3926.466000263198,TurbineInstallation,TurbineInstallation,,40.0,132.0
2359,,WTIV,Release Nacelle,1.0,12500.0,ACTION,3927.466000263198,TurbineInstallation,,,,
2360,,WTIV,Reequip,1.0,12500.0,ACTION,3928.466000263198,TurbineInstallation,,,,
2361,,Feeder 0,Transit,4.830692249219678,15095.913278811493,ACTION,3929.3773847616376,TurbineInstallation,,,,
2362,,WTIV,Lift Nacelle,1.32,16500.0,ACTION,3929.7860002631983,TurbineInstallation,TurbineInstallation,,40.0,132.0
2363,,Feeder 0,Jackup,1.6666666666666667,5208.333333333334,ACTION,3931.0440514283046,TurbineInstallation,TurbineInstallation,,,
2364,,WTIV,Attach Nacelle,2.0,25000.0,ACTION,3931.7860002631983,TurbineInstallation,TurbineInstallation,,40.0,132.0
2365,,WTIV,Reequip,1.0,12500.0,ACTION,3932.7860002631983,TurbineInstallation,,,,
2366,,WTIV,Release Blade,0.5,6250.0,ACTION,3933.2860002631983,TurbineInstallation,,,,
2367,,WTIV,Lift Blade,1.32,16500.0,ACTION,3934.6060002631984,TurbineInstallation,TurbineInstallation,,40.0,132.0
2368,,WTIV,Attach Blade,1.5,18750.0,ACTION,3936.1060002631984,TurbineInstallation,TurbineInstallation,,40.0,132.0
2369,,WTIV,Release Blade,0.5,6250.0,ACTION,3936.6060002631984,TurbineInstallation,,,,
2370,,WTIV,Lift Blade,1.32,16500.0,ACTION,3937.926000263198,TurbineInstallation,TurbineInstallation,,40.0,132.0
2371,,WTIV,Attach Blade,1.5,18750.0,ACTION,3939.426000263198,TurbineInstallation,TurbineInstallation,,40.0,132.0
2372,,WTIV,Release Blade,0.5,6250.0,ACTION,3939.926000263198,TurbineInstallation,,,,
2373,,Feeder 1,ActiveFeeder,30.12666666666655,94145.83333333298,ACTION,3939.926000263198,TurbineInstallation,,Site,,
2374,,Feeder 0,Queue,8.881948834893592,27756.090109042474,ACTION,3939.926000263198,TurbineInstallation,,Site,,
2375,,WTIV,Lift Blade,1.32,16500.0,ACTION,3941.246000263198,TurbineInstallation,TurbineInstallation,,40.0,132.0
2376,,Feeder 1,Jackdown,1.6666666666666667,5208.333333333334,ACTION,3941.592666929865,TurbineInstallation,TurbineInstallation,,,
2377,,WTIV,Attach Blade,1.5,18750.0,ACTION,3942.746000263198,TurbineInstallation,TurbineInstallation,,40.0,132.0
2378,,WTIV,Jackdown,0.43333333333333335,5416.666666666667,ACTION,3943.1793335965313,TurbineInstallation,TurbineInstallation,,40.0,132.0
2379,,Feeder 1,Transit,4.830692249219678,15095.913278811493,ACTION,3946.4233591790844,TurbineInstallation,,,,
2380,,WTIV,Position Onsite,5.0,62500.0,ACTION,3948.1793335965313,TurbineInstallation,,,,
2381,,Feeder 1,Fasten Tower Section,2.0,6250.0,ACTION,3948.4233591790844,TurbineInstallation,TurbineInstallation,,,
2382,,WTIV,Jackup,0.43333333333333335,5416.666666666667,ACTION,3948.6126669298646,TurbineInstallation,TurbineInstallation,,40.0,132.0
2383,,WTIV,Release Tower Section,1.0,12500.0,ACTION,3949.6126669298646,TurbineInstallation,,,,
2384,,WTIV,Lift Tower Section,0.66,8250.0,ACTION,3950.272666929865,TurbineInstallation,TurbineInstallation,,40.0,132.0
2385,,Feeder 1,Fasten Tower Section,2.0,6250.0,ACTION,3950.4233591790844,TurbineInstallation,TurbineInstallation,,,
2386,,WTIV,Attach Tower Section,2.0,25000.0,ACTION,3952.272666929865,TurbineInstallation,TurbineInstallation,,40.0,132.0
2387,,Feeder 1,Fasten Nacelle,2.0,6250.0,ACTION,3952.4233591790844,TurbineInstallation,TurbineInstallation,,,
2388,,Feeder 1,Fasten Blade,0.75,2343.75,ACTION,3953.1733591790844,TurbineInstallation,TurbineInstallation,,,
2389,,WTIV,Release Tower Section,1.0,12500.0,ACTION,3953.272666929865,TurbineInstallation,,,,
2390,,Feeder 1,Fasten Blade,0.75,2343.75,ACTION,3953.9233591790844,TurbineInstallation,TurbineInstallation,,,
2391,,WTIV,Lift Tower Section,1.32,16500.0,ACTION,3954.592666929865,TurbineInstallation,TurbineInstallation,,40.0,132.0
2392,,Feeder 1,Fasten Blade,0.75,2343.75,ACTION,3954.6733591790844,TurbineInstallation,TurbineInstallation,,,
2393,,WTIV,Attach Tower Section,2.0,25000.0,ACTION,3956.592666929865,TurbineInstallation,TurbineInstallation,,40.0,132.0
2394,,WTIV,Release Nacelle,1.0,12500.0,ACTION,3957.592666929865,TurbineInstallation,,,,
2395,,WTIV,Reequip,1.0,12500.0,ACTION,3958.592666929865,TurbineInstallation,,,,
2396,,Feeder 1,Transit,4.830692249219678,15095.913278811493,ACTION,3959.5040514283046,TurbineInstallation,,,,
2397,,WTIV,Lift Nacelle,1.32,16500.0,ACTION,3959.912666929865,TurbineInstallation,TurbineInstallation,,40.0,132.0
2398,,Feeder 1,Jackup,1.6666666666666667,5208.333333333334,ACTION,3961.170718094971,TurbineInstallation,TurbineInstallation,,,
2399,,WTIV,Attach Nacelle,2.0,25000.0,ACTION,3961.912666929865,TurbineInstallation,TurbineInstallation,,40.0,132.0
2400,,WTIV,Reequip,1.0,12500.0,ACTION,3962.912666929865,TurbineInstallation,,,,
2401,,WTIV,Release Blade,0.5,6250.0,ACTION,3963.412666929865,TurbineInstallation,,,,
2402,,WTIV,Lift Blade,1.32,16500.0,ACTION,3964.7326669298645,TurbineInstallation,TurbineInstallation,,40.0,132.0
2403,,WTIV,Attach Blade,1.5,18750.0,ACTION,3966.2326669298645,TurbineInstallation,TurbineInstallation,,40.0,132.0
2404,,WTIV,Release Blade,0.5,6250.0,ACTION,3966.7326669298645,TurbineInstallation,,,,
2405,,WTIV,Lift Blade,1.32,16500.0,ACTION,3968.0526669298647,TurbineInstallation,TurbineInstallation,,40.0,132.0
2406,,WTIV,Attach Blade,1.5,18750.0,ACTION,3969.5526669298647,TurbineInstallation,TurbineInstallation,,40.0,132.0
2407,,WTIV,Release Blade,0.5,6250.0,ACTION,3970.0526669298647,TurbineInstallation,,,,
2408,,Feeder 0,ActiveFeeder,30.12666666666655,94145.83333333298,ACTION,3970.0526669298647,TurbineInstallation,,Site,,
2409,,Feeder 1,Queue,8.881948834893592,27756.090109042474,ACTION,3970.0526669298647,TurbineInstallation,,Site,,
2410,,WTIV,Lift Blade,1.32,16500.0,ACTION,3971.372666929865,TurbineInstallation,TurbineInstallation,,40.0,132.0
2411,,Feeder 0,Jackdown,1.6666666666666667,5208.333333333334,ACTION,3971.719333596531,TurbineInstallation,TurbineInstallation,,,
2412,,WTIV,Attach Blade,1.5,18750.0,ACTION,3972.872666929865,TurbineInstallation,TurbineInstallation,,40.0,132.0
2413,,WTIV,Jackdown,0.43333333333333335,5416.666666666667,ACTION,3973.3060002631983,TurbineInstallation,TurbineInstallation,,40.0,132.0
2414,,Feeder 0,Transit,4.830692249219678,15095.913278811493,ACTION,3976.5500258457514,TurbineInstallation,,,,
2415,,WTIV,Position Onsite,5.0,62500.0,ACTION,3978.3060002631983,TurbineInstallation,,,,
2416,,Feeder 0,Fasten Tower Section,2.0,6250.0,ACTION,3978.5500258457514,TurbineInstallation,TurbineInstallation,,,
2417,,WTIV,Delay,6.0,75000.0,ACTION,3984.3060002631983,TurbineInstallation,TurbineInstallation,,40.0,132.0
2418,,Feeder 0,Delay,6.0,18750.0,ACTION,3984.5500258457514,TurbineInstallation,TurbineInstallation,,,
2419,,WTIV,Jackup,0.43333333333333335,5416.666666666667,ACTION,3984.7393335965317,TurbineInstallation,TurbineInstallation,,40.0,132.0
2420,,WTIV,Release Tower Section,1.0,12500.0,ACTION,3985.7393335965317,TurbineInstallation,,,,
2421,,WTIV,Lift Tower Section,0.66,8250.0,ACTION,3986.3993335965315,TurbineInstallation,TurbineInstallation,,40.0,132.0
2422,,Feeder 0,Fasten Tower Section,2.0,6250.0,ACTION,3986.5500258457514,TurbineInstallation,TurbineInstallation,,,
2423,,WTIV,Attach Tower Section,2.0,25000.0,ACTION,3988.3993335965315,TurbineInstallation,TurbineInstallation,,40.0,132.0
2424,,Feeder 0,Fasten Nacelle,2.0,6250.0,ACTION,3988.5500258457514,TurbineInstallation,TurbineInstallation,,,
2425,,Feeder 0,Fasten Blade,0.75,2343.75,ACTION,3989.3000258457514,TurbineInstallation,TurbineInstallation,,,
2426,,WTIV,Release Tower Section,1.0,12500.0,ACTION,3989.3993335965315,TurbineInstallation,,,,
2427,,Feeder 0,Fasten Blade,0.75,2343.75,ACTION,3990.0500258457514,TurbineInstallation,TurbineInstallation,,,
2428,,WTIV,Lift Tower Section,1.32,16500.0,ACTION,3990.719333596531,TurbineInstallation,TurbineInstallation,,40.0,132.0
2429,,Feeder 0,Fasten Blade,0.75,2343.75,ACTION,3990.8000258457514,TurbineInstallation,TurbineInstallation,,,
2430,,WTIV,Attach Tower Section,2.0,25000.0,ACTION,3992.719333596531,TurbineInstallation,TurbineInstallation,,40.0,132.0
2431,,WTIV,Release Nacelle,1.0,12500.0,ACTION,3993.719333596531,TurbineInstallation,,,,
2432,,WTIV,Reequip,1.0,12500.0,ACTION,3994.719333596531,TurbineInstallation,,,,
2433,,Feeder 0,Transit,4.830692249219678,15095.913278811493,ACTION,3995.6307180949707,TurbineInstallation,,,,
2434,,WTIV,Lift Nacelle,1.32,16500.0,ACTION,3996.0393335965314,TurbineInstallation,TurbineInstallation,,40.0,132.0
2435,,Feeder 0,Jackup,1.6666666666666667,5208.333333333334,ACTION,3997.2973847616377,TurbineInstallation,TurbineInstallation,,,
2436,,WTIV,Attach Nacelle,2.0,25000.0,ACTION,3998.0393335965314,TurbineInstallation,TurbineInstallation,,40.0,132.0
2437,,WTIV,Reequip,1.0,12500.0,ACTION,3999.0393335965314,TurbineInstallation,,,,
2438,,WTIV,Release Blade,0.5,6250.0,ACTION,3999.5393335965314,TurbineInstallation,,,,
2439,,WTIV,Lift Blade,1.32,16500.0,ACTION,4000.8593335965315,TurbineInstallation,TurbineInstallation,,40.0,132.0
2440,,WTIV,Attach Blade,1.5,18750.0,ACTION,4002.3593335965315,TurbineInstallation,TurbineInstallation,,40.0,132.0
2441,,WTIV,Release Blade,0.5,6250.0,ACTION,4002.8593335965315,TurbineInstallation,,,,
2442,,WTIV,Lift Blade,1.32,16500.0,ACTION,4004.1793335965313,TurbineInstallation,TurbineInstallation,,40.0,132.0
2443,,WTIV,Attach Blade,1.5,18750.0,ACTION,4005.6793335965313,TurbineInstallation,TurbineInstallation,,40.0,132.0
2444,,WTIV,Release Blade,0.5,6250.0,ACTION,4006.1793335965313,TurbineInstallation,,,,
2445,,Feeder 1,ActiveFeeder,36.12666666666655,112895.83333333298,ACTION,4006.1793335965313,TurbineInstallation,,Site,,
2446,,Feeder 0,Queue,8.881948834893592,27756.090109042474,ACTION,4006.1793335965313,TurbineInstallation,,Site,,
2447,,WTIV,Lift Blade,1.32,16500.0,ACTION,4007.499333596531,TurbineInstallation,TurbineInstallation,,40.0,132.0
2448,,Feeder 1,Jackdown,1.6666666666666667,5208.333333333334,ACTION,4007.846000263198,TurbineInstallation,TurbineInstallation,,,
2449,,WTIV,Attach Blade,1.5,18750.0,ACTION,4008.999333596531,TurbineInstallation,TurbineInstallation,,40.0,132.0
2450,,WTIV,Jackdown,0.43333333333333335,5416.666666666667,ACTION,4009.4326669298644,TurbineInstallation,TurbineInstallation,,40.0,132.0
2451,,Feeder 1,Transit,4.830692249219678,15095.913278811493,ACTION,4012.6766925124175,TurbineInstallation,,,,
2452,,WTIV,Position Onsite,5.0,62500.0,ACTION,4014.4326669298644,TurbineInstallation,,,,
2453,,Feeder 1,Fasten Tower Section,2.0,6250.0,ACTION,4014.6766925124175,TurbineInstallation,TurbineInstallation,,,
2454,,WTIV,Jackup,0.43333333333333335,5416.666666666667,ACTION,4014.8660002631977,TurbineInstallation,TurbineInstallation,,40.0,132.0
2455,,WTIV,Release Tower Section,1.0,12500.0,ACTION,4015.8660002631977,TurbineInstallation,,,,
2456,,WTIV,Lift Tower Section,0.66,8250.0,ACTION,4016.526000263198,TurbineInstallation,TurbineInstallation,,40.0,132.0
2457,,Feeder 1,Fasten Tower Section,2.0,6250.0,ACTION,4016.6766925124175,TurbineInstallation,TurbineInstallation,,,
2458,,WTIV,Attach Tower Section,2.0,25000.0,ACTION,4018.526000263198,TurbineInstallation,TurbineInstallation,,40.0,132.0
2459,,Feeder 1,Fasten Nacelle,2.0,6250.0,ACTION,4018.6766925124175,TurbineInstallation,TurbineInstallation,,,
2460,,Feeder 1,Fasten Blade,0.75,2343.75,ACTION,4019.4266925124175,TurbineInstallation,TurbineInstallation,,,
2461,,WTIV,Release Tower Section,1.0,12500.0,ACTION,4019.526000263198,TurbineInstallation,,,,
2462,,Feeder 1,Fasten Blade,0.75,2343.75,ACTION,4020.1766925124175,TurbineInstallation,TurbineInstallation,,,
2463,,WTIV,Lift Tower Section,1.32,16500.0,ACTION,4020.846000263198,TurbineInstallation,TurbineInstallation,,40.0,132.0
2464,,Feeder 1,Fasten Blade,0.75,2343.75,ACTION,4020.9266925124175,TurbineInstallation,TurbineInstallation,,,
2465,,WTIV,Attach Tower Section,2.0,25000.0,ACTION,4022.846000263198,TurbineInstallation,TurbineInstallation,,40.0,132.0
2466,,WTIV,Release Nacelle,1.0,12500.0,ACTION,4023.846000263198,TurbineInstallation,,,,
2467,,WTIV,Reequip,1.0,12500.0,ACTION,4024.846000263198,TurbineInstallation,,,,
2468,,Feeder 1,Transit,4.830692249219678,15095.913278811493,ACTION,4025.7573847616377,TurbineInstallation,,,,
2469,,WTIV,Lift Nacelle,1.32,16500.0,ACTION,4026.166000263198,TurbineInstallation,TurbineInstallation,,40.0,132.0
2470,,Feeder 1,Jackup,1.6666666666666667,5208.333333333334,ACTION,4027.424051428304,TurbineInstallation,TurbineInstallation,,,
2471,,WTIV,Attach Nacelle,2.0,25000.0,ACTION,4028.166000263198,TurbineInstallation,TurbineInstallation,,40.0,132.0
2472,,WTIV,Reequip,1.0,12500.0,ACTION,4029.166000263198,TurbineInstallation,,,,
2473,,WTIV,Release Blade,0.5,6250.0,ACTION,4029.666000263198,TurbineInstallation,,,,
2474,,WTIV,Lift Blade,1.32,16500.0,ACTION,4030.9860002631976,TurbineInstallation,TurbineInstallation,,40.0,132.0
2475,,WTIV,Attach Blade,1.5,18750.0,ACTION,4032.4860002631976,TurbineInstallation,TurbineInstallation,,40.0,132.0
2476,,WTIV,Release Blade,0.5,6250.0,ACTION,4032.9860002631976,TurbineInstallation,,,,
2477,,WTIV,Lift Blade,1.32,16500.0,ACTION,4034.306000263198,TurbineInstallation,TurbineInstallation,,40.0,132.0
2478,,WTIV,Attach Blade,1.5,18750.0,ACTION,4035.806000263198,TurbineInstallation,TurbineInstallation,,40.0,132.0
2479,,WTIV,Delay,5.0,62500.0,ACTION,4040.806000263198,TurbineInstallation,,,,
2480,,WTIV,Release Blade,0.5,6250.0,ACTION,4041.306000263198,TurbineInstallation,,,,
2481,,Feeder 0,ActiveFeeder,35.12666666666655,109770.83333333298,ACTION,4041.306000263198,TurbineInstallation,,Site,,
2482,,Feeder 1,Queue,13.881948834893592,43381.090109042474,ACTION,4041.306000263198,TurbineInstallation,,Site,,
2483,,WTIV,Lift Blade,1.32,16500.0,ACTION,4042.626000263198,TurbineInstallation,TurbineInstallation,,40.0,132.0
2484,,Feeder 0,Jackdown,1.6666666666666667,5208.333333333334,ACTION,4042.9726669298643,TurbineInstallation,TurbineInstallation,,,
2485,,WTIV,Attach Blade,1.5,18750.0,ACTION,4044.126000263198,TurbineInstallation,TurbineInstallation,,40.0,132.0
2486,,WTIV,Jackdown,0.43333333333333335,5416.666666666667,ACTION,4044.5593335965314,TurbineInstallation,TurbineInstallation,,40.0,132.0
2487,,Feeder 0,Transit,4.830692249219678,15095.913278811493,ACTION,4047.8033591790845,TurbineInstallation,,,,
2488,,WTIV,Position Onsite,5.0,62500.0,ACTION,4049.5593335965314,TurbineInstallation,,,,
2489,,Feeder 0,Fasten Tower Section,2.0,6250.0,ACTION,4049.8033591790845,TurbineInstallation,TurbineInstallation,,,
2490,,WTIV,Jackup,0.43333333333333335,5416.666666666667,ACTION,4049.9926669298648,TurbineInstallation,TurbineInstallation,,40.0,132.0
2491,,Feeder 0,Fasten Tower Section,1.0,3125.0,ACTION,4050.8033591790845,TurbineInstallation,TurbineInstallation,,,
2492,,WTIV,Release Tower Section,1.0,12500.0,ACTION,4050.9926669298648,TurbineInstallation,,,,
2493,,Feeder 0,Delay,109.0,340625.0,ACTION,4159.8033591790845,TurbineInstallation,TurbineInstallation,,,
2494,,WTIV,Delay,109.0,1362500.0,ACTION,4159.992666929865,TurbineInstallation,TurbineInstallation,,40.0,132.0
2495,,WTIV,Lift Tower Section,0.66,8250.0,ACTION,4160.652666929865,TurbineInstallation,TurbineInstallation,,40.0,132.0
2496,,Feeder 0,Fasten Tower Section,1.0,3125.0,ACTION,4160.8033591790845,TurbineInstallation,TurbineInstallation,,,
2497,,WTIV,Attach Tower Section,2.0,25000.0,ACTION,4162.652666929865,TurbineInstallation,TurbineInstallation,,40.0,132.0
2498,,Feeder 0,Fasten Nacelle,2.0,6250.0,ACTION,4162.8033591790845,TurbineInstallation,TurbineInstallation,,,
2499,,Feeder 0,Fasten Blade,0.75,2343.75,ACTION,4163.5533591790845,TurbineInstallation,TurbineInstallation,,,
2500,,WTIV,Release Tower Section,1.0,12500.0,ACTION,4163.652666929865,TurbineInstallation,,,,
2501,,Feeder 0,Fasten Blade,0.75,2343.75,ACTION,4164.3033591790845,TurbineInstallation,TurbineInstallation,,,
2502,,WTIV,Lift Tower Section,1.32,16500.0,ACTION,4164.972666929864,TurbineInstallation,TurbineInstallation,,40.0,132.0
2503,,Feeder 0,Fasten Blade,0.75,2343.75,ACTION,4165.0533591790845,TurbineInstallation,TurbineInstallation,,,
2504,,WTIV,Attach Tower Section,2.0,25000.0,ACTION,4166.972666929864,TurbineInstallation,TurbineInstallation,,40.0,132.0
2505,,WTIV,Release Nacelle,1.0,12500.0,ACTION,4167.972666929864,TurbineInstallation,,,,
2506,,WTIV,Reequip,1.0,12500.0,ACTION,4168.972666929864,TurbineInstallation,,,,
2507,,Feeder 0,Transit,4.830692249219678,15095.913278811493,ACTION,4169.884051428304,TurbineInstallation,,,,
2508,,WTIV,Lift Nacelle,1.32,16500.0,ACTION,4170.292666929865,TurbineInstallation,TurbineInstallation,,40.0,132.0
2509,,Feeder 0,Jackup,1.6666666666666667,5208.333333333334,ACTION,4171.550718094971,TurbineInstallation,TurbineInstallation,,,
2510,,WTIV,Attach Nacelle,2.0,25000.0,ACTION,4172.292666929865,TurbineInstallation,TurbineInstallation,,40.0,132.0
2511,,WTIV,Reequip,1.0,12500.0,ACTION,4173.292666929865,TurbineInstallation,,,,
2512,,WTIV,Release Blade,0.5,6250.0,ACTION,4173.792666929865,TurbineInstallation,,,,
2513,,WTIV,Lift Blade,1.32,16500.0,ACTION,4175.112666929865,TurbineInstallation,TurbineInstallation,,40.0,132.0
2514,,WTIV,Attach Blade,1.5,18750.0,ACTION,4176.612666929865,TurbineInstallation,TurbineInstallation,,40.0,132.0
2515,,WTIV,Release Blade,0.5,6250.0,ACTION,4177.112666929865,TurbineInstallation,,,,
2516,,WTIV,Lift Blade,1.32,16500.0,ACTION,4178.432666929864,TurbineInstallation,TurbineInstallation,,40.0,132.0
2517,,WTIV,Attach Blade,1.5,18750.0,ACTION,4179.932666929864,TurbineInstallation,TurbineInstallation,,40.0,132.0
2518,,WTIV,Release Blade,0.5,6250.0,ACTION,4180.432666929864,TurbineInstallation,,,,
2519,,Feeder 1,ActiveFeeder,139.12666666666655,434770.83333333296,ACTION,4180.432666929864,TurbineInstallation,,Site,,
2520,,Feeder 0,Queue,8.881948834893592,27756.090109042474,ACTION,4180.432666929864,TurbineInstallation,,Site,,
2521,,WTIV,Lift Blade,1.32,16500.0,ACTION,4181.752666929864,TurbineInstallation,TurbineInstallation,,40.0,132.0
2522,,Feeder 1,Jackdown,1.6666666666666667,5208.333333333334,ACTION,4182.099333596531,TurbineInstallation,TurbineInstallation,,,
2523,,WTIV,Attach Blade,1.5,18750.0,ACTION,4183.252666929864,TurbineInstallation,TurbineInstallation,,40.0,132.0
2524,,WTIV,Jackdown,0.43333333333333335,5416.666666666667,ACTION,4183.6860002631975,TurbineInstallation,TurbineInstallation,,40.0,132.0
2525,,Feeder 1,Transit,4.830692249219678,15095.913278811493,ACTION,4186.930025845751,TurbineInstallation,,,,
2526,,WTIV,Position Onsite,5.0,62500.0,ACTION,4188.6860002631975,TurbineInstallation,,,,
2527,,Feeder 1,Fasten Tower Section,2.0,6250.0,ACTION,4188.930025845751,TurbineInstallation,TurbineInstallation,,,
2528,,WTIV,Jackup,0.43333333333333335,5416.666666666667,ACTION,4189.119333596531,TurbineInstallation,TurbineInstallation,,40.0,132.0
2529,,WTIV,Release Tower Section,1.0,12500.0,ACTION,4190.119333596531,TurbineInstallation,,,,
2530,,WTIV,Lift Tower Section,0.66,8250.0,ACTION,4190.779333596531,TurbineInstallation,TurbineInstallation,,40.0,132.0
2531,,Feeder 1,Fasten Tower Section,2.0,6250.0,ACTION,4190.930025845751,TurbineInstallation,TurbineInstallation,,,
2532,,WTIV,Attach Tower Section,2.0,25000.0,ACTION,4192.779333596531,TurbineInstallation,TurbineInstallation,,40.0,132.0
2533,,Feeder 1,Fasten Nacelle,2.0,6250.0,ACTION,4192.930025845751,TurbineInstallation,TurbineInstallation,,,
2534,,Feeder 1,Fasten Blade,0.75,2343.75,ACTION,4193.680025845751,TurbineInstallation,TurbineInstallation,,,
2535,,WTIV,Release Tower Section,1.0,12500.0,ACTION,4193.779333596531,TurbineInstallation,,,,
2536,,Feeder 1,Fasten Blade,0.75,2343.75,ACTION,4194.430025845751,TurbineInstallation,TurbineInstallation,,,
2537,,WTIV,Lift Tower Section,1.32,16500.0,ACTION,4195.099333596531,TurbineInstallation,TurbineInstallation,,40.0,132.0
2538,,Feeder 1,Fasten Blade,0.75,2343.75,ACTION,4195.180025845751,TurbineInstallation,TurbineInstallation,,,
2539,,WTIV,Attach Tower Section,2.0,25000.0,ACTION,4197.099333596531,TurbineInstallation,TurbineInstallation,,40.0,132.0
2540,,WTIV,Release Nacelle,1.0,12500.0,ACTION,4198.099333596531,TurbineInstallation,,,,
2541,,WTIV,Reequip,1.0,12500.0,ACTION,4199.099333596531,TurbineInstallation,,,,
2542,,Feeder 1,Transit,4.830692249219678,15095.913278811493,ACTION,4200.010718094971,TurbineInstallation,,,,
2543,,WTIV,Lift Nacelle,1.32,16500.0,ACTION,4200.419333596531,TurbineInstallation,TurbineInstallation,,40.0,132.0
2544,,Feeder 1,Jackup,1.6666666666666667,5208.333333333334,ACTION,4201.677384761637,TurbineInstallation,TurbineInstallation,,,
2545,,WTIV,Attach Nacelle,2.0,25000.0,ACTION,4202.419333596531,TurbineInstallation,TurbineInstallation,,40.0,132.0
2546,,WTIV,Reequip,1.0,12500.0,ACTION,4203.419333596531,TurbineInstallation,,,,
2547,,WTIV,Release Blade,0.5,6250.0,ACTION,4203.919333596531,TurbineInstallation,,,,
2548,,WTIV,Lift Blade,1.32,16500.0,ACTION,4205.239333596531,TurbineInstallation,TurbineInstallation,,40.0,132.0
2549,,WTIV,Attach Blade,1.5,18750.0,ACTION,4206.739333596531,TurbineInstallation,TurbineInstallation,,40.0,132.0
2550,,WTIV,Release Blade,0.5,6250.0,ACTION,4207.239333596531,TurbineInstallation,,,,
2551,,WTIV,Lift Blade,1.32,16500.0,ACTION,4208.559333596531,TurbineInstallation,TurbineInstallation,,40.0,132.0
2552,,WTIV,Attach Blade,1.5,18750.0,ACTION,4210.059333596531,TurbineInstallation,TurbineInstallation,,40.0,132.0
2553,,WTIV,Release Blade,0.5,6250.0,ACTION,4210.559333596531,TurbineInstallation,,,,
2554,,Feeder 0,ActiveFeeder,30.12666666666655,94145.83333333298,ACTION,4210.559333596531,TurbineInstallation,,Site,,
2555,,Feeder 1,Queue,8.881948834893592,27756.090109042474,ACTION,4210.559333596531,TurbineInstallation,,Site,,
2556,,WTIV,Lift Blade,1.32,16500.0,ACTION,4211.879333596531,TurbineInstallation,TurbineInstallation,,40.0,132.0
2557,,Feeder 0,Jackdown,1.6666666666666667,5208.333333333334,ACTION,4212.226000263197,TurbineInstallation,TurbineInstallation,,,
2558,,WTIV,Attach Blade,1.5,18750.0,ACTION,4213.379333596531,TurbineInstallation,TurbineInstallation,,40.0,132.0
2559,,WTIV,Jackdown,0.43333333333333335,5416.666666666667,ACTION,4213.8126669298645,TurbineInstallation,TurbineInstallation,,40.0,132.0
2560,,Feeder 0,Transit,4.830692249219678,15095.913278811493,ACTION,4217.056692512418,TurbineInstallation,,,,
2561,,WTIV,Position Onsite,5.0,62500.0,ACTION,4218.8126669298645,TurbineInstallation,,,,
2562,,Feeder 0,Fasten Tower Section,2.0,6250.0,ACTION,4219.056692512418,TurbineInstallation,TurbineInstallation,,,
2563,,WTIV,Jackup,0.43333333333333335,5416.666666666667,ACTION,4219.246000263198,TurbineInstallation,TurbineInstallation,,40.0,132.0
2564,,WTIV,Release Tower Section,1.0,12500.0,ACTION,4220.246000263198,TurbineInstallation,,,,
2565,,WTIV,Lift Tower Section,0.66,8250.0,ACTION,4220.906000263198,TurbineInstallation,TurbineInstallation,,40.0,132.0
2566,,Feeder 0,Fasten Tower Section,2.0,6250.0,ACTION,4221.056692512418,TurbineInstallation,TurbineInstallation,,,
2567,,WTIV,Attach Tower Section,2.0,25000.0,ACTION,4222.906000263198,TurbineInstallation,TurbineInstallation,,40.0,132.0
2568,,Feeder 0,Fasten Nacelle,2.0,6250.0,ACTION,4223.056692512418,TurbineInstallation,TurbineInstallation,,,
2569,,Feeder 0,Fasten Blade,0.75,2343.75,ACTION,4223.806692512418,TurbineInstallation,TurbineInstallation,,,
2570,,WTIV,Release Tower Section,1.0,12500.0,ACTION,4223.906000263198,TurbineInstallation,,,,
2571,,Feeder 0,Fasten Blade,0.75,2343.75,ACTION,4224.556692512418,TurbineInstallation,TurbineInstallation,,,
2572,,WTIV,Lift Tower Section,1.32,16500.0,ACTION,4225.226000263197,TurbineInstallation,TurbineInstallation,,40.0,132.0
2573,,Feeder 0,Fasten Blade,0.75,2343.75,ACTION,4225.306692512418,TurbineInstallation,TurbineInstallation,,,
2574,,WTIV,Attach Tower Section,2.0,25000.0,ACTION,4227.226000263197,TurbineInstallation,TurbineInstallation,,40.0,132.0
2575,,WTIV,Release Nacelle,1.0,12500.0,ACTION,4228.226000263197,TurbineInstallation,,,,
2576,,WTIV,Reequip,1.0,12500.0,ACTION,4229.226000263197,TurbineInstallation,,,,
2577,,Feeder 0,Transit,4.830692249219678,15095.913278811493,ACTION,4230.137384761637,TurbineInstallation,,,,
2578,,WTIV,Lift Nacelle,1.32,16500.0,ACTION,4230.546000263197,TurbineInstallation,TurbineInstallation,,40.0,132.0
2579,,Feeder 0,Jackup,1.6666666666666667,5208.333333333334,ACTION,4231.804051428304,TurbineInstallation,TurbineInstallation,,,
2580,,WTIV,Attach Nacelle,2.0,25000.0,ACTION,4232.546000263197,TurbineInstallation,TurbineInstallation,,40.0,132.0
2581,,WTIV,Reequip,1.0,12500.0,ACTION,4233.546000263197,TurbineInstallation,,,,
2582,,WTIV,Release Blade,0.5,6250.0,ACTION,4234.046000263197,TurbineInstallation,,,,
2583,,WTIV,Lift Blade,1.32,16500.0,ACTION,4235.366000263198,TurbineInstallation,TurbineInstallation,,40.0,132.0
2584,,WTIV,Attach Blade,1.5,18750.0,ACTION,4236.866000263198,TurbineInstallation,TurbineInstallation,,40.0,132.0
2585,,WTIV,Release Blade,0.5,6250.0,ACTION,4237.366000263198,TurbineInstallation,,,,
2586,,WTIV,Lift Blade,1.32,16500.0,ACTION,4238.6860002631975,TurbineInstallation,TurbineInstallation,,40.0,132.0
2587,,WTIV,Attach Blade,1.5,18750.0,ACTION,4240.1860002631975,TurbineInstallation,TurbineInstallation,,40.0,132.0
2588,,WTIV,Release Blade,0.5,6250.0,ACTION,4240.6860002631975,TurbineInstallation,,,,
2589,,Feeder 1,ActiveFeeder,30.12666666666655,94145.83333333298,ACTION,4240.6860002631975,TurbineInstallation,,Site,,
2590,,Feeder 0,Queue,8.881948834893592,27756.090109042474,ACTION,4240.6860002631975,TurbineInstallation,,Site,,
2591,,WTIV,Lift Blade,1.32,16500.0,ACTION,4242.006000263197,TurbineInstallation,TurbineInstallation,,40.0,132.0
2592,,Feeder 1,Jackdown,1.6666666666666667,5208.333333333334,ACTION,4242.352666929864,TurbineInstallation,TurbineInstallation,,,
2593,,WTIV,Attach Blade,1.5,18750.0,ACTION,4243.506000263197,TurbineInstallation,TurbineInstallation,,40.0,132.0
2594,,WTIV,Jackdown,0.43333333333333335,5416.666666666667,ACTION,4243.939333596531,TurbineInstallation,TurbineInstallation,,40.0,132.0
2595,,Feeder 1,Transit,4.830692249219678,15095.913278811493,ACTION,4247.183359179084,TurbineInstallation,,,,
2596,,WTIV,Position Onsite,5.0,62500.0,ACTION,4248.939333596531,TurbineInstallation,,,,
2597,,Feeder 1,Fasten Tower Section,2.0,6250.0,ACTION,4249.183359179084,TurbineInstallation,TurbineInstallation,,,
2598,,WTIV,Jackup,0.43333333333333335,5416.666666666667,ACTION,4249.372666929864,TurbineInstallation,TurbineInstallation,,40.0,132.0
2599,,WTIV,Release Tower Section,1.0,12500.0,ACTION,4250.372666929864,TurbineInstallation,,,,
2600,,WTIV,Lift Tower Section,0.66,8250.0,ACTION,4251.032666929865,TurbineInstallation,TurbineInstallation,,40.0,132.0
2601,,Feeder 1,Fasten Tower Section,2.0,6250.0,ACTION,4251.183359179084,TurbineInstallation,TurbineInstallation,,,
2602,,WTIV,Attach Tower Section,2.0,25000.0,ACTION,4253.032666929865,TurbineInstallation,TurbineInstallation,,40.0,132.0
2603,,Feeder 1,Fasten Nacelle,2.0,6250.0,ACTION,4253.183359179084,TurbineInstallation,TurbineInstallation,,,
2604,,Feeder 1,Fasten Blade,0.75,2343.75,ACTION,4253.933359179084,TurbineInstallation,TurbineInstallation,,,
2605,,WTIV,Release Tower Section,1.0,12500.0,ACTION,4254.032666929865,TurbineInstallation,,,,
2606,,Feeder 1,Fasten Blade,0.75,2343.75,ACTION,4254.683359179084,TurbineInstallation,TurbineInstallation,,,
2607,,WTIV,Lift Tower Section,1.32,16500.0,ACTION,4255.352666929864,TurbineInstallation,TurbineInstallation,,40.0,132.0
2608,,Feeder 1,Fasten Blade,0.75,2343.75,ACTION,4255.433359179084,TurbineInstallation,TurbineInstallation,,,
2609,,WTIV,Attach Tower Section,2.0,25000.0,ACTION,4257.352666929864,TurbineInstallation,TurbineInstallation,,40.0,132.0
2610,,WTIV,Release Nacelle,1.0,12500.0,ACTION,4258.352666929864,TurbineInstallation,,,,
2611,,WTIV,Reequip,1.0,12500.0,ACTION,4259.352666929864,TurbineInstallation,,,,
2612,,Feeder 1,Transit,4.830692249219678,15095.913278811493,ACTION,4260.264051428304,TurbineInstallation,,,,
2613,,WTIV,Lift Nacelle,1.32,16500.0,ACTION,4260.672666929864,TurbineInstallation,TurbineInstallation,,40.0,132.0
2614,,Feeder 1,Jackup,1.6666666666666667,5208.333333333334,ACTION,4261.930718094971,TurbineInstallation,TurbineInstallation,,,
2615,,WTIV,Attach Nacelle,2.0,25000.0,ACTION,4262.672666929864,TurbineInstallation,TurbineInstallation,,40.0,132.0
2616,,WTIV,Reequip,1.0,12500.0,ACTION,4263.672666929864,TurbineInstallation,,,,
2617,,WTIV,Release Blade,0.5,6250.0,ACTION,4264.172666929864,TurbineInstallation,,,,
2618,,WTIV,Lift Blade,1.32,16500.0,ACTION,4265.492666929864,TurbineInstallation,TurbineInstallation,,40.0,132.0
2619,,WTIV,Attach Blade,1.5,18750.0,ACTION,4266.992666929864,TurbineInstallation,TurbineInstallation,,40.0,132.0
2620,,WTIV,Release Blade,0.5,6250.0,ACTION,4267.492666929864,TurbineInstallation,,,,
2621,,WTIV,Lift Blade,1.32,16500.0,ACTION,4268.812666929864,TurbineInstallation,TurbineInstallation,,40.0,132.0
2622,,WTIV,Attach Blade,1.5,18750.0,ACTION,4270.312666929864,TurbineInstallation,TurbineInstallation,,40.0,132.0
2623,,WTIV,Release Blade,0.5,6250.0,ACTION,4270.812666929864,TurbineInstallation,,,,
2624,,Feeder 0,ActiveFeeder,30.12666666666655,94145.83333333298,ACTION,4270.812666929864,TurbineInstallation,,Site,,
2625,,Feeder 1,Queue,8.881948834893592,27756.090109042474,ACTION,4270.812666929864,TurbineInstallation,,Site,,
2626,,WTIV,Lift Blade,1.32,16500.0,ACTION,4272.132666929864,TurbineInstallation,TurbineInstallation,,40.0,132.0
2627,,Feeder 0,Jackdown,1.6666666666666667,5208.333333333334,ACTION,4272.4793335965305,TurbineInstallation,TurbineInstallation,,,
2628,,WTIV,Attach Blade,1.5,18750.0,ACTION,4273.632666929864,TurbineInstallation,TurbineInstallation,,40.0,132.0
2629,,WTIV,Jackdown,0.43333333333333335,5416.666666666667,ACTION,4274.066000263198,TurbineInstallation,TurbineInstallation,,40.0,132.0
2630,,Feeder 0,Transit,4.830692249219678,15095.913278811493,ACTION,4277.310025845751,TurbineInstallation,,,,
2631,,WTIV,Position Onsite,5.0,62500.0,ACTION,4279.066000263198,TurbineInstallation,,,,
2632,,Feeder 0,Fasten Tower Section,2.0,6250.0,ACTION,4279.310025845751,TurbineInstallation,TurbineInstallation,,,
2633,,WTIV,Jackup,0.43333333333333335,5416.666666666667,ACTION,4279.499333596531,TurbineInstallation,TurbineInstallation,,40.0,132.0
2634,,WTIV,Release Tower Section,1.0,12500.0,ACTION,4280.499333596531,TurbineInstallation,,,,
2635,,WTIV,Lift Tower Section,0.66,8250.0,ACTION,4281.159333596531,TurbineInstallation,TurbineInstallation,,40.0,132.0
2636,,Feeder 0,Fasten Tower Section,2.0,6250.0,ACTION,4281.310025845751,TurbineInstallation,TurbineInstallation,,,
2637,,WTIV,Attach Tower Section,2.0,25000.0,ACTION,4283.159333596531,TurbineInstallation,TurbineInstallation,,40.0,132.0
2638,,Feeder 0,Fasten Nacelle,2.0,6250.0,ACTION,4283.310025845751,TurbineInstallation,TurbineInstallation,,,
2639,,Feeder 0,Fasten Blade,0.75,2343.75,ACTION,4284.060025845751,TurbineInstallation,TurbineInstallation,,,
2640,,WTIV,Release Tower Section,1.0,12500.0,ACTION,4284.159333596531,TurbineInstallation,,,,
2641,,Feeder 0,Fasten Blade,0.75,2343.75,ACTION,4284.810025845751,TurbineInstallation,TurbineInstallation,,,
2642,,WTIV,Lift Tower Section,1.32,16500.0,ACTION,4285.4793335965305,TurbineInstallation,TurbineInstallation,,40.0,132.0
2643,,Feeder 0,Fasten Blade,0.75,2343.75,ACTION,4285.560025845751,TurbineInstallation,TurbineInstallation,,,
2644,,WTIV,Attach Tower Section,2.0,25000.0,ACTION,4287.4793335965305,TurbineInstallation,TurbineInstallation,,40.0,132.0
2645,,WTIV,Release Nacelle,1.0,12500.0,ACTION,4288.4793335965305,TurbineInstallation,,,,
2646,,WTIV,Reequip,1.0,12500.0,ACTION,4289.4793335965305,TurbineInstallation,,,,
2647,,Feeder 0,Transit,4.830692249219678,15095.913278811493,ACTION,4290.39071809497,TurbineInstallation,,,,
2648,,WTIV,Lift Nacelle,1.32,16500.0,ACTION,4290.799333596531,TurbineInstallation,TurbineInstallation,,40.0,132.0
2649,,Feeder 0,Jackup,1.6666666666666667,5208.333333333334,ACTION,4292.057384761637,TurbineInstallation,TurbineInstallation,,,
2650,,WTIV,Attach Nacelle,2.0,25000.0,ACTION,4292.799333596531,TurbineInstallation,TurbineInstallation,,40.0,132.0
2651,,WTIV,Reequip,1.0,12500.0,ACTION,4293.799333596531,TurbineInstallation,,,,
2652,,WTIV,Release Blade,0.5,6250.0,ACTION,4294.299333596531,TurbineInstallation,,,,
2653,,WTIV,Lift Blade,1.32,16500.0,ACTION,4295.619333596531,TurbineInstallation,TurbineInstallation,,40.0,132.0
2654,,WTIV,Attach Blade,1.5,18750.0,ACTION,4297.119333596531,TurbineInstallation,TurbineInstallation,,40.0,132.0
2655,,WTIV,Release Blade,0.5,6250.0,ACTION,4297.619333596531,TurbineInstallation,,,,
2656,,WTIV,Lift Blade,1.32,16500.0,ACTION,4298.939333596531,TurbineInstallation,TurbineInstallation,,40.0,132.0
2657,,WTIV,Attach Blade,1.5,18750.0,ACTION,4300.439333596531,TurbineInstallation,TurbineInstallation,,40.0,132.0
2658,,WTIV,Release Blade,0.5,6250.0,ACTION,4300.939333596531,TurbineInstallation,,,,
2659,,Feeder 1,ActiveFeeder,30.12666666666655,94145.83333333298,ACTION,4300.939333596531,TurbineInstallation,,Site,,
2660,,Feeder 0,Queue,8.881948834893592,27756.090109042474,ACTION,4300.939333596531,TurbineInstallation,,Site,,
2661,,WTIV,Lift Blade,1.32,16500.0,ACTION,4302.25933359653,TurbineInstallation,TurbineInstallation,,40.0,132.0
2662,,Feeder 1,Jackdown,1.6666666666666667,5208.333333333334,ACTION,4302.6060002631975,TurbineInstallation,TurbineInstallation,,,
2663,,WTIV,Attach Blade,1.5,18750.0,ACTION,4303.75933359653,TurbineInstallation,TurbineInstallation,,40.0,132.0
2664,,WTIV,Jackdown,0.43333333333333335,5416.666666666667,ACTION,4304.192666929864,TurbineInstallation,TurbineInstallation,,40.0,132.0
2665,,Feeder 1,Transit,4.830692249219678,15095.913278811493,ACTION,4307.436692512417,TurbineInstallation,,,,
2666,,WTIV,Position Onsite,5.0,62500.0,ACTION,4309.192666929864,TurbineInstallation,,,,
2667,,Feeder 1,Fasten Tower Section,2.0,6250.0,ACTION,4309.436692512417,TurbineInstallation,TurbineInstallation,,,
2668,,WTIV,Jackup,0.43333333333333335,5416.666666666667,ACTION,4309.626000263197,TurbineInstallation,TurbineInstallation,,40.0,132.0
2669,,WTIV,Release Tower Section,1.0,12500.0,ACTION,4310.626000263197,TurbineInstallation,,,,
2670,,WTIV,Lift Tower Section,0.66,8250.0,ACTION,4311.286000263197,TurbineInstallation,TurbineInstallation,,40.0,132.0
2671,,Feeder 1,Fasten Tower Section,2.0,6250.0,ACTION,4311.436692512417,TurbineInstallation,TurbineInstallation,,,
2672,,WTIV,Attach Tower Section,2.0,25000.0,ACTION,4313.286000263197,TurbineInstallation,TurbineInstallation,,40.0,132.0
2673,,Feeder 1,Fasten Nacelle,2.0,6250.0,ACTION,4313.436692512417,TurbineInstallation,TurbineInstallation,,,
2674,,Feeder 1,Fasten Blade,0.75,2343.75,ACTION,4314.186692512417,TurbineInstallation,TurbineInstallation,,,
2675,,WTIV,Release Tower Section,1.0,12500.0,ACTION,4314.286000263197,TurbineInstallation,,,,
2676,,Feeder 1,Fasten Blade,0.75,2343.75,ACTION,4314.936692512417,TurbineInstallation,TurbineInstallation,,,
2677,,WTIV,Lift Tower Section,1.32,16500.0,ACTION,4315.6060002631975,TurbineInstallation,TurbineInstallation,,40.0,132.0
2678,,Feeder 1,Fasten Blade,0.75,2343.75,ACTION,4315.686692512417,TurbineInstallation,TurbineInstallation,,,
2679,,WTIV,Attach Tower Section,2.0,25000.0,ACTION,4317.6060002631975,TurbineInstallation,TurbineInstallation,,40.0,132.0
2680,,WTIV,Release Nacelle,1.0,12500.0,ACTION,4318.6060002631975,TurbineInstallation,,,,
2681,,WTIV,Reequip,1.0,12500.0,ACTION,4319.6060002631975,TurbineInstallation,,,,
2682,,Feeder 1,Transit,4.830692249219678,15095.913278811493,ACTION,4320.517384761637,TurbineInstallation,,,,
2683,,WTIV,Lift Nacelle,1.32,16500.0,ACTION,4320.926000263197,TurbineInstallation,TurbineInstallation,,40.0,132.0
2684,,Feeder 1,Jackup,1.6666666666666667,5208.333333333334,ACTION,4322.184051428303,TurbineInstallation,TurbineInstallation,,,
2685,,WTIV,Attach Nacelle,2.0,25000.0,ACTION,4322.926000263197,TurbineInstallation,TurbineInstallation,,40.0,132.0
2686,,WTIV,Reequip,1.0,12500.0,ACTION,4323.926000263197,TurbineInstallation,,,,
2687,,WTIV,Release Blade,0.5,6250.0,ACTION,4324.426000263197,TurbineInstallation,,,,
2688,,WTIV,Lift Blade,1.32,16500.0,ACTION,4325.746000263197,TurbineInstallation,TurbineInstallation,,40.0,132.0
2689,,WTIV,Attach Blade,1.5,18750.0,ACTION,4327.246000263197,TurbineInstallation,TurbineInstallation,,40.0,132.0
2690,,WTIV,Release Blade,0.5,6250.0,ACTION,4327.746000263197,TurbineInstallation,,,,
2691,,WTIV,Lift Blade,1.32,16500.0,ACTION,4329.066000263198,TurbineInstallation,TurbineInstallation,,40.0,132.0
2692,,WTIV,Attach Blade,1.5,18750.0,ACTION,4330.566000263198,TurbineInstallation,TurbineInstallation,,40.0,132.0
2693,,WTIV,Release Blade,0.5,6250.0,ACTION,4331.066000263198,TurbineInstallation,,,,
2694,,Feeder 0,ActiveFeeder,30.12666666666655,94145.83333333298,ACTION,4331.066000263198,TurbineInstallation,,Site,,
2695,,Feeder 1,Queue,8.881948834893592,27756.090109042474,ACTION,4331.066000263198,TurbineInstallation,,Site,,
2696,,WTIV,Lift Blade,1.32,16500.0,ACTION,4332.386000263197,TurbineInstallation,TurbineInstallation,,40.0,132.0
2697,,Feeder 0,Jackdown,1.6666666666666667,5208.333333333334,ACTION,4332.732666929864,TurbineInstallation,TurbineInstallation,,,
2698,,WTIV,Attach Blade,1.5,18750.0,ACTION,4333.886000263197,TurbineInstallation,TurbineInstallation,,40.0,132.0
2699,,WTIV,Jackdown,0.43333333333333335,5416.666666666667,ACTION,4334.319333596531,TurbineInstallation,TurbineInstallation,,40.0,132.0
2700,,Feeder 0,Transit,4.830692249219678,15095.913278811493,ACTION,4337.563359179084,TurbineInstallation,,,,
2701,,WTIV,Position Onsite,5.0,62500.0,ACTION,4339.319333596531,TurbineInstallation,,,,
2702,,Feeder 0,Fasten Tower Section,2.0,6250.0,ACTION,4339.563359179084,TurbineInstallation,TurbineInstallation,,,
2703,,WTIV,Jackup,0.43333333333333335,5416.666666666667,ACTION,4339.752666929864,TurbineInstallation,TurbineInstallation,,40.0,132.0
2704,,WTIV,Release Tower Section,1.0,12500.0,ACTION,4340.752666929864,TurbineInstallation,,,,
2705,,WTIV,Lift Tower Section,0.66,8250.0,ACTION,4341.412666929864,TurbineInstallation,TurbineInstallation,,40.0,132.0
2706,,Feeder 0,Fasten Tower Section,2.0,6250.0,ACTION,4341.563359179084,TurbineInstallation,TurbineInstallation,,,
2707,,WTIV,Attach Tower Section,2.0,25000.0,ACTION,4343.412666929864,TurbineInstallation,TurbineInstallation,,40.0,132.0
2708,,Feeder 0,Fasten Nacelle,2.0,6250.0,ACTION,4343.563359179084,TurbineInstallation,TurbineInstallation,,,
2709,,Feeder 0,Fasten Blade,0.75,2343.75,ACTION,4344.313359179084,TurbineInstallation,TurbineInstallation,,,
2710,,WTIV,Release Tower Section,1.0,12500.0,ACTION,4344.412666929864,TurbineInstallation,,,,
2711,,Feeder 0,Fasten Blade,0.75,2343.75,ACTION,4345.063359179084,TurbineInstallation,TurbineInstallation,,,
2712,,WTIV,Lift Tower Section,1.32,16500.0,ACTION,4345.732666929864,TurbineInstallation,TurbineInstallation,,40.0,132.0
2713,,Feeder 0,Fasten Blade,0.75,2343.75,ACTION,4345.813359179084,TurbineInstallation,TurbineInstallation,,,
2714,,WTIV,Attach Tower Section,2.0,25000.0,ACTION,4347.732666929864,TurbineInstallation,TurbineInstallation,,40.0,132.0
2715,,WTIV,Release Nacelle,1.0,12500.0,ACTION,4348.732666929864,TurbineInstallation,,,,
2716,,WTIV,Reequip,1.0,12500.0,ACTION,4349.732666929864,TurbineInstallation,,,,
2717,,Feeder 0,Transit,4.830692249219678,15095.913278811493,ACTION,4350.644051428303,TurbineInstallation,,,,
2718,,WTIV,Lift Nacelle,1.32,16500.0,ACTION,4351.052666929863,TurbineInstallation,TurbineInstallation,,40.0,132.0
2719,,Feeder 0,Jackup,1.6666666666666667,5208.333333333334,ACTION,4352.31071809497,TurbineInstallation,TurbineInstallation,,,
2720,,WTIV,Attach Nacelle,2.0,25000.0,ACTION,4353.052666929863,TurbineInstallation,TurbineInstallation,,40.0,132.0
2721,,WTIV,Reequip,1.0,12500.0,ACTION,4354.052666929863,TurbineInstallation,,,,
2722,,WTIV,Release Blade,0.5,6250.0,ACTION,4354.552666929863,TurbineInstallation,,,,
2723,,WTIV,Lift Blade,1.32,16500.0,ACTION,4355.872666929864,TurbineInstallation,TurbineInstallation,,40.0,132.0
2724,,WTIV,Delay,99.0,1237500.0,ACTION,4454.872666929864,TurbineInstallation,TurbineInstallation,,40.0,132.0
2725,,WTIV,Attach Blade,1.5,18750.0,ACTION,4456.372666929864,TurbineInstallation,TurbineInstallation,,40.0,132.0
2726,,WTIV,Release Blade,0.5,6250.0,ACTION,4456.872666929864,TurbineInstallation,,,,
2727,,WTIV,Lift Blade,1.32,16500.0,ACTION,4458.192666929864,TurbineInstallation,TurbineInstallation,,40.0,132.0
2728,,WTIV,Attach Blade,1.5,18750.0,ACTION,4459.692666929864,TurbineInstallation,TurbineInstallation,,40.0,132.0
2729,,WTIV,Release Blade,0.5,6250.0,ACTION,4460.192666929864,TurbineInstallation,,,,
2730,,Feeder 1,ActiveFeeder,129.12666666666655,403520.83333333296,ACTION,4460.192666929864,TurbineInstallation,,Site,,
2731,,Feeder 0,Queue,107.88194883489359,337131.0901090425,ACTION,4460.192666929864,TurbineInstallation,,Site,,
2732,,WTIV,Lift Blade,1.32,16500.0,ACTION,4461.512666929863,TurbineInstallation,TurbineInstallation,,40.0,132.0
2733,,Feeder 1,Jackdown,1.6666666666666667,5208.333333333334,ACTION,4461.859333596531,TurbineInstallation,TurbineInstallation,,,
2734,,WTIV,Attach Blade,1.5,18750.0,ACTION,4463.012666929863,TurbineInstallation,TurbineInstallation,,40.0,132.0
2735,,WTIV,Jackdown,0.43333333333333335,5416.666666666667,ACTION,4463.446000263197,TurbineInstallation,TurbineInstallation,,40.0,132.0
2736,,Feeder 1,Transit,4.830692249219678,15095.913278811493,ACTION,4466.69002584575,TurbineInstallation,,,,
2737,,WTIV,Position Onsite,5.0,62500.0,ACTION,4468.446000263197,TurbineInstallation,,,,
2738,,Feeder 1,Fasten Tower Section,2.0,6250.0,ACTION,4468.69002584575,TurbineInstallation,TurbineInstallation,,,
2739,,WTIV,Jackup,0.43333333333333335,5416.666666666667,ACTION,4468.87933359653,TurbineInstallation,TurbineInstallation,,40.0,132.0
2740,,WTIV,Release Tower Section,1.0,12500.0,ACTION,4469.87933359653,TurbineInstallation,,,,
2741,,WTIV,Lift Tower Section,0.66,8250.0,ACTION,4470.539333596531,TurbineInstallation,TurbineInstallation,,40.0,132.0
2742,,Feeder 1,Fasten Tower Section,2.0,6250.0,ACTION,4470.69002584575,TurbineInstallation,TurbineInstallation,,,
2743,,WTIV,Attach Tower Section,2.0,25000.0,ACTION,4472.539333596531,TurbineInstallation,TurbineInstallation,,40.0,132.0
2744,,Feeder 1,Fasten Nacelle,2.0,6250.0,ACTION,4472.69002584575,TurbineInstallation,TurbineInstallation,,,
2745,,Feeder 1,Fasten Blade,0.75,2343.75,ACTION,4473.44002584575,TurbineInstallation,TurbineInstallation,,,
2746,,WTIV,Release Tower Section,1.0,12500.0,ACTION,4473.539333596531,TurbineInstallation,,,,
2747,,Feeder 1,Fasten Blade,0.75,2343.75,ACTION,4474.19002584575,TurbineInstallation,TurbineInstallation,,,
2748,,WTIV,Lift Tower Section,1.32,16500.0,ACTION,4474.859333596531,TurbineInstallation,TurbineInstallation,,40.0,132.0
2749,,Feeder 1,Fasten Blade,0.75,2343.75,ACTION,4474.94002584575,TurbineInstallation,TurbineInstallation,,,
2750,,WTIV,Attach Tower Section,2.0,25000.0,ACTION,4476.859333596531,TurbineInstallation,TurbineInstallation,,40.0,132.0
2751,,WTIV,Release Nacelle,1.0,12500.0,ACTION,4477.859333596531,TurbineInstallation,,,,
2752,,WTIV,Reequip,1.0,12500.0,ACTION,4478.859333596531,TurbineInstallation,,,,
2753,,Feeder 1,Transit,4.830692249219678,15095.913278811493,ACTION,4479.77071809497,TurbineInstallation,,,,
2754,,WTIV,Lift Nacelle,1.32,16500.0,ACTION,4480.17933359653,TurbineInstallation,TurbineInstallation,,40.0,132.0
2755,,Feeder 1,Jackup,1.6666666666666667,5208.333333333334,ACTION,4481.437384761637,TurbineInstallation,TurbineInstallation,,,
2756,,WTIV,Attach Nacelle,2.0,25000.0,ACTION,4482.17933359653,TurbineInstallation,TurbineInstallation,,40.0,132.0
2757,,WTIV,Reequip,1.0,12500.0,ACTION,4483.17933359653,TurbineInstallation,,,,
2758,,WTIV,Release Blade,0.5,6250.0,ACTION,4483.67933359653,TurbineInstallation,,,,
2759,,WTIV,Lift Blade,1.32,16500.0,ACTION,4484.99933359653,TurbineInstallation,TurbineInstallation,,40.0,132.0
2760,,WTIV,Attach Blade,1.5,18750.0,ACTION,4486.49933359653,TurbineInstallation,TurbineInstallation,,40.0,132.0
2761,,WTIV,Release Blade,0.5,6250.0,ACTION,4486.99933359653,TurbineInstallation,,,,
2762,,WTIV,Lift Blade,1.32,16500.0,ACTION,4488.31933359653,TurbineInstallation,TurbineInstallation,,40.0,132.0
2763,,WTIV,Attach Blade,1.5,18750.0,ACTION,4489.81933359653,TurbineInstallation,TurbineInstallation,,40.0,132.0
2764,,WTIV,Release Blade,0.5,6250.0,ACTION,4490.31933359653,TurbineInstallation,,,,
2765,,Feeder 0,ActiveFeeder,30.12666666666655,94145.83333333298,ACTION,4490.31933359653,TurbineInstallation,,Site,,
2766,,Feeder 1,Queue,8.881948834893592,27756.090109042474,ACTION,4490.31933359653,TurbineInstallation,,Site,,
2767,,WTIV,Lift Blade,1.32,16500.0,ACTION,4491.63933359653,TurbineInstallation,TurbineInstallation,,40.0,132.0
2768,,Feeder 0,Jackdown,1.6666666666666667,5208.333333333334,ACTION,4491.986000263197,TurbineInstallation,TurbineInstallation,,,
2769,,WTIV,Attach Blade,1.5,18750.0,ACTION,4493.13933359653,TurbineInstallation,TurbineInstallation,,40.0,132.0
2770,,WTIV,Jackdown,0.43333333333333335,5416.666666666667,ACTION,4493.572666929864,TurbineInstallation,TurbineInstallation,,40.0,132.0
2771,,Feeder 0,Transit,4.830692249219678,15095.913278811493,ACTION,4496.816692512417,TurbineInstallation,,,,
2772,,WTIV,Position Onsite,5.0,62500.0,ACTION,4498.572666929864,TurbineInstallation,,,,
2773,,Feeder 0,Fasten Tower Section,2.0,6250.0,ACTION,4498.816692512417,TurbineInstallation,TurbineInstallation,,,
2774,,WTIV,Jackup,0.43333333333333335,5416.666666666667,ACTION,4499.006000263197,TurbineInstallation,TurbineInstallation,,40.0,132.0
2775,,WTIV,Release Tower Section,1.0,12500.0,ACTION,4500.006000263197,TurbineInstallation,,,,
2776,,WTIV,Lift Tower Section,0.66,8250.0,ACTION,4500.666000263197,TurbineInstallation,TurbineInstallation,,40.0,132.0
2777,,Feeder 0,Fasten Tower Section,2.0,6250.0,ACTION,4500.816692512417,TurbineInstallation,TurbineInstallation,,,
2778,,WTIV,Attach Tower Section,2.0,25000.0,ACTION,4502.666000263197,TurbineInstallation,TurbineInstallation,,40.0,132.0
2779,,Feeder 0,Fasten Nacelle,2.0,6250.0,ACTION,4502.816692512417,TurbineInstallation,TurbineInstallation,,,
2780,,Feeder 0,Fasten Blade,0.75,2343.75,ACTION,4503.566692512417,TurbineInstallation,TurbineInstallation,,,
2781,,WTIV,Release Tower Section,1.0,12500.0,ACTION,4503.666000263197,TurbineInstallation,,,,
2782,,Feeder 0,Fasten Blade,0.75,2343.75,ACTION,4504.316692512417,TurbineInstallation,TurbineInstallation,,,
2783,,WTIV,Lift Tower Section,1.32,16500.0,ACTION,4504.986000263197,TurbineInstallation,TurbineInstallation,,40.0,132.0
2784,,Feeder 0,Fasten Blade,0.75,2343.75,ACTION,4505.066692512417,TurbineInstallation,TurbineInstallation,,,
2785,,WTIV,Attach Tower Section,2.0,25000.0,ACTION,4506.986000263197,TurbineInstallation,TurbineInstallation,,40.0,132.0
2786,,WTIV,Release Nacelle,1.0,12500.0,ACTION,4507.986000263197,TurbineInstallation,,,,
2787,,WTIV,Reequip,1.0,12500.0,ACTION,4508.986000263197,TurbineInstallation,,,,
2788,,Feeder 0,Transit,4.830692249219678,15095.913278811493,ACTION,4509.897384761636,TurbineInstallation,,,,
2789,,WTIV,Lift Nacelle,1.32,16500.0,ACTION,4510.306000263197,TurbineInstallation,TurbineInstallation,,40.0,132.0
2790,,Feeder 0,Jackup,1.6666666666666667,5208.333333333334,ACTION,4511.564051428303,TurbineInstallation,TurbineInstallation,,,
2791,,WTIV,Attach Nacelle,2.0,25000.0,ACTION,4512.306000263197,TurbineInstallation,TurbineInstallation,,40.0,132.0
2792,,WTIV,Reequip,1.0,12500.0,ACTION,4513.306000263197,TurbineInstallation,,,,
2793,,WTIV,Release Blade,0.5,6250.0,ACTION,4513.806000263197,TurbineInstallation,,,,
2794,,WTIV,Lift Blade,1.32,16500.0,ACTION,4515.126000263197,TurbineInstallation,TurbineInstallation,,40.0,132.0
2795,,WTIV,Attach Blade,1.5,18750.0,ACTION,4516.626000263197,TurbineInstallation,TurbineInstallation,,40.0,132.0
2796,,WTIV,Release Blade,0.5,6250.0,ACTION,4517.126000263197,TurbineInstallation,,,,
2797,,WTIV,Lift Blade,1.32,16500.0,ACTION,4518.446000263197,TurbineInstallation,TurbineInstallation,,40.0,132.0
2798,,WTIV,Attach Blade,1.5,18750.0,ACTION,4519.946000263197,TurbineInstallation,TurbineInstallation,,40.0,132.0
2799,,WTIV,Release Blade,0.5,6250.0,ACTION,4520.446000263197,TurbineInstallation,,,,
2800,,Feeder 1,ActiveFeeder,30.12666666666655,94145.83333333298,ACTION,4520.446000263197,TurbineInstallation,,Site,,
2801,,Feeder 0,Queue,8.881948834893592,27756.090109042474,ACTION,4520.446000263197,TurbineInstallation,,Site,,
2802,,WTIV,Lift Blade,1.32,16500.0,ACTION,4521.7660002631965,TurbineInstallation,TurbineInstallation,,40.0,132.0
2803,,Feeder 1,Jackdown,1.6666666666666667,5208.333333333334,ACTION,4522.112666929864,TurbineInstallation,TurbineInstallation,,,
2804,,WTIV,Attach Blade,1.5,18750.0,ACTION,4523.2660002631965,TurbineInstallation,TurbineInstallation,,40.0,132.0
2805,,WTIV,Jackdown,0.43333333333333335,5416.666666666667,ACTION,4523.69933359653,TurbineInstallation,TurbineInstallation,,40.0,132.0
2806,,Feeder 1,Transit,4.830692249219678,15095.913278811493,ACTION,4526.943359179083,TurbineInstallation,,,,
2807,,WTIV,Position Onsite,5.0,62500.0,ACTION,4528.69933359653,TurbineInstallation,,,,
2808,,Feeder 1,Fasten Tower Section,2.0,6250.0,ACTION,4528.943359179083,TurbineInstallation,TurbineInstallation,,,
2809,,WTIV,Jackup,0.43333333333333335,5416.666666666667,ACTION,4529.132666929863,TurbineInstallation,TurbineInstallation,,40.0,132.0
2810,,WTIV,Release Tower Section,1.0,12500.0,ACTION,4530.132666929863,TurbineInstallation,,,,
2811,,WTIV,Lift Tower Section,0.66,8250.0,ACTION,4530.792666929863,TurbineInstallation,TurbineInstallation,,40.0,132.0
2812,,Feeder 1,Fasten Tower Section,2.0,6250.0,ACTION,4530.943359179083,TurbineInstallation,TurbineInstallation,,,
2813,,WTIV,Attach Tower Section,2.0,25000.0,ACTION,4532.792666929863,TurbineInstallation,TurbineInstallation,,40.0,132.0
2814,,Feeder 1,Fasten Nacelle,2.0,6250.0,ACTION,4532.943359179083,TurbineInstallation,TurbineInstallation,,,
2815,,Feeder 1,Fasten Blade,0.75,2343.75,ACTION,4533.693359179083,TurbineInstallation,TurbineInstallation,,,
2816,,WTIV,Release Tower Section,1.0,12500.0,ACTION,4533.792666929863,TurbineInstallation,,,,
2817,,Feeder 1,Fasten Blade,0.75,2343.75,ACTION,4534.443359179083,TurbineInstallation,TurbineInstallation,,,
2818,,WTIV,Lift Tower Section,1.32,16500.0,ACTION,4535.112666929864,TurbineInstallation,TurbineInstallation,,40.0,132.0
2819,,Feeder 1,Fasten Blade,0.75,2343.75,ACTION,4535.193359179083,TurbineInstallation,TurbineInstallation,,,
2820,,WTIV,Attach Tower Section,2.0,25000.0,ACTION,4537.112666929864,TurbineInstallation,TurbineInstallation,,40.0,132.0
2821,,WTIV,Release Nacelle,1.0,12500.0,ACTION,4538.112666929864,TurbineInstallation,,,,
2822,,WTIV,Reequip,1.0,12500.0,ACTION,4539.112666929864,TurbineInstallation,,,,
2823,,Feeder 1,Transit,4.830692249219678,15095.913278811493,ACTION,4540.024051428303,TurbineInstallation,,,,
2824,,WTIV,Lift Nacelle,1.32,16500.0,ACTION,4540.432666929863,TurbineInstallation,TurbineInstallation,,40.0,132.0
2825,,Feeder 1,Jackup,1.6666666666666667,5208.333333333334,ACTION,4541.690718094969,TurbineInstallation,TurbineInstallation,,,
2826,,WTIV,Attach Nacelle,2.0,25000.0,ACTION,4542.432666929863,TurbineInstallation,TurbineInstallation,,40.0,132.0
2827,,WTIV,Reequip,1.0,12500.0,ACTION,4543.432666929863,TurbineInstallation,,,,
2828,,WTIV,Release Blade,0.5,6250.0,ACTION,4543.932666929863,TurbineInstallation,,,,
2829,,WTIV,Lift Blade,1.32,16500.0,ACTION,4545.252666929863,TurbineInstallation,TurbineInstallation,,40.0,132.0
2830,,WTIV,Attach Blade,1.5,18750.0,ACTION,4546.752666929863,TurbineInstallation,TurbineInstallation,,40.0,132.0
2831,,WTIV,Release Blade,0.5,6250.0,ACTION,4547.252666929863,TurbineInstallation,,,,
2832,,WTIV,Lift Blade,1.32,16500.0,ACTION,4548.572666929864,TurbineInstallation,TurbineInstallation,,40.0,132.0
2833,,WTIV,Attach Blade,1.5,18750.0,ACTION,4550.072666929864,TurbineInstallation,TurbineInstallation,,40.0,132.0
2834,,WTIV,Release Blade,0.5,6250.0,ACTION,4550.572666929864,TurbineInstallation,,,,
2835,,Feeder 0,ActiveFeeder,30.12666666666655,94145.83333333298,ACTION,4550.572666929864,TurbineInstallation,,Site,,
2836,,Feeder 1,Queue,8.881948834893592,27756.090109042474,ACTION,4550.572666929864,TurbineInstallation,,Site,,
2837,,WTIV,Lift Blade,1.32,16500.0,ACTION,4551.8926669298635,TurbineInstallation,TurbineInstallation,,40.0,132.0
2838,,Feeder 0,Jackdown,1.6666666666666667,5208.333333333334,ACTION,4552.23933359653,TurbineInstallation,TurbineInstallation,,,
2839,,WTIV,Attach Blade,1.5,18750.0,ACTION,4553.3926669298635,TurbineInstallation,TurbineInstallation,,40.0,132.0
2840,,WTIV,Jackdown,0.43333333333333335,5416.666666666667,ACTION,4553.826000263197,TurbineInstallation,TurbineInstallation,,40.0,132.0
2841,,Feeder 0,Transit,4.830692249219678,15095.913278811493,ACTION,4557.07002584575,TurbineInstallation,,,,
2842,,WTIV,Position Onsite,5.0,62500.0,ACTION,4558.826000263197,TurbineInstallation,,,,
2843,,Feeder 0,Fasten Tower Section,2.0,6250.0,ACTION,4559.07002584575,TurbineInstallation,TurbineInstallation,,,
2844,,WTIV,Jackup,0.43333333333333335,5416.666666666667,ACTION,4559.25933359653,TurbineInstallation,TurbineInstallation,,40.0,132.0
2845,,WTIV,Release Tower Section,1.0,12500.0,ACTION,4560.25933359653,TurbineInstallation,,,,
2846,,WTIV,Lift Tower Section,0.66,8250.0,ACTION,4560.91933359653,TurbineInstallation,TurbineInstallation,,40.0,132.0
2847,,Feeder 0,Fasten Tower Section,2.0,6250.0,ACTION,4561.07002584575,TurbineInstallation,TurbineInstallation,,,
2848,,WTIV,Attach Tower Section,2.0,25000.0,ACTION,4562.91933359653,TurbineInstallation,TurbineInstallation,,40.0,132.0
2849,,Feeder 0,Fasten Nacelle,2.0,6250.0,ACTION,4563.07002584575,TurbineInstallation,TurbineInstallation,,,
2850,,Feeder 0,Fasten Blade,0.75,2343.75,ACTION,4563.82002584575,TurbineInstallation,TurbineInstallation,,,
2851,,WTIV,Release Tower Section,1.0,12500.0,ACTION,4563.91933359653,TurbineInstallation,,,,
2852,,Feeder 0,Fasten Blade,0.75,2343.75,ACTION,4564.57002584575,TurbineInstallation,TurbineInstallation,,,
2853,,WTIV,Lift Tower Section,1.32,16500.0,ACTION,4565.23933359653,TurbineInstallation,TurbineInstallation,,40.0,132.0
2854,,Feeder 0,Fasten Blade,0.75,2343.75,ACTION,4565.32002584575,TurbineInstallation,TurbineInstallation,,,
2855,,WTIV,Attach Tower Section,2.0,25000.0,ACTION,4567.23933359653,TurbineInstallation,TurbineInstallation,,40.0,132.0
2856,,WTIV,Release Nacelle,1.0,12500.0,ACTION,4568.23933359653,TurbineInstallation,,,,
2857,,WTIV,Reequip,1.0,12500.0,ACTION,4569.23933359653,TurbineInstallation,,,,
2858,,Feeder 0,Transit,4.830692249219678,15095.913278811493,ACTION,4570.150718094969,TurbineInstallation,,,,
2859,,WTIV,Lift Nacelle,1.32,16500.0,ACTION,4570.5593335965295,TurbineInstallation,TurbineInstallation,,40.0,132.0
2860,,Feeder 0,Jackup,1.6666666666666667,5208.333333333334,ACTION,4571.817384761636,TurbineInstallation,TurbineInstallation,,,
2861,,WTIV,Attach Nacelle,2.0,25000.0,ACTION,4572.5593335965295,TurbineInstallation,TurbineInstallation,,40.0,132.0
2862,,WTIV,Reequip,1.0,12500.0,ACTION,4573.5593335965295,TurbineInstallation,,,,
2863,,WTIV,Release Blade,0.5,6250.0,ACTION,4574.0593335965295,TurbineInstallation,,,,
2864,,WTIV,Lift Blade,1.32,16500.0,ACTION,4575.37933359653,TurbineInstallation,TurbineInstallation,,40.0,132.0
2865,,WTIV,Attach Blade,1.5,18750.0,ACTION,4576.87933359653,TurbineInstallation,TurbineInstallation,,40.0,132.0
2866,,WTIV,Release Blade,0.5,6250.0,ACTION,4577.37933359653,TurbineInstallation,,,,
2867,,WTIV,Lift Blade,1.32,16500.0,ACTION,4578.69933359653,TurbineInstallation,TurbineInstallation,,40.0,132.0
2868,,WTIV,Attach Blade,1.5,18750.0,ACTION,4580.19933359653,TurbineInstallation,TurbineInstallation,,40.0,132.0
2869,,WTIV,Release Blade,0.5,6250.0,ACTION,4580.69933359653,TurbineInstallation,,,,
2870,,Feeder 1,ActiveFeeder,30.12666666666655,94145.83333333298,ACTION,4580.69933359653,TurbineInstallation,,Site,,
2871,,Feeder 0,Queue,8.881948834893592,27756.090109042474,ACTION,4580.69933359653,TurbineInstallation,,Site,,
2872,,WTIV,Lift Blade,1.32,16500.0,ACTION,4582.01933359653,TurbineInstallation,TurbineInstallation,,40.0,132.0
2873,,Feeder 1,Jackdown,1.6666666666666667,5208.333333333334,ACTION,4582.366000263197,TurbineInstallation,TurbineInstallation,,,
2874,,WTIV,Attach Blade,1.5,18750.0,ACTION,4583.51933359653,TurbineInstallation,TurbineInstallation,,40.0,132.0
2875,,WTIV,Jackdown,0.43333333333333335,5416.666666666667,ACTION,4583.952666929863,TurbineInstallation,TurbineInstallation,,40.0,132.0
2876,,Feeder 1,Transit,4.830692249219678,15095.913278811493,ACTION,4587.196692512416,TurbineInstallation,,,,
2877,,WTIV,Position Onsite,5.0,62500.0,ACTION,4588.952666929863,TurbineInstallation,,,,
2878,,Feeder 1,Fasten Tower Section,2.0,6250.0,ACTION,4589.196692512416,TurbineInstallation,TurbineInstallation,,,
2879,,WTIV,Jackup,0.43333333333333335,5416.666666666667,ACTION,4589.386000263196,TurbineInstallation,TurbineInstallation,,40.0,132.0
2880,,WTIV,Release Tower Section,1.0,12500.0,ACTION,4590.386000263196,TurbineInstallation,,,,
2881,,WTIV,Lift Tower Section,0.66,8250.0,ACTION,4591.046000263197,TurbineInstallation,TurbineInstallation,,40.0,132.0
2882,,Feeder 1,Fasten Tower Section,2.0,6250.0,ACTION,4591.196692512416,TurbineInstallation,TurbineInstallation,,,
2883,,WTIV,Attach Tower Section,2.0,25000.0,ACTION,4593.046000263197,TurbineInstallation,TurbineInstallation,,40.0,132.0
2884,,Feeder 1,Fasten Nacelle,2.0,6250.0,ACTION,4593.196692512416,TurbineInstallation,TurbineInstallation,,,
2885,,Feeder 1,Fasten Blade,0.75,2343.75,ACTION,4593.946692512416,TurbineInstallation,TurbineInstallation,,,
2886,,WTIV,Release Tower Section,1.0,12500.0,ACTION,4594.046000263197,TurbineInstallation,,,,
2887,,Feeder 1,Fasten Blade,0.75,2343.75,ACTION,4594.696692512416,TurbineInstallation,TurbineInstallation,,,
2888,,WTIV,Lift Tower Section,1.32,16500.0,ACTION,4595.366000263197,TurbineInstallation,TurbineInstallation,,40.0,132.0
2889,,Feeder 1,Fasten Blade,0.75,2343.75,ACTION,4595.446692512416,TurbineInstallation,TurbineInstallation,,,
2890,,WTIV,Attach Tower Section,2.0,25000.0,ACTION,4597.366000263197,TurbineInstallation,TurbineInstallation,,40.0,132.0
2891,,WTIV,Release Nacelle,1.0,12500.0,ACTION,4598.366000263197,TurbineInstallation,,,,
2892,,WTIV,Reequip,1.0,12500.0,ACTION,4599.366000263197,TurbineInstallation,,,,
2893,,Feeder 1,Transit,4.830692249219678,15095.913278811493,ACTION,4600.277384761636,TurbineInstallation,,,,
2894,,WTIV,Lift Nacelle,1.32,16500.0,ACTION,4600.686000263197,TurbineInstallation,TurbineInstallation,,40.0,132.0
2895,,WTIV,Delay,7.0,87500.0,ACTION,4607.686000263197,TurbineInstallation,TurbineInstallation,,40.0,132.0
2896,,Feeder 1,Delay,8.0,25000.0,ACTION,4608.277384761636,TurbineInstallation,TurbineInstallation,,,
2897,,WTIV,Attach Nacelle,2.0,25000.0,ACTION,4609.686000263197,TurbineInstallation,TurbineInstallation,,40.0,132.0
2898,,Feeder 1,Jackup,1.6666666666666667,5208.333333333334,ACTION,4609.944051428303,TurbineInstallation,TurbineInstallation,,,
2899,,WTIV,Reequip,1.0,12500.0,ACTION,4610.686000263197,TurbineInstallation,,,,
2900,,WTIV,Release Blade,0.5,6250.0,ACTION,4611.186000263197,TurbineInstallation,,,,
2901,,WTIV,Lift Blade,1.32,16500.0,ACTION,4612.506000263196,TurbineInstallation,TurbineInstallation,,40.0,132.0
2902,,WTIV,Attach Blade,1.5,18750.0,ACTION,4614.006000263196,TurbineInstallation,TurbineInstallation,,40.0,132.0
2903,,WTIV,Release Blade,0.5,6250.0,ACTION,4614.506000263196,TurbineInstallation,,,,
2904,,WTIV,Lift Blade,1.32,16500.0,ACTION,4615.826000263196,TurbineInstallation,TurbineInstallation,,40.0,132.0
2905,,WTIV,Attach Blade,1.5,18750.0,ACTION,4617.326000263196,TurbineInstallation,TurbineInstallation,,40.0,132.0
2906,,WTIV,Release Blade,0.5,6250.0,ACTION,4617.826000263196,TurbineInstallation,,,,
2907,,Feeder 0,ActiveFeeder,37.12666666666655,116020.83333333298,ACTION,4617.826000263196,TurbineInstallation,,Site,,
2908,,Feeder 1,Queue,7.881948834893592,24631.090109042474,ACTION,4617.826000263196,TurbineInstallation,,Site,,
2909,,WTIV,Lift Blade,1.32,16500.0,ACTION,4619.146000263197,TurbineInstallation,TurbineInstallation,,40.0,132.0
2910,,Feeder 0,Jackdown,1.6666666666666667,5208.333333333334,ACTION,4619.492666929863,TurbineInstallation,TurbineInstallation,,,
2911,,WTIV,Attach Blade,1.5,18750.0,ACTION,4620.646000263197,TurbineInstallation,TurbineInstallation,,40.0,132.0
2912,,WTIV,Jackdown,0.43333333333333335,5416.666666666667,ACTION,4621.07933359653,TurbineInstallation,TurbineInstallation,,40.0,132.0
2913,,Feeder 0,Transit,4.830692249219678,15095.913278811493,ACTION,4624.323359179083,TurbineInstallation,,,,
2914,,WTIV,Position Onsite,5.0,62500.0,ACTION,4626.07933359653,TurbineInstallation,,,,
2915,,Feeder 0,Fasten Tower Section,2.0,6250.0,ACTION,4626.323359179083,TurbineInstallation,TurbineInstallation,,,
2916,,WTIV,Jackup,0.43333333333333335,5416.666666666667,ACTION,4626.512666929863,TurbineInstallation,TurbineInstallation,,40.0,132.0
2917,,WTIV,Release Tower Section,1.0,12500.0,ACTION,4627.512666929863,TurbineInstallation,,,,
2918,,WTIV,Lift Tower Section,0.66,8250.0,ACTION,4628.172666929863,TurbineInstallation,TurbineInstallation,,40.0,132.0
2919,,Feeder 0,Fasten Tower Section,2.0,6250.0,ACTION,4628.323359179083,TurbineInstallation,TurbineInstallation,,,
2920,,WTIV,Attach Tower Section,2.0,25000.0,ACTION,4630.172666929863,TurbineInstallation,TurbineInstallation,,40.0,132.0
2921,,Feeder 0,Fasten Nacelle,2.0,6250.0,ACTION,4630.323359179083,TurbineInstallation,TurbineInstallation,,,
2922,,Feeder 0,Fasten Blade,0.75,2343.75,ACTION,4631.073359179083,TurbineInstallation,TurbineInstallation,,,
2923,,WTIV,Release Tower Section,1.0,12500.0,ACTION,4631.172666929863,TurbineInstallation,,,,
2924,,Feeder 0,Fasten Blade,0.75,2343.75,ACTION,4631.823359179083,TurbineInstallation,TurbineInstallation,,,
2925,,WTIV,Lift Tower Section,1.32,16500.0,ACTION,4632.492666929863,TurbineInstallation,TurbineInstallation,,40.0,132.0
2926,,Feeder 0,Fasten Blade,0.75,2343.75,ACTION,4632.573359179083,TurbineInstallation,TurbineInstallation,,,
2927,,WTIV,Attach Tower Section,2.0,25000.0,ACTION,4634.492666929863,TurbineInstallation,TurbineInstallation,,40.0,132.0
2928,,WTIV,Release Nacelle,1.0,12500.0,ACTION,4635.492666929863,TurbineInstallation,,,,
2929,,WTIV,Reequip,1.0,12500.0,ACTION,4636.492666929863,TurbineInstallation,,,,
2930,,Feeder 0,Transit,4.830692249219678,15095.913278811493,ACTION,4637.404051428302,TurbineInstallation,,,,
2931,,WTIV,Lift Nacelle,1.32,16500.0,ACTION,4637.812666929864,TurbineInstallation,TurbineInstallation,,40.0,132.0
2932,,Feeder 0,Jackup,1.6666666666666667,5208.333333333334,ACTION,4639.070718094969,TurbineInstallation,TurbineInstallation,,,
2933,,WTIV,Attach Nacelle,2.0,25000.0,ACTION,4639.812666929864,TurbineInstallation,TurbineInstallation,,40.0,132.0
2934,,WTIV,Reequip,1.0,12500.0,ACTION,4640.812666929864,TurbineInstallation,,,,
2935,,WTIV,Release Blade,0.5,6250.0,ACTION,4641.312666929864,TurbineInstallation,,,,
2936,,WTIV,Lift Blade,1.32,16500.0,ACTION,4642.632666929863,TurbineInstallation,TurbineInstallation,,40.0,132.0
2937,,WTIV,Attach Blade,1.5,18750.0,ACTION,4644.132666929863,TurbineInstallation,TurbineInstallation,,40.0,132.0
2938,,WTIV,Release Blade,0.5,6250.0,ACTION,4644.632666929863,TurbineInstallation,,,,
2939,,WTIV,Lift Blade,1.32,16500.0,ACTION,4645.952666929863,TurbineInstallation,TurbineInstallation,,40.0,132.0
2940,,WTIV,Attach Blade,1.5,18750.0,ACTION,4647.452666929863,TurbineInstallation,TurbineInstallation,,40.0,132.0
2941,,WTIV,Release Blade,0.5,6250.0,ACTION,4647.952666929863,TurbineInstallation,,,,
2942,,Feeder 1,ActiveFeeder,30.12666666666655,94145.83333333298,ACTION,4647.952666929863,TurbineInstallation,,Site,,
2943,,Feeder 0,Queue,8.881948834893592,27756.090109042474,ACTION,4647.952666929863,TurbineInstallation,,Site,,
2944,,WTIV,Lift Blade,1.32,16500.0,ACTION,4649.272666929863,TurbineInstallation,TurbineInstallation,,40.0,132.0
2945,,Feeder 1,Jackdown,1.6666666666666667,5208.333333333334,ACTION,4649.61933359653,TurbineInstallation,TurbineInstallation,,,
2946,,WTIV,Attach Blade,1.5,18750.0,ACTION,4650.772666929863,TurbineInstallation,TurbineInstallation,,40.0,132.0
2947,,WTIV,Jackdown,0.43333333333333335,5416.666666666667,ACTION,4651.206000263196,TurbineInstallation,TurbineInstallation,,40.0,132.0
2948,,Feeder 1,Transit,4.830692249219678,15095.913278811493,ACTION,4654.450025845749,TurbineInstallation,,,,
2949,,WTIV,Position Onsite,5.0,62500.0,ACTION,4656.206000263196,TurbineInstallation,,,,
2950,,Feeder 1,Fasten Tower Section,2.0,6250.0,ACTION,4656.450025845749,TurbineInstallation,TurbineInstallation,,,
2951,,WTIV,Jackup,0.43333333333333335,5416.666666666667,ACTION,4656.6393335965295,TurbineInstallation,TurbineInstallation,,40.0,132.0
2952,,WTIV,Release Tower Section,1.0,12500.0,ACTION,4657.6393335965295,TurbineInstallation,,,,
2953,,WTIV,Lift Tower Section,0.66,8250.0,ACTION,4658.299333596529,TurbineInstallation,TurbineInstallation,,40.0,132.0
2954,,Feeder 1,Fasten Tower Section,2.0,6250.0,ACTION,4658.450025845749,TurbineInstallation,TurbineInstallation,,,
2955,,WTIV,Attach Tower Section,2.0,25000.0,ACTION,4660.299333596529,TurbineInstallation,TurbineInstallation,,40.0,132.0
2956,,Feeder 1,Fasten Nacelle,2.0,6250.0,ACTION,4660.450025845749,TurbineInstallation,TurbineInstallation,,,
2957,,Feeder 1,Fasten Blade,0.75,2343.75,ACTION,4661.200025845749,TurbineInstallation,TurbineInstallation,,,
2958,,WTIV,Release Tower Section,1.0,12500.0,ACTION,4661.299333596529,TurbineInstallation,,,,
2959,,Feeder 1,Fasten Blade,0.75,2343.75,ACTION,4661.950025845749,TurbineInstallation,TurbineInstallation,,,
2960,,WTIV,Lift Tower Section,1.32,16500.0,ACTION,4662.61933359653,TurbineInstallation,TurbineInstallation,,40.0,132.0
2961,,Feeder 1,Fasten Blade,0.75,2343.75,ACTION,4662.700025845749,TurbineInstallation,TurbineInstallation,,,
2962,,WTIV,Attach Tower Section,2.0,25000.0,ACTION,4664.61933359653,TurbineInstallation,TurbineInstallation,,40.0,132.0
2963,,WTIV,Release Nacelle,1.0,12500.0,ACTION,4665.61933359653,TurbineInstallation,,,,
2964,,WTIV,Reequip,1.0,12500.0,ACTION,4666.61933359653,TurbineInstallation,,,,
2965,,Feeder 1,Transit,4.830692249219678,15095.913278811493,ACTION,4667.530718094969,TurbineInstallation,,,,
2966,,WTIV,Lift Nacelle,1.32,16500.0,ACTION,4667.93933359653,TurbineInstallation,TurbineInstallation,,40.0,132.0
2967,,Feeder 1,Jackup,1.6666666666666667,5208.333333333334,ACTION,4669.1973847616355,TurbineInstallation,TurbineInstallation,,,
2968,,WTIV,Attach Nacelle,2.0,25000.0,ACTION,4669.93933359653,TurbineInstallation,TurbineInstallation,,40.0,132.0
2969,,WTIV,Reequip,1.0,12500.0,ACTION,4670.93933359653,TurbineInstallation,,,,
2970,,WTIV,Release Blade,0.5,6250.0,ACTION,4671.43933359653,TurbineInstallation,,,,
2971,,WTIV,Lift Blade,1.32,16500.0,ACTION,4672.759333596529,TurbineInstallation,TurbineInstallation,,40.0,132.0
2972,,WTIV,Attach Blade,1.5,18750.0,ACTION,4674.259333596529,TurbineInstallation,TurbineInstallation,,40.0,132.0
2973,,WTIV,Release Blade,0.5,6250.0,ACTION,4674.759333596529,TurbineInstallation,,,,
2974,,WTIV,Lift Blade,1.32,16500.0,ACTION,4676.07933359653,TurbineInstallation,TurbineInstallation,,40.0,132.0
2975,,WTIV,Attach Blade,1.5,18750.0,ACTION,4677.57933359653,TurbineInstallation,TurbineInstallation,,40.0,132.0
2976,,WTIV,Release Blade,0.5,6250.0,ACTION,4678.07933359653,TurbineInstallation,,,,
2977,,Feeder 0,ActiveFeeder,30.12666666666655,94145.83333333298,ACTION,4678.07933359653,TurbineInstallation,,Site,,
2978,,Feeder 1,Queue,8.881948834893592,27756.090109042474,ACTION,4678.07933359653,TurbineInstallation,,Site,,
2979,,WTIV,Lift Blade,1.32,16500.0,ACTION,4679.39933359653,TurbineInstallation,TurbineInstallation,,40.0,132.0
2980,,Feeder 0,Jackdown,1.6666666666666667,5208.333333333334,ACTION,4679.746000263196,TurbineInstallation,TurbineInstallation,,,
2981,,WTIV,Attach Blade,1.5,18750.0,ACTION,4680.89933359653,TurbineInstallation,TurbineInstallation,,40.0,132.0
2982,,WTIV,Jackdown,0.43333333333333335,5416.666666666667,ACTION,4681.332666929863,TurbineInstallation,TurbineInstallation,,40.0,132.0
2983,,Feeder 0,Transit,4.830692249219678,15095.913278811493,ACTION,4684.576692512416,TurbineInstallation,,,,
2984,,WTIV,Position Onsite,5.0,62500.0,ACTION,4686.332666929863,TurbineInstallation,,,,
2985,,Feeder 0,Fasten Tower Section,2.0,6250.0,ACTION,4686.576692512416,TurbineInstallation,TurbineInstallation,,,
2986,,WTIV,Jackup,0.43333333333333335,5416.666666666667,ACTION,4686.7660002631965,TurbineInstallation,TurbineInstallation,,40.0,132.0
2987,,WTIV,Release Tower Section,1.0,12500.0,ACTION,4687.7660002631965,TurbineInstallation,,,,
2988,,WTIV,Lift Tower Section,0.66,8250.0,ACTION,4688.426000263196,TurbineInstallation,TurbineInstallation,,40.0,132.0
2989,,Feeder 0,Fasten Tower Section,2.0,6250.0,ACTION,4688.576692512416,TurbineInstallation,TurbineInstallation,,,
2990,,WTIV,Attach Tower Section,2.0,25000.0,ACTION,4690.426000263196,TurbineInstallation,TurbineInstallation,,40.0,132.0
2991,,Feeder 0,Fasten Nacelle,2.0,6250.0,ACTION,4690.576692512416,TurbineInstallation,TurbineInstallation,,,
2992,,Feeder 0,Fasten Blade,0.75,2343.75,ACTION,4691.326692512416,TurbineInstallation,TurbineInstallation,,,
2993,,WTIV,Release Tower Section,1.0,12500.0,ACTION,4691.426000263196,TurbineInstallation,,,,
2994,,Feeder 0,Fasten Blade,0.75,2343.75,ACTION,4692.076692512416,TurbineInstallation,TurbineInstallation,,,
2995,,WTIV,Lift Tower Section,1.32,16500.0,ACTION,4692.746000263196,TurbineInstallation,TurbineInstallation,,40.0,132.0
2996,,Feeder 0,Fasten Blade,0.75,2343.75,ACTION,4692.826692512416,TurbineInstallation,TurbineInstallation,,,
2997,,WTIV,Attach Tower Section,2.0,25000.0,ACTION,4694.746000263196,TurbineInstallation,TurbineInstallation,,40.0,132.0
2998,,WTIV,Release Nacelle,1.0,12500.0,ACTION,4695.746000263196,TurbineInstallation,,,,
2999,,WTIV,Reequip,1.0,12500.0,ACTION,4696.746000263196,TurbineInstallation,,,,
3000,,Feeder 0,Transit,4.830692249219678,15095.913278811493,ACTION,4697.6573847616355,TurbineInstallation,,,,
3001,,WTIV,Lift Nacelle,1.32,16500.0,ACTION,4698.066000263196,TurbineInstallation,TurbineInstallation,,40.0,132.0
3002,,Feeder 0,Jackup,1.6666666666666667,5208.333333333334,ACTION,4699.3240514283025,TurbineInstallation,TurbineInstallation,,,
3003,,WTIV,Attach Nacelle,2.0,25000.0,ACTION,4700.066000263196,TurbineInstallation,TurbineInstallation,,40.0,132.0
3004,,WTIV,Reequip,1.0,12500.0,ACTION,4701.066000263196,TurbineInstallation,,,,
3005,,WTIV,Release Blade,0.5,6250.0,ACTION,4701.566000263196,TurbineInstallation,,,,
3006,,WTIV,Lift Blade,1.32,16500.0,ACTION,4702.886000263196,TurbineInstallation,TurbineInstallation,,40.0,132.0
3007,,WTIV,Attach Blade,1.5,18750.0,ACTION,4704.386000263196,TurbineInstallation,TurbineInstallation,,40.0,132.0
3008,,WTIV,Release Blade,0.5,6250.0,ACTION,4704.886000263196,TurbineInstallation,,,,
3009,,WTIV,Lift Blade,1.32,16500.0,ACTION,4706.206000263196,TurbineInstallation,TurbineInstallation,,40.0,132.0
3010,,WTIV,Attach Blade,1.5,18750.0,ACTION,4707.706000263196,TurbineInstallation,TurbineInstallation,,40.0,132.0
3011,,WTIV,Release Blade,0.5,6250.0,ACTION,4708.206000263196,TurbineInstallation,,,,
3012,,Feeder 1,ActiveFeeder,30.12666666666655,94145.83333333298,ACTION,4708.206000263196,TurbineInstallation,,Site,,
3013,,Feeder 0,Queue,8.881948834893592,27756.090109042474,ACTION,4708.206000263196,TurbineInstallation,,Site,,
3014,,WTIV,Lift Blade,1.32,16500.0,ACTION,4709.526000263196,TurbineInstallation,TurbineInstallation,,40.0,132.0
3015,,Feeder 1,Jackdown,1.6666666666666667,5208.333333333334,ACTION,4709.872666929863,TurbineInstallation,TurbineInstallation,,,
3016,,WTIV,Attach Blade,1.5,18750.0,ACTION,4711.026000263196,TurbineInstallation,TurbineInstallation,,40.0,132.0
3017,,WTIV,Jackdown,0.43333333333333335,5416.666666666667,ACTION,4711.459333596529,TurbineInstallation,TurbineInstallation,,40.0,132.0
3018,,Feeder 1,Transit,4.830692249219678,15095.913278811493,ACTION,4714.703359179082,TurbineInstallation,,,,
3019,,WTIV,Position Onsite,5.0,62500.0,ACTION,4716.459333596529,TurbineInstallation,,,,
3020,,Feeder 1,Fasten Tower Section,2.0,6250.0,ACTION,4716.703359179082,TurbineInstallation,TurbineInstallation,,,
3021,,WTIV,Jackup,0.43333333333333335,5416.666666666667,ACTION,4716.892666929863,TurbineInstallation,TurbineInstallation,,40.0,132.0
3022,,WTIV,Release Tower Section,1.0,12500.0,ACTION,4717.892666929863,TurbineInstallation,,,,
3023,,WTIV,Lift Tower Section,0.66,8250.0,ACTION,4718.552666929863,TurbineInstallation,TurbineInstallation,,40.0,132.0
3024,,Feeder 1,Fasten Tower Section,2.0,6250.0,ACTION,4718.703359179082,TurbineInstallation,TurbineInstallation,,,
3025,,WTIV,Attach Tower Section,2.0,25000.0,ACTION,4720.552666929863,TurbineInstallation,TurbineInstallation,,40.0,132.0
3026,,Feeder 1,Fasten Nacelle,2.0,6250.0,ACTION,4720.703359179082,TurbineInstallation,TurbineInstallation,,,
3027,,Feeder 1,Fasten Blade,0.75,2343.75,ACTION,4721.453359179082,TurbineInstallation,TurbineInstallation,,,
3028,,WTIV,Release Tower Section,1.0,12500.0,ACTION,4721.552666929863,TurbineInstallation,,,,
3029,,Feeder 1,Fasten Blade,0.75,2343.75,ACTION,4722.203359179082,TurbineInstallation,TurbineInstallation,,,
3030,,WTIV,Lift Tower Section,1.32,16500.0,ACTION,4722.872666929863,TurbineInstallation,TurbineInstallation,,40.0,132.0
3031,,Feeder 1,Fasten Blade,0.75,2343.75,ACTION,4722.953359179082,TurbineInstallation,TurbineInstallation,,,
3032,,WTIV,Attach Tower Section,2.0,25000.0,ACTION,4724.872666929863,TurbineInstallation,TurbineInstallation,,40.0,132.0
3033,,WTIV,Release Nacelle,1.0,12500.0,ACTION,4725.872666929863,TurbineInstallation,,,,
3034,,WTIV,Reequip,1.0,12500.0,ACTION,4726.872666929863,TurbineInstallation,,,,
3035,,Feeder 1,Transit,4.830692249219678,15095.913278811493,ACTION,4727.7840514283025,TurbineInstallation,,,,
3036,,WTIV,Lift Nacelle,1.32,16500.0,ACTION,4728.192666929863,TurbineInstallation,TurbineInstallation,,40.0,132.0
3037,,Feeder 1,Jackup,1.6666666666666667,5208.333333333334,ACTION,4729.4507180949695,TurbineInstallation,TurbineInstallation,,,
3038,,WTIV,Attach Nacelle,2.0,25000.0,ACTION,4730.192666929863,TurbineInstallation,TurbineInstallation,,40.0,132.0
3039,,WTIV,Reequip,1.0,12500.0,ACTION,4731.192666929863,TurbineInstallation,,,,
3040,,WTIV,Release Blade,0.5,6250.0,ACTION,4731.692666929863,TurbineInstallation,,,,
3041,,WTIV,Lift Blade,1.32,16500.0,ACTION,4733.0126669298625,TurbineInstallation,TurbineInstallation,,40.0,132.0
3042,,WTIV,Attach Blade,1.5,18750.0,ACTION,4734.5126669298625,TurbineInstallation,TurbineInstallation,,40.0,132.0
3043,,WTIV,Release Blade,0.5,6250.0,ACTION,4735.0126669298625,TurbineInstallation,,,,
3044,,WTIV,Delay,3.0,37500.0,ACTION,4738.0126669298625,TurbineInstallation,TurbineInstallation,,40.0,132.0
3045,,WTIV,Lift Blade,1.32,16500.0,ACTION,4739.332666929862,TurbineInstallation,TurbineInstallation,,40.0,132.0
3046,,WTIV,Attach Blade,1.5,18750.0,ACTION,4740.832666929862,TurbineInstallation,TurbineInstallation,,40.0,132.0
3047,,WTIV,Release Blade,0.5,6250.0,ACTION,4741.332666929862,TurbineInstallation,,,,
3048,,Feeder 0,ActiveFeeder,33.12666666666655,103520.83333333298,ACTION,4741.332666929862,TurbineInstallation,,Site,,
3049,,Feeder 1,Queue,11.881948834893592,37131.090109042474,ACTION,4741.332666929862,TurbineInstallation,,Site,,
3050,,WTIV,Lift Blade,1.32,16500.0,ACTION,4742.652666929863,TurbineInstallation,TurbineInstallation,,40.0,132.0
3051,,Feeder 0,Jackdown,1.6666666666666667,5208.333333333334,ACTION,4742.999333596529,TurbineInstallation,TurbineInstallation,,,
3052,,WTIV,Attach Blade,1.5,18750.0,ACTION,4744.152666929863,TurbineInstallation,TurbineInstallation,,40.0,132.0
3053,,WTIV,Jackdown,0.43333333333333335,5416.666666666667,ACTION,4744.586000263196,TurbineInstallation,TurbineInstallation,,40.0,132.0
3054,,Feeder 0,Transit,4.830692249219678,15095.913278811493,ACTION,4747.830025845749,TurbineInstallation,,,,
3055,,WTIV,Position Onsite,5.0,62500.0,ACTION,4749.586000263196,TurbineInstallation,,,,
3056,,Feeder 0,Fasten Tower Section,2.0,6250.0,ACTION,4749.830025845749,TurbineInstallation,TurbineInstallation,,,
3057,,WTIV,Jackup,0.43333333333333335,5416.666666666667,ACTION,4750.01933359653,TurbineInstallation,TurbineInstallation,,40.0,132.0
3058,,WTIV,Release Tower Section,1.0,12500.0,ACTION,4751.01933359653,TurbineInstallation,,,,
3059,,WTIV,Lift Tower Section,0.66,8250.0,ACTION,4751.679333596529,TurbineInstallation,TurbineInstallation,,40.0,132.0
3060,,Feeder 0,Fasten Tower Section,2.0,6250.0,ACTION,4751.830025845749,TurbineInstallation,TurbineInstallation,,,
3061,,WTIV,Attach Tower Section,2.0,25000.0,ACTION,4753.679333596529,TurbineInstallation,TurbineInstallation,,40.0,132.0
3062,,Feeder 0,Fasten Nacelle,2.0,6250.0,ACTION,4753.830025845749,TurbineInstallation,TurbineInstallation,,,
3063,,Feeder 0,Fasten Blade,0.75,2343.75,ACTION,4754.580025845749,TurbineInstallation,TurbineInstallation,,,
3064,,WTIV,Release Tower Section,1.0,12500.0,ACTION,4754.679333596529,TurbineInstallation,,,,
3065,,Feeder 0,Fasten Blade,0.75,2343.75,ACTION,4755.330025845749,TurbineInstallation,TurbineInstallation,,,
3066,,WTIV,Lift Tower Section,1.32,16500.0,ACTION,4755.999333596529,TurbineInstallation,TurbineInstallation,,40.0,132.0
3067,,Feeder 0,Fasten Blade,0.75,2343.75,ACTION,4756.080025845749,TurbineInstallation,TurbineInstallation,,,
3068,,WTIV,Attach Tower Section,2.0,25000.0,ACTION,4757.999333596529,TurbineInstallation,TurbineInstallation,,40.0,132.0
3069,,WTIV,Release Nacelle,1.0,12500.0,ACTION,4758.999333596529,TurbineInstallation,,,,
3070,,WTIV,Reequip,1.0,12500.0,ACTION,4759.999333596529,TurbineInstallation,,,,
3071,,Feeder 0,Transit,4.830692249219678,15095.913278811493,ACTION,4760.910718094969,TurbineInstallation,,,,
3072,,WTIV,Lift Nacelle,1.32,16500.0,ACTION,4761.31933359653,TurbineInstallation,TurbineInstallation,,40.0,132.0
3073,,Feeder 0,Jackup,1.6666666666666667,5208.333333333334,ACTION,4762.577384761636,TurbineInstallation,TurbineInstallation,,,
3074,,WTIV,Attach Nacelle,2.0,25000.0,ACTION,4763.31933359653,TurbineInstallation,TurbineInstallation,,40.0,132.0
3075,,WTIV,Reequip,1.0,12500.0,ACTION,4764.31933359653,TurbineInstallation,,,,
3076,,WTIV,Release Blade,0.5,6250.0,ACTION,4764.81933359653,TurbineInstallation,,,,
3077,,WTIV,Lift Blade,1.32,16500.0,ACTION,4766.1393335965295,TurbineInstallation,TurbineInstallation,,40.0,132.0
3078,,WTIV,Attach Blade,1.5,18750.0,ACTION,4767.6393335965295,TurbineInstallation,TurbineInstallation,,40.0,132.0
3079,,WTIV,Release Blade,0.5,6250.0,ACTION,4768.1393335965295,TurbineInstallation,,,,
3080,,WTIV,Lift Blade,1.32,16500.0,ACTION,4769.459333596529,TurbineInstallation,TurbineInstallation,,40.0,132.0
3081,,WTIV,Attach Blade,1.5,18750.0,ACTION,4770.959333596529,TurbineInstallation,TurbineInstallation,,40.0,132.0
3082,,WTIV,Release Blade,0.5,6250.0,ACTION,4771.459333596529,TurbineInstallation,,,,
3083,,Feeder 1,ActiveFeeder,30.12666666666655,94145.83333333298,ACTION,4771.459333596529,TurbineInstallation,,Site,,
3084,,Feeder 0,Queue,8.881948834893592,27756.090109042474,ACTION,4771.459333596529,TurbineInstallation,,Site,,
3085,,WTIV,Lift Blade,1.32,16500.0,ACTION,4772.779333596529,TurbineInstallation,TurbineInstallation,,40.0,132.0
3086,,Feeder 1,Jackdown,1.6666666666666667,5208.333333333334,ACTION,4773.126000263196,TurbineInstallation,TurbineInstallation,,,
3087,,WTIV,Attach Blade,1.5,18750.0,ACTION,4774.279333596529,TurbineInstallation,TurbineInstallation,,40.0,132.0
3088,,WTIV,Jackdown,0.43333333333333335,5416.666666666667,ACTION,4774.712666929862,TurbineInstallation,TurbineInstallation,,40.0,132.0
3089,,Feeder 1,Transit,4.830692249219678,15095.913278811493,ACTION,4777.956692512415,TurbineInstallation,,,,
3090,,WTIV,Position Onsite,5.0,62500.0,ACTION,4779.712666929862,TurbineInstallation,,,,
3091,,WTIV,Jackup,0.43333333333333335,5416.666666666667,ACTION,4780.146000263196,TurbineInstallation,TurbineInstallation,,40.0,132.0
3092,,WTIV,Release Tower Section,1.0,12500.0,ACTION,4781.146000263196,TurbineInstallation,,,,
3093,,WTIV,Lift Tower Section,0.66,8250.0,ACTION,4781.8060002631955,TurbineInstallation,TurbineInstallation,,40.0,132.0
3094,,WTIV,Attach Tower Section,2.0,25000.0,ACTION,4783.8060002631955,TurbineInstallation,TurbineInstallation,,40.0,132.0
3095,,WTIV,Release Tower Section,1.0,12500.0,ACTION,4784.8060002631955,TurbineInstallation,,,,
3096,,WTIV,Lift Tower Section,1.32,16500.0,ACTION,4786.126000263196,TurbineInstallation,TurbineInstallation,,40.0,132.0
3097,,WTIV,Attach Tower Section,2.0,25000.0,ACTION,4788.126000263195,TurbineInstallation,TurbineInstallation,,40.0,132.0
3098,,WTIV,Release Nacelle,1.0,12500.0,ACTION,4789.126000263195,TurbineInstallation,,,,
3099,,WTIV,Reequip,1.0,12500.0,ACTION,4790.126000263195,TurbineInstallation,,,,
3100,,WTIV,Lift Nacelle,1.32,16500.0,ACTION,4791.446000263196,TurbineInstallation,TurbineInstallation,,40.0,132.0
3101,,WTIV,Attach Nacelle,2.0,25000.0,ACTION,4793.446000263196,TurbineInstallation,TurbineInstallation,,40.0,132.0
3102,,WTIV,Reequip,1.0,12500.0,ACTION,4794.446000263196,TurbineInstallation,,,,
3103,,WTIV,Release Blade,0.5,6250.0,ACTION,4794.946000263196,TurbineInstallation,,,,
3104,,WTIV,Lift Blade,1.32,16500.0,ACTION,4796.2660002631965,TurbineInstallation,TurbineInstallation,,40.0,132.0
3105,,WTIV,Attach Blade,1.5,18750.0,ACTION,4797.7660002631965,TurbineInstallation,TurbineInstallation,,40.0,132.0
3106,,WTIV,Release Blade,0.5,6250.0,ACTION,4798.2660002631965,TurbineInstallation,,,,
3107,,WTIV,Lift Blade,1.32,16500.0,ACTION,4799.586000263196,TurbineInstallation,TurbineInstallation,,40.0,132.0
3108,,WTIV,Attach Blade,1.5,18750.0,ACTION,4801.086000263196,TurbineInstallation,TurbineInstallation,,40.0,132.0
3109,,WTIV,Release Blade,0.5,6250.0,ACTION,4801.586000263196,TurbineInstallation,,,,
3110,,Feeder 0,ActiveFeeder,30.126666666667006,94145.83333333439,ACTION,4801.586000263196,TurbineInstallation,,Site,,
3111,,WTIV,Lift Blade,1.32,16500.0,ACTION,4802.906000263196,TurbineInstallation,TurbineInstallation,,40.0,132.0
3112,,Feeder 0,Jackdown,1.6666666666666667,5208.333333333334,ACTION,4803.252666929862,TurbineInstallation,TurbineInstallation,,,
3113,,WTIV,Attach Blade,1.5,18750.0,ACTION,4804.406000263196,TurbineInstallation,TurbineInstallation,,40.0,132.0
3114,,WTIV,Jackdown,0.43333333333333335,5416.666666666667,ACTION,4804.83933359653,TurbineInstallation,TurbineInstallation,,40.0,132.0
3115,,Feeder 0,Transit,4.830692249219678,15095.913278811493,ACTION,4808.083359179082,TurbineInstallation,,,,
3116,,WTIV,Transit,4.830692249219678,60383.65311524597,ACTION,4809.6700258457495,TurbineInstallation,,,,
