,cost_multiplier,agent,action,duration,cost,level,time,phase,phase_name,location,site_depth,hub_height
0,1.0,WTIV,Mobilize,168.0,3500000.0,ACTION,0.0,MonopileInstallation,,,,
1,0.5,Feeder 0,Mobilize,72.0,112500.0,ACTION,0.0,MonopileInstallation,,,,
2,0.5,Feeder 1,Mobilize,72.0,112500.0,ACTION,0.0,MonopileInstallation,,,,
3,,Feeder 0,Fasten Monopile,12.0,37500.0,ACTION,12.0,MonopileInstallation,MonopileInstallation,,,
4,,Feeder 0,Fasten Transition Piece,8.0,25000.0,ACTION,20.0,MonopileInstallation,MonopileInstallation,,,
5,,Feeder 0,Fasten Monopile,1.0,3125.0,ACTION,21.0,MonopileInstallation,MonopileInstallation,,,
6,,Feeder 0,Delay,6.0,18750.0,ACTION,27.0,MonopileInstallation,MonopileInstallation,,,
7,,Feeder 0,Fasten Monopile,11.0,34375.0,ACTION,38.0,MonopileInstallation,MonopileInstallation,,,
8,,Feeder 0,Fasten Transition Piece,8.0,25000.0,ACTION,46.0,MonopileInstallation,MonopileInstallation,,,
9,,Feeder 0,Fasten Monopile,12.0,37500.0,ACTION,58.0,MonopileInstallation,MonopileInstallation,,,
10,,Feeder 0,Fasten Transition Piece,8.0,25000.0,ACTION,66.0,MonopileInstallation,MonopileInstallation,,,
11,,Feeder 1,Queue,66.0,206250.0,ACTION,66.0,MonopileInstallation,,,,
12,,Feeder 1,Fasten Monopile,9.0,28125.0,ACTION,75.0,MonopileInstallation,MonopileInstallation,,,
13,,Feeder 0,Delay,19.0,59375.0,ACTION,85.0,MonopileInstallation,,,,
14,,Feeder 1,Delay,10.0,31250.0,ACTION,85.0,MonopileInstallation,MonopileInstallation,,,
15,,Feeder 1,Fasten Monopile,3.0,9375.0,ACTION,88.0,MonopileInstallation,MonopileInstallation,,,
16,,Feeder 1,Fasten Transition Piece,8.0,25000.0,ACTION,96.0,MonopileInstallation,MonopileInstallation,,,
17,,WTIV,Transit,98.0887936622972,2043516.5346311918,ACTION,98.0887936622972,MonopileInstallation,,,,
18,,Feeder 1,Fasten Monopile,12.0,37500.0,ACTION,108.0,MonopileInstallation,MonopileInstallation,,,
19,,Feeder 1,Fasten Transition Piece,8.0,25000.0,ACTION,116.0,MonopileInstallation,MonopileInstallation,,,
20,,Feeder 0,Transit,37.11467868303137,115983.37088447304,ACTION,122.11467868303137,MonopileInstallation,,,,
21,,Feeder 0,Jackup,1.6666666666666667,5208.333333333334,ACTION,123.78134534969804,MonopileInstallation,MonopileInstallation,,,
22,,WTIV,Delay: Not enough vessels for monopiles,25.692551687400837,535261.4934875173,ACTION,123.78134534969804,MonopileInstallation,,Site,,
23,,Feeder 1,Fasten Monopile,12.0,37500.0,ACTION,128.0,MonopileInstallation,MonopileInstallation,,,
24,,WTIV,Position Onsite,5.0,104166.66666666666,ACTION,128.78134534969803,MonopileInstallation,,,,
25,,WTIV,Jackup,1.6666666666666667,34722.22222222222,ACTION,130.4480120163647,MonopileInstallation,MonopileInstallation,,40.0,
26,,WTIV,RovSurvey,1.0,20833.333333333332,ACTION,131.4480120163647,MonopileInstallation,MonopileInstallation,,40.0,
27,,Feeder 1,Fasten Transition Piece,7.0,21875.0,ACTION,135.0,MonopileInstallation,MonopileInstallation,,,
28,,WTIV,Release Monopile,10.0,208333.3333333333,ACTION,141.4480120163647,MonopileInstallation,,,,
29,,WTIV,Upend Monopile,0.8819573087220198,18374.110598375413,ACTION,142.3299693250867,MonopileInstallation,MonopileInstallation,,40.0,
30,,WTIV,Lower Monopile,0.005,104.16666666666666,ACTION,142.3349693250867,MonopileInstallation,MonopileInstallation,,40.0,
31,,WTIV,Crane Reequip,1.0,20833.333333333332,ACTION,143.3349693250867,MonopileInstallation,MonopileInstallation,,40.0,
32,,Feeder 1,Delay,10.0,31250.0,ACTION,145.0,MonopileInstallation,MonopileInstallation,,,
33,,Feeder 1,Fasten Transition Piece,1.0,3125.0,ACTION,146.0,MonopileInstallation,MonopileInstallation,,,
34,,Feeder 1,Delay,38.0,118750.0,ACTION,184.0,MonopileInstallation,,,,
35,,Feeder 1,Transit,37.11467868303137,115983.37088447304,ACTION,221.11467868303137,MonopileInstallation,,,,
36,,Feeder 1,Jackup,1.6666666666666667,5208.333333333334,ACTION,222.78134534969803,MonopileInstallation,MonopileInstallation,,,
37,,WTIV,Delay,2747.0,57229166.666666664,ACTION,2890.3349693250866,MonopileInstallation,MonopileInstallation,,40.0,
38,,WTIV,Drive Monopile,1.2,24999.999999999996,ACTION,2891.5349693250864,MonopileInstallation,MonopileInstallation,,40.0,
39,,WTIV,Release Transition Piece,10.0,208333.3333333333,ACTION,2901.5349693250864,MonopileInstallation,,,,
40,,WTIV,Crane Reequip,1.0,20833.333333333332,ACTION,2902.5349693250864,MonopileInstallation,MonopileInstallation,,40.0,
41,,WTIV,Lower TP,1.0,20833.333333333332,ACTION,2903.5349693250864,MonopileInstallation,MonopileInstallation,,40.0,
42,,WTIV,Bolt TP,4.0,83333.33333333333,ACTION,2907.5349693250864,MonopileInstallation,MonopileInstallation,,40.0,
43,,WTIV,Jackdown,1.6666666666666667,34722.22222222222,ACTION,2909.201635991753,MonopileInstallation,MonopileInstallation,,40.0,
44,,WTIV,Position Onsite,5.0,104166.66666666666,ACTION,2914.201635991753,MonopileInstallation,,,,
45,,WTIV,Jackup,1.6666666666666667,34722.22222222222,ACTION,2915.8683026584195,MonopileInstallation,MonopileInstallation,,40.0,
46,,WTIV,RovSurvey,1.0,20833.333333333332,ACTION,2916.8683026584195,MonopileInstallation,MonopileInstallation,,40.0,
47,,WTIV,Release Monopile,10.0,208333.3333333333,ACTION,2926.8683026584195,MonopileInstallation,,,,
48,,WTIV,Delay,34.0,708333.3333333333,ACTION,2960.8683026584195,MonopileInstallation,MonopileInstallation,,40.0,
49,,WTIV,Upend Monopile,0.8819573087220198,18374.110598375413,ACTION,2961.7502599671416,MonopileInstallation,MonopileInstallation,,40.0,
50,,WTIV,Lower Monopile,0.005,104.16666666666666,ACTION,2961.7552599671417,MonopileInstallation,MonopileInstallation,,40.0,
51,,WTIV,Crane Reequip,1.0,20833.333333333332,ACTION,2962.7552599671417,MonopileInstallation,MonopileInstallation,,40.0,
52,,WTIV,Drive Monopile,1.2,24999.999999999996,ACTION,2963.9552599671415,MonopileInstallation,MonopileInstallation,,40.0,
53,,WTIV,Release Transition Piece,10.0,208333.3333333333,ACTION,2973.9552599671415,MonopileInstallation,,,,
54,,WTIV,Crane Reequip,1.0,20833.333333333332,ACTION,2974.9552599671415,MonopileInstallation,MonopileInstallation,,40.0,
55,,WTIV,Lower TP,1.0,20833.333333333332,ACTION,2975.9552599671415,MonopileInstallation,MonopileInstallation,,40.0,
56,,WTIV,Bolt TP,4.0,83333.33333333333,ACTION,2979.9552599671415,MonopileInstallation,MonopileInstallation,,40.0,
57,,WTIV,Jackdown,1.6666666666666667,34722.22222222222,ACTION,2981.621926633808,MonopileInstallation,MonopileInstallation,,40.0,
58,,WTIV,Position Onsite,5.0,104166.66666666666,ACTION,2986.621926633808,MonopileInstallation,,,,
59,,WTIV,Jackup,1.6666666666666667,34722.22222222222,ACTION,2988.2885933004745,MonopileInstallation,MonopileInstallation,,40.0,
60,,WTIV,RovSurvey,1.0,20833.333333333332,ACTION,2989.2885933004745,MonopileInstallation,MonopileInstallation,,40.0,
61,,WTIV,Release Monopile,10.0,208333.3333333333,ACTION,2999.2885933004745,MonopileInstallation,,,,
62,,WTIV,Upend Monopile,0.8819573087220198,18374.110598375413,ACTION,3000.1705506091967,MonopileInstallation,MonopileInstallation,,40.0,
63,,WTIV,Lower Monopile,0.005,104.16666666666666,ACTION,3000.1755506091968,MonopileInstallation,MonopileInstallation,,40.0,
64,,WTIV,Crane Reequip,1.0,20833.333333333332,ACTION,3001.1755506091968,MonopileInstallation,MonopileInstallation,,40.0,
65,,WTIV,Drive Monopile,1.2,24999.999999999996,ACTION,3002.3755506091966,MonopileInstallation,MonopileInstallation,,40.0,
66,,WTIV,Release Transition Piece,10.0,208333.3333333333,ACTION,3012.3755506091966,MonopileInstallation,,,,
67,,Feeder 0,ActiveFeeder,2888.5942052594987,9026856.891435934,ACTION,3012.3755506091966,MonopileInstallation,,Site,,
68,,WTIV,Crane Reequip,1.0,20833.333333333332,ACTION,3013.3755506091966,MonopileInstallation,MonopileInstallation,,40.0,
69,,Feeder 0,Jackdown,1.6666666666666667,5208.333333333334,ACTION,3014.042217275863,MonopileInstallation,MonopileInstallation,,,
70,,WTIV,Lower TP,1.0,20833.333333333332,ACTION,3014.3755506091966,MonopileInstallation,MonopileInstallation,,40.0,
71,,WTIV,Bolt TP,4.0,83333.33333333333,ACTION,3018.3755506091966,MonopileInstallation,MonopileInstallation,,40.0,
72,,WTIV,Jackdown,1.6666666666666667,34722.22222222222,ACTION,3020.042217275863,MonopileInstallation,MonopileInstallation,,40.0,
73,,Feeder 0,Transit,37.11467868303137,115983.37088447304,ACTION,3051.1568959588944,MonopileInstallation,,,,
74,,Feeder 1,Queue,2828.3755506091966,8838673.595653739,ACTION,3051.1568959588944,MonopileInstallation,,Site,,
75,,WTIV,Delay: Not enough vessels for monopiles,31.114678683031343,648222.4725631529,ACTION,3051.1568959588944,MonopileInstallation,,Site,,
76,,WTIV,Position Onsite,5.0,104166.66666666666,ACTION,3056.1568959588944,MonopileInstallation,,,,
77,,WTIV,Jackup,1.6666666666666667,34722.22222222222,ACTION,3057.823562625561,MonopileInstallation,MonopileInstallation,,40.0,
78,,WTIV,RovSurvey,1.0,20833.333333333332,ACTION,3058.823562625561,MonopileInstallation,MonopileInstallation,,40.0,
79,,Feeder 0,Fasten Monopile,12.0,37500.0,ACTION,3063.1568959588944,MonopileInstallation,MonopileInstallation,,,
80,,Feeder 0,Fasten Transition Piece,5.0,15625.0,ACTION,3068.1568959588944,MonopileInstallation,MonopileInstallation,,,
81,,WTIV,Release Monopile,10.0,208333.3333333333,ACTION,3068.823562625561,MonopileInstallation,,,,
82,,WTIV,Upend Monopile,0.8819573087220198,18374.110598375413,ACTION,3069.705519934283,MonopileInstallation,MonopileInstallation,,40.0,
83,,WTIV,Delay,4.0,83333.33333333333,ACTION,3073.705519934283,MonopileInstallation,MonopileInstallation,,40.0,
84,,WTIV,Lower Monopile,0.005,104.16666666666666,ACTION,3073.710519934283,MonopileInstallation,MonopileInstallation,,40.0,
85,,WTIV,Crane Reequip,1.0,20833.333333333332,ACTION,3074.710519934283,MonopileInstallation,MonopileInstallation,,40.0,
86,,WTIV,Drive Monopile,1.2,24999.999999999996,ACTION,3075.910519934283,MonopileInstallation,MonopileInstallation,,40.0,
87,,Feeder 0,Delay,9.0,28125.0,ACTION,3077.1568959588944,MonopileInstallation,MonopileInstallation,,,
88,,Feeder 0,Fasten Transition Piece,3.0,9375.0,ACTION,3080.1568959588944,MonopileInstallation,MonopileInstallation,,,
89,,Feeder 0,Fasten Monopile,1.0,3125.0,ACTION,3081.1568959588944,MonopileInstallation,MonopileInstallation,,,
90,,WTIV,Release Transition Piece,10.0,208333.3333333333,ACTION,3085.910519934283,MonopileInstallation,,,,
91,,WTIV,Crane Reequip,1.0,20833.333333333332,ACTION,3086.910519934283,MonopileInstallation,MonopileInstallation,,40.0,
92,,WTIV,Lower TP,1.0,20833.333333333332,ACTION,3087.910519934283,MonopileInstallation,MonopileInstallation,,40.0,
93,,Feeder 0,Delay,9.0,28125.0,ACTION,3090.1568959588944,MonopileInstallation,MonopileInstallation,,,
94,,WTIV,Bolt TP,4.0,83333.33333333333,ACTION,3091.910519934283,MonopileInstallation,MonopileInstallation,,40.0,
95,,WTIV,Jackdown,1.6666666666666667,34722.22222222222,ACTION,3093.5771866009495,MonopileInstallation,MonopileInstallation,,40.0,
96,,WTIV,Position Onsite,5.0,104166.66666666666,ACTION,3098.5771866009495,MonopileInstallation,,,,
97,,WTIV,Jackup,1.6666666666666667,34722.22222222222,ACTION,3100.243853267616,MonopileInstallation,MonopileInstallation,,40.0,
98,,Feeder 0,Fasten Monopile,11.0,34375.0,ACTION,3101.1568959588944,MonopileInstallation,MonopileInstallation,,,
99,,WTIV,RovSurvey,1.0,20833.333333333332,ACTION,3101.243853267616,MonopileInstallation,MonopileInstallation,,40.0,
100,,Feeder 0,Fasten Transition Piece,8.0,25000.0,ACTION,3109.1568959588944,MonopileInstallation,MonopileInstallation,,,
101,,WTIV,Release Monopile,10.0,208333.3333333333,ACTION,3111.243853267616,MonopileInstallation,,,,
102,,WTIV,Upend Monopile,0.8819573087220198,18374.110598375413,ACTION,3112.125810576338,MonopileInstallation,MonopileInstallation,,40.0,
103,,WTIV,Lower Monopile,0.005,104.16666666666666,ACTION,3112.1308105763383,MonopileInstallation,MonopileInstallation,,40.0,
104,,WTIV,Crane Reequip,1.0,20833.333333333332,ACTION,3113.1308105763383,MonopileInstallation,MonopileInstallation,,40.0,
105,,WTIV,Drive Monopile,1.2,24999.999999999996,ACTION,3114.330810576338,MonopileInstallation,MonopileInstallation,,40.0,
106,,Feeder 0,Fasten Monopile,12.0,37500.0,ACTION,3121.1568959588944,MonopileInstallation,MonopileInstallation,,,
107,,WTIV,Release Transition Piece,10.0,208333.3333333333,ACTION,3124.330810576338,MonopileInstallation,,,,
108,,WTIV,Crane Reequip,1.0,20833.333333333332,ACTION,3125.330810576338,MonopileInstallation,MonopileInstallation,,40.0,
109,,WTIV,Lower TP,1.0,20833.333333333332,ACTION,3126.330810576338,MonopileInstallation,MonopileInstallation,,40.0,
110,,Feeder 0,Fasten Transition Piece,8.0,25000.0,ACTION,3129.1568959588944,MonopileInstallation,MonopileInstallation,,,
111,,WTIV,Bolt TP,4.0,83333.33333333333,ACTION,3130.330810576338,MonopileInstallation,MonopileInstallation,,40.0,
112,,WTIV,Jackdown,1.6666666666666667,34722.22222222222,ACTION,3131.9974772430046,MonopileInstallation,MonopileInstallation,,40.0,
113,,WTIV,Position Onsite,5.0,104166.66666666666,ACTION,3136.9974772430046,MonopileInstallation,,,,
114,,WTIV,Jackup,1.6666666666666667,34722.22222222222,ACTION,3138.664143909671,MonopileInstallation,MonopileInstallation,,40.0,
115,,WTIV,RovSurvey,1.0,20833.333333333332,ACTION,3139.664143909671,MonopileInstallation,MonopileInstallation,,40.0,
116,,WTIV,Release Monopile,10.0,208333.3333333333,ACTION,3149.664143909671,MonopileInstallation,,,,
117,,WTIV,Upend Monopile,0.8819573087220198,18374.110598375413,ACTION,3150.5461012183932,MonopileInstallation,MonopileInstallation,,40.0,
118,,WTIV,Lower Monopile,0.005,104.16666666666666,ACTION,3150.5511012183933,MonopileInstallation,MonopileInstallation,,40.0,
119,,WTIV,Crane Reequip,1.0,20833.333333333332,ACTION,3151.5511012183933,MonopileInstallation,MonopileInstallation,,40.0,
120,,WTIV,Drive Monopile,1.2,24999.999999999996,ACTION,3152.751101218393,MonopileInstallation,MonopileInstallation,,40.0,
121,,WTIV,Release Transition Piece,10.0,208333.3333333333,ACTION,3162.751101218393,MonopileInstallation,,,,
122,,Feeder 1,ActiveFeeder,111.59420525949872,348731.89143593353,ACTION,3162.751101218393,MonopileInstallation,,Site,,
123,,WTIV,Crane Reequip,1.0,20833.333333333332,ACTION,3163.751101218393,MonopileInstallation,MonopileInstallation,,40.0,
124,,Feeder 1,Jackdown,1.6666666666666667,5208.333333333334,ACTION,3164.4177678850597,MonopileInstallation,MonopileInstallation,,,
125,,WTIV,Lower TP,1.0,20833.333333333332,ACTION,3164.751101218393,MonopileInstallation,MonopileInstallation,,40.0,
126,,Feeder 0,Transit,37.11467868303137,115983.37088447304,ACTION,3166.271574641926,MonopileInstallation,,,,
127,,Feeder 0,Jackup,1.6666666666666667,5208.333333333334,ACTION,3167.9382413085923,MonopileInstallation,MonopileInstallation,,,
128,,WTIV,Bolt TP,4.0,83333.33333333333,ACTION,3168.751101218393,MonopileInstallation,MonopileInstallation,,40.0,
129,,WTIV,Jackdown,1.6666666666666667,34722.22222222222,ACTION,3170.4177678850597,MonopileInstallation,MonopileInstallation,,40.0,
130,,Feeder 1,Transit,37.11467868303137,115983.37088447304,ACTION,3201.532446568091,MonopileInstallation,,,,
131,,Feeder 0,Queue,33.59420525949872,104981.8914359335,ACTION,3201.532446568091,MonopileInstallation,,Site,,
132,,WTIV,Delay: Not enough vessels for monopiles,31.114678683031343,648222.4725631529,ACTION,3201.532446568091,MonopileInstallation,,Site,,
133,,WTIV,Position Onsite,5.0,104166.66666666666,ACTION,3206.532446568091,MonopileInstallation,,,,
134,,WTIV,Jackup,1.6666666666666667,34722.22222222222,ACTION,3208.1991132347575,MonopileInstallation,MonopileInstallation,,40.0,
135,,WTIV,RovSurvey,1.0,20833.333333333332,ACTION,3209.1991132347575,MonopileInstallation,MonopileInstallation,,40.0,
136,,Feeder 1,Fasten Monopile,12.0,37500.0,ACTION,3213.532446568091,MonopileInstallation,MonopileInstallation,,,
137,,WTIV,Release Monopile,10.0,208333.3333333333,ACTION,3219.1991132347575,MonopileInstallation,,,,
138,,WTIV,Upend Monopile,0.8819573087220198,18374.110598375413,ACTION,3220.0810705434797,MonopileInstallation,MonopileInstallation,,40.0,
139,,WTIV,Lower Monopile,0.005,104.16666666666666,ACTION,3220.0860705434798,MonopileInstallation,MonopileInstallation,,40.0,
140,,WTIV,Crane Reequip,1.0,20833.333333333332,ACTION,3221.0860705434798,MonopileInstallation,MonopileInstallation,,40.0,
141,,Feeder 1,Fasten Transition Piece,8.0,25000.0,ACTION,3221.532446568091,MonopileInstallation,MonopileInstallation,,,
142,,WTIV,Drive Monopile,1.2,24999.999999999996,ACTION,3222.2860705434796,MonopileInstallation,MonopileInstallation,,40.0,
143,,WTIV,Release Transition Piece,10.0,208333.3333333333,ACTION,3232.2860705434796,MonopileInstallation,,,,
144,,WTIV,Crane Reequip,1.0,20833.333333333332,ACTION,3233.2860705434796,MonopileInstallation,MonopileInstallation,,40.0,
145,,Feeder 1,Fasten Monopile,12.0,37500.0,ACTION,3233.532446568091,MonopileInstallation,MonopileInstallation,,,
146,,WTIV,Lower TP,1.0,20833.333333333332,ACTION,3234.2860705434796,MonopileInstallation,MonopileInstallation,,40.0,
147,,WTIV,Bolt TP,4.0,83333.33333333333,ACTION,3238.2860705434796,MonopileInstallation,MonopileInstallation,,40.0,
148,,WTIV,Jackdown,1.6666666666666667,34722.22222222222,ACTION,3239.952737210146,MonopileInstallation,MonopileInstallation,,40.0,
149,,Feeder 1,Fasten Transition Piece,8.0,25000.0,ACTION,3241.532446568091,MonopileInstallation,MonopileInstallation,,,
150,,WTIV,Position Onsite,5.0,104166.66666666666,ACTION,3244.952737210146,MonopileInstallation,,,,
151,,WTIV,Jackup,1.6666666666666667,34722.22222222222,ACTION,3246.6194038768126,MonopileInstallation,MonopileInstallation,,40.0,
152,,WTIV,RovSurvey,1.0,20833.333333333332,ACTION,3247.6194038768126,MonopileInstallation,MonopileInstallation,,40.0,
153,,Feeder 1,Fasten Monopile,12.0,37500.0,ACTION,3253.532446568091,MonopileInstallation,MonopileInstallation,,,
154,,WTIV,Release Monopile,10.0,208333.3333333333,ACTION,3257.6194038768126,MonopileInstallation,,,,
155,,WTIV,Upend Monopile,0.8819573087220198,18374.110598375413,ACTION,3258.5013611855347,MonopileInstallation,MonopileInstallation,,40.0,
156,,WTIV,Lower Monopile,0.005,104.16666666666666,ACTION,3258.506361185535,MonopileInstallation,MonopileInstallation,,40.0,
157,,WTIV,Crane Reequip,1.0,20833.333333333332,ACTION,3259.506361185535,MonopileInstallation,MonopileInstallation,,40.0,
158,,WTIV,Delay,1.0,20833.333333333332,ACTION,3260.506361185535,MonopileInstallation,MonopileInstallation,,40.0,
159,,WTIV,Drive Monopile,1.2,24999.999999999996,ACTION,3261.7063611855347,MonopileInstallation,MonopileInstallation,,40.0,
160,,WTIV,Release Transition Piece,10.0,208333.3333333333,ACTION,3271.7063611855347,MonopileInstallation,,,,
161,,WTIV,Crane Reequip,1.0,20833.333333333332,ACTION,3272.7063611855347,MonopileInstallation,MonopileInstallation,,40.0,
162,,WTIV,Lower TP,1.0,20833.333333333332,ACTION,3273.7063611855347,MonopileInstallation,MonopileInstallation,,40.0,
163,,Feeder 1,Delay,21.0,65625.0,ACTION,3274.532446568091,MonopileInstallation,MonopileInstallation,,,
164,,WTIV,Bolt TP,4.0,83333.33333333333,ACTION,3277.7063611855347,MonopileInstallation,MonopileInstallation,,40.0,
165,,WTIV,Jackdown,1.6666666666666667,34722.22222222222,ACTION,3279.373027852201,MonopileInstallation,MonopileInstallation,,40.0,
166,,Feeder 1,Fasten Transition Piece,8.0,25000.0,ACTION,3282.532446568091,MonopileInstallation,MonopileInstallation,,,
167,,WTIV,Position Onsite,5.0,104166.66666666666,ACTION,3284.373027852201,MonopileInstallation,,,,
168,,WTIV,Jackup,1.6666666666666667,34722.22222222222,ACTION,3286.0396945188677,MonopileInstallation,MonopileInstallation,,40.0,
169,,WTIV,RovSurvey,1.0,20833.333333333332,ACTION,3287.0396945188677,MonopileInstallation,MonopileInstallation,,40.0,
170,,WTIV,Release Monopile,10.0,208333.3333333333,ACTION,3297.0396945188677,MonopileInstallation,,,,
171,,WTIV,Upend Monopile,0.8819573087220198,18374.110598375413,ACTION,3297.92165182759,MonopileInstallation,MonopileInstallation,,40.0,
172,,WTIV,Lower Monopile,0.005,104.16666666666666,ACTION,3297.92665182759,MonopileInstallation,MonopileInstallation,,40.0,
173,,WTIV,Crane Reequip,1.0,20833.333333333332,ACTION,3298.92665182759,MonopileInstallation,MonopileInstallation,,40.0,
174,,WTIV,Drive Monopile,1.2,24999.999999999996,ACTION,3300.1266518275897,MonopileInstallation,MonopileInstallation,,40.0,
175,,WTIV,Release Transition Piece,10.0,208333.3333333333,ACTION,3310.1266518275897,MonopileInstallation,,,,
176,,Feeder 0,ActiveFeeder,108.59420525949872,339356.89143593353,ACTION,3310.1266518275897,MonopileInstallation,,Site,,
177,,WTIV,Crane Reequip,1.0,20833.333333333332,ACTION,3311.1266518275897,MonopileInstallation,MonopileInstallation,,40.0,
178,,Feeder 0,Jackdown,1.6666666666666667,5208.333333333334,ACTION,3311.7933184942563,MonopileInstallation,MonopileInstallation,,,
179,,WTIV,Lower TP,1.0,20833.333333333332,ACTION,3312.1266518275897,MonopileInstallation,MonopileInstallation,,40.0,
180,,WTIV,Bolt TP,4.0,83333.33333333333,ACTION,3316.1266518275897,MonopileInstallation,MonopileInstallation,,40.0,
181,,WTIV,Jackdown,1.6666666666666667,34722.22222222222,ACTION,3317.7933184942563,MonopileInstallation,MonopileInstallation,,40.0,
182,,Feeder 1,Transit,37.11467868303137,115983.37088447304,ACTION,3319.6471252511224,MonopileInstallation,,,,
183,,Feeder 1,Jackup,1.6666666666666667,5208.333333333334,ACTION,3321.313791917789,MonopileInstallation,MonopileInstallation,,,
184,,Feeder 0,Delay,52.0,162500.0,ACTION,3363.7933184942563,MonopileInstallation,,,,
185,,Feeder 0,Transit,37.11467868303137,115983.37088447304,ACTION,3400.9079971772876,MonopileInstallation,,,,
186,,Feeder 1,Queue,79.59420525949872,248731.8914359335,ACTION,3400.9079971772876,MonopileInstallation,,Site,,
187,,WTIV,Delay: Not enough vessels for monopiles,83.11467868303134,1731555.8058964862,ACTION,3400.9079971772876,MonopileInstallation,,Site,,
188,,WTIV,Position Onsite,5.0,104166.66666666666,ACTION,3405.9079971772876,MonopileInstallation,,,,
189,,WTIV,Jackup,1.6666666666666667,34722.22222222222,ACTION,3407.574663843954,MonopileInstallation,MonopileInstallation,,40.0,
190,,WTIV,RovSurvey,1.0,20833.333333333332,ACTION,3408.574663843954,MonopileInstallation,MonopileInstallation,,40.0,
191,,Feeder 0,Fasten Monopile,12.0,37500.0,ACTION,3412.9079971772876,MonopileInstallation,MonopileInstallation,,,
192,,WTIV,Release Monopile,10.0,208333.3333333333,ACTION,3418.574663843954,MonopileInstallation,,,,
193,,WTIV,Upend Monopile,0.8819573087220198,18374.110598375413,ACTION,3419.4566211526762,MonopileInstallation,MonopileInstallation,,40.0,
194,,WTIV,Lower Monopile,0.005,104.16666666666666,ACTION,3419.4616211526763,MonopileInstallation,MonopileInstallation,,40.0,
195,,WTIV,Crane Reequip,1.0,20833.333333333332,ACTION,3420.4616211526763,MonopileInstallation,MonopileInstallation,,40.0,
196,,Feeder 0,Fasten Transition Piece,8.0,25000.0,ACTION,3420.9079971772876,MonopileInstallation,MonopileInstallation,,,
197,,WTIV,Drive Monopile,1.2,24999.999999999996,ACTION,3421.661621152676,MonopileInstallation,MonopileInstallation,,40.0,
198,,WTIV,Release Transition Piece,10.0,208333.3333333333,ACTION,3431.661621152676,MonopileInstallation,,,,
199,,WTIV,Crane Reequip,1.0,20833.333333333332,ACTION,3432.661621152676,MonopileInstallation,MonopileInstallation,,40.0,
200,,Feeder 0,Fasten Monopile,12.0,37500.0,ACTION,3432.9079971772876,MonopileInstallation,MonopileInstallation,,,
201,,WTIV,Lower TP,1.0,20833.333333333332,ACTION,3433.661621152676,MonopileInstallation,MonopileInstallation,,40.0,
202,,WTIV,Bolt TP,4.0,83333.33333333333,ACTION,3437.661621152676,MonopileInstallation,MonopileInstallation,,40.0,
203,,WTIV,Jackdown,1.6666666666666667,34722.22222222222,ACTION,3439.3282878193427,MonopileInstallation,MonopileInstallation,,40.0,
204,,Feeder 0,Fasten Transition Piece,8.0,25000.0,ACTION,3440.9079971772876,MonopileInstallation,MonopileInstallation,,,
205,,WTIV,Position Onsite,5.0,104166.66666666666,ACTION,3444.3282878193427,MonopileInstallation,,,,
206,,WTIV,Jackup,1.6666666666666667,34722.22222222222,ACTION,3445.994954486009,MonopileInstallation,MonopileInstallation,,40.0,
207,,WTIV,RovSurvey,1.0,20833.333333333332,ACTION,3446.994954486009,MonopileInstallation,MonopileInstallation,,40.0,
208,,Feeder 0,Fasten Monopile,12.0,37500.0,ACTION,3452.9079971772876,MonopileInstallation,MonopileInstallation,,,
209,,WTIV,Release Monopile,10.0,208333.3333333333,ACTION,3456.994954486009,MonopileInstallation,,,,
210,,WTIV,Upend Monopile,0.8819573087220198,18374.110598375413,ACTION,3457.8769117947313,MonopileInstallation,MonopileInstallation,,40.0,
211,,WTIV,Lower Monopile,0.005,104.16666666666666,ACTION,3457.8819117947314,MonopileInstallation,MonopileInstallation,,40.0,
212,,WTIV,Crane Reequip,1.0,20833.333333333332,ACTION,3458.8819117947314,MonopileInstallation,MonopileInstallation,,40.0,
213,,WTIV,Drive Monopile,1.2,24999.999999999996,ACTION,3460.0819117947312,MonopileInstallation,MonopileInstallation,,40.0,
214,,Feeder 0,Fasten Transition Piece,8.0,25000.0,ACTION,3460.9079971772876,MonopileInstallation,MonopileInstallation,,,
215,,WTIV,Release Transition Piece,10.0,208333.3333333333,ACTION,3470.0819117947312,MonopileInstallation,,,,
216,,WTIV,Crane Reequip,1.0,20833.333333333332,ACTION,3471.0819117947312,MonopileInstallation,MonopileInstallation,,40.0,
217,,WTIV,Lower TP,1.0,20833.333333333332,ACTION,3472.0819117947312,MonopileInstallation,MonopileInstallation,,40.0,
218,,WTIV,Bolt TP,4.0,83333.33333333333,ACTION,3476.0819117947312,MonopileInstallation,MonopileInstallation,,40.0,
219,,WTIV,Jackdown,1.6666666666666667,34722.22222222222,ACTION,3477.7485784613978,MonopileInstallation,MonopileInstallation,,40.0,
220,,WTIV,Position Onsite,5.0,104166.66666666666,ACTION,3482.7485784613978,MonopileInstallation,,,,
221,,WTIV,Jackup,1.6666666666666667,34722.22222222222,ACTION,3484.4152451280643,MonopileInstallation,MonopileInstallation,,40.0,
222,,WTIV,RovSurvey,1.0,20833.333333333332,ACTION,3485.4152451280643,MonopileInstallation,MonopileInstallation,,40.0,
223,,WTIV,Release Monopile,10.0,208333.3333333333,ACTION,3495.4152451280643,MonopileInstallation,,,,
224,,WTIV,Upend Monopile,0.8819573087220198,18374.110598375413,ACTION,3496.2972024367864,MonopileInstallation,MonopileInstallation,,40.0,
225,,WTIV,Lower Monopile,0.005,104.16666666666666,ACTION,3496.3022024367865,MonopileInstallation,MonopileInstallation,,40.0,
226,,WTIV,Crane Reequip,1.0,20833.333333333332,ACTION,3497.3022024367865,MonopileInstallation,MonopileInstallation,,40.0,
227,,Feeder 0,Transit,37.11467868303137,115983.37088447304,ACTION,3498.022675860319,MonopileInstallation,,,,
228,,WTIV,Drive Monopile,1.2,24999.999999999996,ACTION,3498.5022024367863,MonopileInstallation,MonopileInstallation,,40.0,
229,,Feeder 0,Jackup,1.6666666666666667,5208.333333333334,ACTION,3499.6893425269855,MonopileInstallation,MonopileInstallation,,,
230,,WTIV,Release Transition Piece,10.0,208333.3333333333,ACTION,3508.5022024367863,MonopileInstallation,,,,
231,,Feeder 1,ActiveFeeder,107.59420525949872,336231.89143593353,ACTION,3508.5022024367863,MonopileInstallation,,Site,,
232,,WTIV,Crane Reequip,1.0,20833.333333333332,ACTION,3509.5022024367863,MonopileInstallation,MonopileInstallation,,40.0,
233,,Feeder 1,Jackdown,1.6666666666666667,5208.333333333334,ACTION,3510.168869103453,MonopileInstallation,MonopileInstallation,,,
234,,WTIV,Lower TP,1.0,20833.333333333332,ACTION,3510.5022024367863,MonopileInstallation,MonopileInstallation,,40.0,
235,,WTIV,Bolt TP,4.0,83333.33333333333,ACTION,3514.5022024367863,MonopileInstallation,MonopileInstallation,,40.0,
236,,WTIV,Jackdown,1.6666666666666667,34722.22222222222,ACTION,3516.168869103453,MonopileInstallation,MonopileInstallation,,40.0,
237,,Feeder 1,Transit,37.11467868303137,115983.37088447304,ACTION,3547.283547786484,MonopileInstallation,,,,
238,,Feeder 0,Queue,47.59420525949872,148731.8914359335,ACTION,3547.283547786484,MonopileInstallation,,Site,,
239,,WTIV,Delay: Not enough vessels for monopiles,31.114678683031343,648222.4725631529,ACTION,3547.283547786484,MonopileInstallation,,Site,,
240,,WTIV,Position Onsite,5.0,104166.66666666666,ACTION,3552.283547786484,MonopileInstallation,,,,
241,,WTIV,Jackup,1.6666666666666667,34722.22222222222,ACTION,3553.9502144531507,MonopileInstallation,MonopileInstallation,,40.0,
242,,WTIV,RovSurvey,1.0,20833.333333333332,ACTION,3554.9502144531507,MonopileInstallation,MonopileInstallation,,40.0,
243,,Feeder 1,Fasten Monopile,12.0,37500.0,ACTION,3559.283547786484,MonopileInstallation,MonopileInstallation,,,
244,,WTIV,Release Monopile,10.0,208333.3333333333,ACTION,3564.9502144531507,MonopileInstallation,,,,
245,,WTIV,Upend Monopile,0.8819573087220198,18374.110598375413,ACTION,3565.832171761873,MonopileInstallation,MonopileInstallation,,40.0,
246,,WTIV,Lower Monopile,0.005,104.16666666666666,ACTION,3565.837171761873,MonopileInstallation,MonopileInstallation,,40.0,
247,,WTIV,Crane Reequip,1.0,20833.333333333332,ACTION,3566.837171761873,MonopileInstallation,MonopileInstallation,,40.0,
248,,Feeder 1,Fasten Transition Piece,8.0,25000.0,ACTION,3567.283547786484,MonopileInstallation,MonopileInstallation,,,
249,,WTIV,Drive Monopile,1.2,24999.999999999996,ACTION,3568.0371717618727,MonopileInstallation,MonopileInstallation,,40.0,
250,,WTIV,Release Transition Piece,10.0,208333.3333333333,ACTION,3578.0371717618727,MonopileInstallation,,,,
251,,WTIV,Crane Reequip,1.0,20833.333333333332,ACTION,3579.0371717618727,MonopileInstallation,MonopileInstallation,,40.0,
252,,Feeder 1,Fasten Monopile,12.0,37500.0,ACTION,3579.283547786484,MonopileInstallation,MonopileInstallation,,,
253,,WTIV,Lower TP,1.0,20833.333333333332,ACTION,3580.0371717618727,MonopileInstallation,MonopileInstallation,,40.0,
254,,WTIV,Bolt TP,4.0,83333.33333333333,ACTION,3584.0371717618727,MonopileInstallation,MonopileInstallation,,40.0,
255,,WTIV,Jackdown,1.6666666666666667,34722.22222222222,ACTION,3585.7038384285393,MonopileInstallation,MonopileInstallation,,40.0,
256,,Feeder 1,Fasten Transition Piece,8.0,25000.0,ACTION,3587.283547786484,MonopileInstallation,MonopileInstallation,,,
257,,WTIV,Position Onsite,5.0,104166.66666666666,ACTION,3590.7038384285393,MonopileInstallation,,,,
258,,WTIV,Jackup,1.6666666666666667,34722.22222222222,ACTION,3592.3705050952058,MonopileInstallation,MonopileInstallation,,40.0,
259,,WTIV,RovSurvey,1.0,20833.333333333332,ACTION,3593.3705050952058,MonopileInstallation,MonopileInstallation,,40.0,
260,,Feeder 1,Fasten Monopile,12.0,37500.0,ACTION,3599.283547786484,MonopileInstallation,MonopileInstallation,,,
261,,WTIV,Release Monopile,10.0,208333.3333333333,ACTION,3603.3705050952058,MonopileInstallation,,,,
262,,WTIV,Upend Monopile,0.8819573087220198,18374.110598375413,ACTION,3604.252462403928,MonopileInstallation,MonopileInstallation,,40.0,
263,,WTIV,Lower Monopile,0.005,104.16666666666666,ACTION,3604.257462403928,MonopileInstallation,MonopileInstallation,,40.0,
264,,WTIV,Crane Reequip,1.0,20833.333333333332,ACTION,3605.257462403928,MonopileInstallation,MonopileInstallation,,40.0,
265,,WTIV,Drive Monopile,1.2,24999.999999999996,ACTION,3606.457462403928,MonopileInstallation,MonopileInstallation,,40.0,
266,,Feeder 1,Fasten Transition Piece,8.0,25000.0,ACTION,3607.283547786484,MonopileInstallation,MonopileInstallation,,,
267,,WTIV,Release Transition Piece,10.0,208333.3333333333,ACTION,3616.457462403928,MonopileInstallation,,,,
268,,WTIV,Crane Reequip,1.0,20833.333333333332,ACTION,3617.457462403928,MonopileInstallation,MonopileInstallation,,40.0,
269,,WTIV,Lower TP,1.0,20833.333333333332,ACTION,3618.457462403928,MonopileInstallation,MonopileInstallation,,40.0,
270,,WTIV,Bolt TP,4.0,83333.33333333333,ACTION,3622.457462403928,MonopileInstallation,MonopileInstallation,,40.0,
271,,WTIV,Jackdown,1.6666666666666667,34722.22222222222,ACTION,3624.1241290705943,MonopileInstallation,MonopileInstallation,,40.0,
272,,WTIV,Position Onsite,5.0,104166.66666666666,ACTION,3629.1241290705943,MonopileInstallation,,,,
273,,WTIV,Jackup,1.6666666666666667,34722.22222222222,ACTION,3630.790795737261,MonopileInstallation,MonopileInstallation,,40.0,
274,,WTIV,RovSurvey,1.0,20833.333333333332,ACTION,3631.790795737261,MonopileInstallation,MonopileInstallation,,40.0,
275,,WTIV,Release Monopile,10.0,208333.3333333333,ACTION,3641.790795737261,MonopileInstallation,,,,
276,,WTIV,Upend Monopile,0.8819573087220198,18374.110598375413,ACTION,3642.672753045983,MonopileInstallation,MonopileInstallation,,40.0,
277,,WTIV,Lower Monopile,0.005,104.16666666666666,ACTION,3642.677753045983,MonopileInstallation,MonopileInstallation,,40.0,
278,,WTIV,Crane Reequip,1.0,20833.333333333332,ACTION,3643.677753045983,MonopileInstallation,MonopileInstallation,,40.0,
279,,Feeder 1,Transit,37.11467868303137,115983.37088447304,ACTION,3644.3982264695155,MonopileInstallation,,,,
280,,WTIV,Drive Monopile,1.2,24999.999999999996,ACTION,3644.877753045983,MonopileInstallation,MonopileInstallation,,40.0,
281,,Feeder 1,Jackup,1.6666666666666667,5208.333333333334,ACTION,3646.064893136182,MonopileInstallation,MonopileInstallation,,,
282,,WTIV,Release Transition Piece,10.0,208333.3333333333,ACTION,3654.877753045983,MonopileInstallation,,,,
283,,Feeder 0,ActiveFeeder,107.59420525949872,336231.89143593353,ACTION,3654.877753045983,MonopileInstallation,,Site,,
284,,WTIV,Crane Reequip,1.0,20833.333333333332,ACTION,3655.877753045983,MonopileInstallation,MonopileInstallation,,40.0,
285,,Feeder 0,Jackdown,1.6666666666666667,5208.333333333334,ACTION,3656.5444197126494,MonopileInstallation,MonopileInstallation,,,
286,,WTIV,Lower TP,1.0,20833.333333333332,ACTION,3656.877753045983,MonopileInstallation,MonopileInstallation,,40.0,
287,,WTIV,Bolt TP,4.0,83333.33333333333,ACTION,3660.877753045983,MonopileInstallation,MonopileInstallation,,40.0,
288,,WTIV,Jackdown,1.6666666666666667,34722.22222222222,ACTION,3662.5444197126494,MonopileInstallation,MonopileInstallation,,40.0,
289,,Feeder 0,Transit,37.11467868303137,115983.37088447304,ACTION,3693.6590983956808,MonopileInstallation,,,,
290,,Feeder 1,Queue,47.59420525949872,148731.8914359335,ACTION,3693.6590983956808,MonopileInstallation,,Site,,
291,,WTIV,Delay: Not enough vessels for monopiles,31.114678683031343,648222.4725631529,ACTION,3693.6590983956808,MonopileInstallation,,Site,,
292,,WTIV,Position Onsite,5.0,104166.66666666666,ACTION,3698.6590983956808,MonopileInstallation,,,,
293,,WTIV,Jackup,1.6666666666666667,34722.22222222222,ACTION,3700.3257650623473,MonopileInstallation,MonopileInstallation,,40.0,
294,,WTIV,RovSurvey,1.0,20833.333333333332,ACTION,3701.3257650623473,MonopileInstallation,MonopileInstallation,,40.0,
295,,Feeder 0,Fasten Monopile,10.0,31250.0,ACTION,3703.6590983956808,MonopileInstallation,MonopileInstallation,,,
296,,WTIV,Delay,9.0,187500.0,ACTION,3710.3257650623473,MonopileInstallation,,,,
297,,WTIV,Release Monopile,10.0,208333.3333333333,ACTION,3720.3257650623473,MonopileInstallation,,,,
298,,WTIV,Upend Monopile,0.8819573087220198,18374.110598375413,ACTION,3721.2077223710694,MonopileInstallation,MonopileInstallation,,40.0,
299,,WTIV,Lower Monopile,0.005,104.16666666666666,ACTION,3721.2127223710695,MonopileInstallation,MonopileInstallation,,40.0,
300,,WTIV,Crane Reequip,1.0,20833.333333333332,ACTION,3722.2127223710695,MonopileInstallation,MonopileInstallation,,40.0,
301,,Feeder 0,Delay,19.0,59375.0,ACTION,3722.6590983956808,MonopileInstallation,MonopileInstallation,,,
302,,WTIV,Drive Monopile,1.2,24999.999999999996,ACTION,3723.4127223710693,MonopileInstallation,MonopileInstallation,,40.0,
303,,Feeder 0,Fasten Monopile,2.0,6250.0,ACTION,3724.6590983956808,MonopileInstallation,MonopileInstallation,,,
304,,Feeder 0,Fasten Transition Piece,8.0,25000.0,ACTION,3732.6590983956808,MonopileInstallation,MonopileInstallation,,,
305,,WTIV,Release Transition Piece,10.0,208333.3333333333,ACTION,3733.4127223710693,MonopileInstallation,,,,
306,,WTIV,Crane Reequip,1.0,20833.333333333332,ACTION,3734.4127223710693,MonopileInstallation,MonopileInstallation,,40.0,
307,,WTIV,Lower TP,1.0,20833.333333333332,ACTION,3735.4127223710693,MonopileInstallation,MonopileInstallation,,40.0,
308,,WTIV,Bolt TP,4.0,83333.33333333333,ACTION,3739.4127223710693,MonopileInstallation,MonopileInstallation,,40.0,
309,,WTIV,Jackdown,1.6666666666666667,34722.22222222222,ACTION,3741.079389037736,MonopileInstallation,MonopileInstallation,,40.0,
310,,Feeder 0,Fasten Monopile,12.0,37500.0,ACTION,3744.6590983956808,MonopileInstallation,MonopileInstallation,,,
311,,WTIV,Position Onsite,5.0,104166.66666666666,ACTION,3746.079389037736,MonopileInstallation,,,,
312,,WTIV,Jackup,1.6666666666666667,34722.22222222222,ACTION,3747.7460557044024,MonopileInstallation,MonopileInstallation,,40.0,
313,,WTIV,RovSurvey,1.0,20833.333333333332,ACTION,3748.7460557044024,MonopileInstallation,MonopileInstallation,,40.0,
314,,Feeder 0,Fasten Transition Piece,8.0,25000.0,ACTION,3752.6590983956808,MonopileInstallation,MonopileInstallation,,,
315,,WTIV,Release Monopile,10.0,208333.3333333333,ACTION,3758.7460557044024,MonopileInstallation,,,,
316,,WTIV,Upend Monopile,0.8819573087220198,18374.110598375413,ACTION,3759.6280130131245,MonopileInstallation,MonopileInstallation,,40.0,
317,,WTIV,Lower Monopile,0.005,104.16666666666666,ACTION,3759.6330130131246,MonopileInstallation,MonopileInstallation,,40.0,
318,,WTIV,Crane Reequip,1.0,20833.333333333332,ACTION,3760.6330130131246,MonopileInstallation,MonopileInstallation,,40.0,
319,,WTIV,Drive Monopile,1.2,24999.999999999996,ACTION,3761.8330130131244,MonopileInstallation,MonopileInstallation,,40.0,
320,,Feeder 0,Fasten Monopile,12.0,37500.0,ACTION,3764.6590983956808,MonopileInstallation,MonopileInstallation,,,
321,,WTIV,Release Transition Piece,10.0,208333.3333333333,ACTION,3771.8330130131244,MonopileInstallation,,,,
322,,Feeder 0,Fasten Transition Piece,8.0,25000.0,ACTION,3772.6590983956808,MonopileInstallation,MonopileInstallation,,,
323,,WTIV,Crane Reequip,1.0,20833.333333333332,ACTION,3772.8330130131244,MonopileInstallation,MonopileInstallation,,40.0,
324,,WTIV,Lower TP,1.0,20833.333333333332,ACTION,3773.8330130131244,MonopileInstallation,MonopileInstallation,,40.0,
325,,WTIV,Bolt TP,4.0,83333.33333333333,ACTION,3777.8330130131244,MonopileInstallation,MonopileInstallation,,40.0,
326,,WTIV,Jackdown,1.6666666666666667,34722.22222222222,ACTION,3779.499679679791,MonopileInstallation,MonopileInstallation,,40.0,
327,,WTIV,Position Onsite,5.0,104166.66666666666,ACTION,3784.499679679791,MonopileInstallation,,,,
328,,WTIV,Jackup,1.6666666666666667,34722.22222222222,ACTION,3786.1663463464574,MonopileInstallation,MonopileInstallation,,40.0,
329,,WTIV,RovSurvey,1.0,20833.333333333332,ACTION,3787.1663463464574,MonopileInstallation,MonopileInstallation,,40.0,
330,,WTIV,Release Monopile,10.0,208333.3333333333,ACTION,3797.1663463464574,MonopileInstallation,,,,
331,,WTIV,Upend Monopile,0.8819573087220198,18374.110598375413,ACTION,3798.0483036551796,MonopileInstallation,MonopileInstallation,,40.0,
332,,WTIV,Lower Monopile,0.005,104.16666666666666,ACTION,3798.0533036551797,MonopileInstallation,MonopileInstallation,,40.0,
333,,WTIV,Crane Reequip,1.0,20833.333333333332,ACTION,3799.0533036551797,MonopileInstallation,MonopileInstallation,,40.0,
334,,WTIV,Drive Monopile,1.2,24999.999999999996,ACTION,3800.2533036551795,MonopileInstallation,MonopileInstallation,,40.0,
335,,Feeder 0,Transit,37.11467868303137,115983.37088447304,ACTION,3809.773777078712,MonopileInstallation,,,,
336,,WTIV,Release Transition Piece,10.0,208333.3333333333,ACTION,3810.2533036551795,MonopileInstallation,,,,
337,,Feeder 1,ActiveFeeder,116.59420525949872,364356.89143593353,ACTION,3810.2533036551795,MonopileInstallation,,Site,,
338,,WTIV,Crane Reequip,1.0,20833.333333333332,ACTION,3811.2533036551795,MonopileInstallation,MonopileInstallation,,40.0,
339,,Feeder 0,Jackup,1.6666666666666667,5208.333333333334,ACTION,3811.4404437453786,MonopileInstallation,MonopileInstallation,,,
340,,Feeder 1,Jackdown,1.6666666666666667,5208.333333333334,ACTION,3811.919970321846,MonopileInstallation,MonopileInstallation,,,
341,,WTIV,Lower TP,1.0,20833.333333333332,ACTION,3812.2533036551795,MonopileInstallation,MonopileInstallation,,40.0,
342,,WTIV,Bolt TP,4.0,83333.33333333333,ACTION,3816.2533036551795,MonopileInstallation,MonopileInstallation,,40.0,
343,,WTIV,Jackdown,1.6666666666666667,34722.22222222222,ACTION,3817.919970321846,MonopileInstallation,MonopileInstallation,,40.0,
344,,Feeder 1,Transit,37.11467868303137,115983.37088447304,ACTION,3849.0346490048773,MonopileInstallation,,,,
345,,Feeder 0,Queue,37.59420525949872,117481.8914359335,ACTION,3849.0346490048773,MonopileInstallation,,Site,,
346,,WTIV,Delay: Not enough vessels for monopiles,31.114678683031343,648222.4725631529,ACTION,3849.0346490048773,MonopileInstallation,,Site,,
347,,WTIV,Position Onsite,5.0,104166.66666666666,ACTION,3854.0346490048773,MonopileInstallation,,,,
348,,WTIV,Jackup,1.6666666666666667,34722.22222222222,ACTION,3855.701315671544,MonopileInstallation,MonopileInstallation,,40.0,
349,,WTIV,RovSurvey,1.0,20833.333333333332,ACTION,3856.701315671544,MonopileInstallation,MonopileInstallation,,40.0,
350,,Feeder 1,Fasten Monopile,12.0,37500.0,ACTION,3861.0346490048773,MonopileInstallation,MonopileInstallation,,,
351,,WTIV,Release Monopile,10.0,208333.3333333333,ACTION,3866.701315671544,MonopileInstallation,,,,
352,,WTIV,Upend Monopile,0.8819573087220198,18374.110598375413,ACTION,3867.583272980266,MonopileInstallation,MonopileInstallation,,40.0,
353,,WTIV,Lower Monopile,0.005,104.16666666666666,ACTION,3867.588272980266,MonopileInstallation,MonopileInstallation,,40.0,
354,,WTIV,Crane Reequip,1.0,20833.333333333332,ACTION,3868.588272980266,MonopileInstallation,MonopileInstallation,,40.0,
355,,Feeder 1,Fasten Transition Piece,8.0,25000.0,ACTION,3869.0346490048773,MonopileInstallation,MonopileInstallation,,,
356,,WTIV,Drive Monopile,1.2,24999.999999999996,ACTION,3869.788272980266,MonopileInstallation,MonopileInstallation,,40.0,
357,,WTIV,Release Transition Piece,10.0,208333.3333333333,ACTION,3879.788272980266,MonopileInstallation,,,,
358,,WTIV,Crane Reequip,1.0,20833.333333333332,ACTION,3880.788272980266,MonopileInstallation,MonopileInstallation,,40.0,
359,,Feeder 1,Fasten Monopile,12.0,37500.0,ACTION,3881.0346490048773,MonopileInstallation,MonopileInstallation,,,
360,,WTIV,Lower TP,1.0,20833.333333333332,ACTION,3881.788272980266,MonopileInstallation,MonopileInstallation,,40.0,
361,,WTIV,Bolt TP,4.0,83333.33333333333,ACTION,3885.788272980266,MonopileInstallation,MonopileInstallation,,40.0,
362,,WTIV,Jackdown,1.6666666666666667,34722.22222222222,ACTION,3887.4549396469324,MonopileInstallation,MonopileInstallation,,40.0,
363,,Feeder 1,Fasten Transition Piece,8.0,25000.0,ACTION,3889.0346490048773,MonopileInstallation,MonopileInstallation,,,
364,,WTIV,Position Onsite,5.0,104166.66666666666,ACTION,3892.4549396469324,MonopileInstallation,,,,
365,,WTIV,Jackup,1.6666666666666667,34722.22222222222,ACTION,3894.121606313599,MonopileInstallation,MonopileInstallation,,40.0,
366,,WTIV,RovSurvey,1.0,20833.333333333332,ACTION,3895.121606313599,MonopileInstallation,MonopileInstallation,,40.0,
367,,Feeder 1,Fasten Monopile,12.0,37500.0,ACTION,3901.0346490048773,MonopileInstallation,MonopileInstallation,,,
368,,WTIV,Release Monopile,10.0,208333.3333333333,ACTION,3905.121606313599,MonopileInstallation,,,,
369,,WTIV,Upend Monopile,0.8819573087220198,18374.110598375413,ACTION,3906.003563622321,MonopileInstallation,MonopileInstallation,,40.0,
370,,WTIV,Lower Monopile,0.005,104.16666666666666,ACTION,3906.008563622321,MonopileInstallation,MonopileInstallation,,40.0,
371,,WTIV,Crane Reequip,1.0,20833.333333333332,ACTION,3907.008563622321,MonopileInstallation,MonopileInstallation,,40.0,
372,,WTIV,Drive Monopile,1.2,24999.999999999996,ACTION,3908.208563622321,MonopileInstallation,MonopileInstallation,,40.0,
373,,Feeder 1,Fasten Transition Piece,8.0,25000.0,ACTION,3909.0346490048773,MonopileInstallation,MonopileInstallation,,,
374,,WTIV,Release Transition Piece,10.0,208333.3333333333,ACTION,3918.208563622321,MonopileInstallation,,,,
375,,WTIV,Crane Reequip,1.0,20833.333333333332,ACTION,3919.208563622321,MonopileInstallation,MonopileInstallation,,40.0,
376,,WTIV,Lower TP,1.0,20833.333333333332,ACTION,3920.208563622321,MonopileInstallation,MonopileInstallation,,40.0,
377,,WTIV,Bolt TP,4.0,83333.33333333333,ACTION,3924.208563622321,MonopileInstallation,MonopileInstallation,,40.0,
378,,WTIV,Jackdown,1.6666666666666667,34722.22222222222,ACTION,3925.8752302889875,MonopileInstallation,MonopileInstallation,,40.0,
379,,WTIV,Position Onsite,5.0,104166.66666666666,ACTION,3930.8752302889875,MonopileInstallation,,,,
380,,WTIV,Jackup,1.6666666666666667,34722.22222222222,ACTION,3932.541896955654,MonopileInstallation,MonopileInstallation,,40.0,
381,,WTIV,RovSurvey,1.0,20833.333333333332,ACTION,3933.541896955654,MonopileInstallation,MonopileInstallation,,40.0,
382,,WTIV,Release Monopile,10.0,208333.3333333333,ACTION,3943.541896955654,MonopileInstallation,,,,
383,,WTIV,Upend Monopile,0.8819573087220198,18374.110598375413,ACTION,3944.423854264376,MonopileInstallation,MonopileInstallation,,40.0,
384,,WTIV,Lower Monopile,0.005,104.16666666666666,ACTION,3944.4288542643762,MonopileInstallation,MonopileInstallation,,40.0,
385,,WTIV,Crane Reequip,1.0,20833.333333333332,ACTION,3945.4288542643762,MonopileInstallation,MonopileInstallation,,40.0,
386,,Feeder 1,Transit,37.11467868303137,115983.37088447304,ACTION,3946.1493276879087,MonopileInstallation,,,,
387,,WTIV,Drive Monopile,1.2,24999.999999999996,ACTION,3946.628854264376,MonopileInstallation,MonopileInstallation,,40.0,
388,,Feeder 1,Jackup,1.6666666666666667,5208.333333333334,ACTION,3947.815994354575,MonopileInstallation,MonopileInstallation,,,
389,,WTIV,Release Transition Piece,10.0,208333.3333333333,ACTION,3956.628854264376,MonopileInstallation,,,,
390,,Feeder 0,ActiveFeeder,107.59420525949872,336231.89143593353,ACTION,3956.628854264376,MonopileInstallation,,Site,,
391,,WTIV,Crane Reequip,1.0,20833.333333333332,ACTION,3957.628854264376,MonopileInstallation,MonopileInstallation,,40.0,
392,,Feeder 0,Jackdown,1.6666666666666667,5208.333333333334,ACTION,3958.2955209310426,MonopileInstallation,MonopileInstallation,,,
393,,WTIV,Lower TP,1.0,20833.333333333332,ACTION,3958.628854264376,MonopileInstallation,MonopileInstallation,,40.0,
394,,WTIV,Bolt TP,4.0,83333.33333333333,ACTION,3962.628854264376,MonopileInstallation,MonopileInstallation,,40.0,
395,,WTIV,Jackdown,1.6666666666666667,34722.22222222222,ACTION,3964.2955209310426,MonopileInstallation,MonopileInstallation,,40.0,
396,,Feeder 0,Transit,37.11467868303137,115983.37088447304,ACTION,3995.410199614074,MonopileInstallation,,,,
397,,Feeder 1,Queue,47.59420525949872,148731.8914359335,ACTION,3995.410199614074,MonopileInstallation,,Site,,
398,,WTIV,Delay: Not enough vessels for monopiles,31.114678683031343,648222.4725631529,ACTION,3995.410199614074,MonopileInstallation,,Site,,
399,,WTIV,Position Onsite,5.0,104166.66666666666,ACTION,4000.410199614074,MonopileInstallation,,,,
400,,WTIV,Jackup,1.6666666666666667,34722.22222222222,ACTION,4002.0768662807404,MonopileInstallation,MonopileInstallation,,40.0,
401,,WTIV,RovSurvey,1.0,20833.333333333332,ACTION,4003.0768662807404,MonopileInstallation,MonopileInstallation,,40.0,
402,,Feeder 0,Fasten Monopile,12.0,37500.0,ACTION,4007.410199614074,MonopileInstallation,MonopileInstallation,,,
403,,WTIV,Release Monopile,10.0,208333.3333333333,ACTION,4013.0768662807404,MonopileInstallation,,,,
404,,WTIV,Upend Monopile,0.8819573087220198,18374.110598375413,ACTION,4013.9588235894626,MonopileInstallation,MonopileInstallation,,40.0,
405,,WTIV,Lower Monopile,0.005,104.16666666666666,ACTION,4013.9638235894627,MonopileInstallation,MonopileInstallation,,40.0,
406,,WTIV,Crane Reequip,1.0,20833.333333333332,ACTION,4014.9638235894627,MonopileInstallation,MonopileInstallation,,40.0,
407,,Feeder 0,Fasten Transition Piece,8.0,25000.0,ACTION,4015.410199614074,MonopileInstallation,MonopileInstallation,,,
408,,WTIV,Drive Monopile,1.2,24999.999999999996,ACTION,4016.1638235894625,MonopileInstallation,MonopileInstallation,,40.0,
409,,WTIV,Release Transition Piece,10.0,208333.3333333333,ACTION,4026.1638235894625,MonopileInstallation,,,,
410,,WTIV,Crane Reequip,1.0,20833.333333333332,ACTION,4027.1638235894625,MonopileInstallation,MonopileInstallation,,40.0,
411,,Feeder 0,Fasten Monopile,12.0,37500.0,ACTION,4027.410199614074,MonopileInstallation,MonopileInstallation,,,
412,,WTIV,Lower TP,1.0,20833.333333333332,ACTION,4028.1638235894625,MonopileInstallation,MonopileInstallation,,40.0,
413,,WTIV,Bolt TP,4.0,83333.33333333333,ACTION,4032.1638235894625,MonopileInstallation,MonopileInstallation,,40.0,
414,,WTIV,Jackdown,1.6666666666666667,34722.22222222222,ACTION,4033.830490256129,MonopileInstallation,MonopileInstallation,,40.0,
415,,Feeder 0,Fasten Transition Piece,8.0,25000.0,ACTION,4035.410199614074,MonopileInstallation,MonopileInstallation,,,
416,,WTIV,Position Onsite,5.0,104166.66666666666,ACTION,4038.830490256129,MonopileInstallation,,,,
417,,WTIV,Jackup,1.6666666666666667,34722.22222222222,ACTION,4040.4971569227955,MonopileInstallation,MonopileInstallation,,40.0,
418,,WTIV,RovSurvey,1.0,20833.333333333332,ACTION,4041.4971569227955,MonopileInstallation,MonopileInstallation,,40.0,
419,,Feeder 0,Fasten Monopile,12.0,37500.0,ACTION,4047.410199614074,MonopileInstallation,MonopileInstallation,,,
420,,WTIV,Release Monopile,10.0,208333.3333333333,ACTION,4051.4971569227955,MonopileInstallation,,,,
421,,WTIV,Upend Monopile,0.8819573087220198,18374.110598375413,ACTION,4052.3791142315176,MonopileInstallation,MonopileInstallation,,40.0,
422,,WTIV,Lower Monopile,0.005,104.16666666666666,ACTION,4052.3841142315177,MonopileInstallation,MonopileInstallation,,40.0,
423,,WTIV,Crane Reequip,1.0,20833.333333333332,ACTION,4053.3841142315177,MonopileInstallation,MonopileInstallation,,40.0,
424,,WTIV,Drive Monopile,1.2,24999.999999999996,ACTION,4054.5841142315176,MonopileInstallation,MonopileInstallation,,40.0,
425,,Feeder 0,Fasten Transition Piece,8.0,25000.0,ACTION,4055.410199614074,MonopileInstallation,MonopileInstallation,,,
426,,WTIV,Release Transition Piece,10.0,208333.3333333333,ACTION,4064.5841142315176,MonopileInstallation,,,,
427,,WTIV,Crane Reequip,1.0,20833.333333333332,ACTION,4065.5841142315176,MonopileInstallation,MonopileInstallation,,40.0,
428,,WTIV,Lower TP,1.0,20833.333333333332,ACTION,4066.5841142315176,MonopileInstallation,MonopileInstallation,,40.0,
429,,WTIV,Bolt TP,4.0,83333.33333333333,ACTION,4070.5841142315176,MonopileInstallation,MonopileInstallation,,40.0,
430,,WTIV,Jackdown,1.6666666666666667,34722.22222222222,ACTION,4072.250780898184,MonopileInstallation,MonopileInstallation,,40.0,
431,,WTIV,Position Onsite,5.0,104166.66666666666,ACTION,4077.250780898184,MonopileInstallation,,,,
432,,WTIV,Jackup,1.6666666666666667,34722.22222222222,ACTION,4078.9174475648506,MonopileInstallation,MonopileInstallation,,40.0,
433,,WTIV,RovSurvey,1.0,20833.333333333332,ACTION,4079.9174475648506,MonopileInstallation,MonopileInstallation,,40.0,
434,,WTIV,Release Monopile,10.0,208333.3333333333,ACTION,4089.9174475648506,MonopileInstallation,,,,
435,,WTIV,Upend Monopile,0.8819573087220198,18374.110598375413,ACTION,4090.7994048735727,MonopileInstallation,MonopileInstallation,,40.0,
436,,WTIV,Lower Monopile,0.005,104.16666666666666,ACTION,4090.804404873573,MonopileInstallation,MonopileInstallation,,40.0,
437,,WTIV,Crane Reequip,1.0,20833.333333333332,ACTION,4091.804404873573,MonopileInstallation,MonopileInstallation,,40.0,
438,,Feeder 0,Transit,37.11467868303137,115983.37088447304,ACTION,4092.5248782971053,MonopileInstallation,,,,
439,,WTIV,Drive Monopile,1.2,24999.999999999996,ACTION,4093.0044048735726,MonopileInstallation,MonopileInstallation,,40.0,
440,,Feeder 0,Jackup,1.6666666666666667,5208.333333333334,ACTION,4094.191544963772,MonopileInstallation,MonopileInstallation,,,
441,,WTIV,Release Transition Piece,10.0,208333.3333333333,ACTION,4103.004404873573,MonopileInstallation,,,,
442,,Feeder 1,ActiveFeeder,107.59420525949872,336231.89143593353,ACTION,4103.004404873573,MonopileInstallation,,Site,,
443,,WTIV,Crane Reequip,1.0,20833.333333333332,ACTION,4104.004404873573,MonopileInstallation,MonopileInstallation,,40.0,
444,,Feeder 1,Jackdown,1.6666666666666667,5208.333333333334,ACTION,4104.67107154024,MonopileInstallation,MonopileInstallation,,,
445,,WTIV,Lower TP,1.0,20833.333333333332,ACTION,4105.004404873573,MonopileInstallation,MonopileInstallation,,40.0,
446,,WTIV,Bolt TP,4.0,83333.33333333333,ACTION,4109.004404873573,MonopileInstallation,MonopileInstallation,,40.0,
447,,WTIV,Jackdown,1.6666666666666667,34722.22222222222,ACTION,4110.67107154024,MonopileInstallation,MonopileInstallation,,40.0,
448,,Feeder 1,Transit,37.11467868303137,115983.37088447304,ACTION,4141.785750223271,MonopileInstallation,,,,
449,,Feeder 0,Queue,47.59420525949918,148731.89143593493,ACTION,4141.785750223271,MonopileInstallation,,Site,,
450,,WTIV,Delay: Not enough vessels for monopiles,31.114678683031343,648222.4725631529,ACTION,4141.785750223271,MonopileInstallation,,Site,,
451,,WTIV,Position Onsite,5.0,104166.66666666666,ACTION,4146.785750223271,MonopileInstallation,,,,
452,,WTIV,Jackup,1.6666666666666667,34722.22222222222,ACTION,4148.452416889938,MonopileInstallation,MonopileInstallation,,40.0,
453,,WTIV,RovSurvey,1.0,20833.333333333332,ACTION,4149.452416889938,MonopileInstallation,MonopileInstallation,,40.0,
454,,Feeder 1,Fasten Monopile,12.0,37500.0,ACTION,4153.785750223271,MonopileInstallation,MonopileInstallation,,,
455,,WTIV,Release Monopile,10.0,208333.3333333333,ACTION,4159.452416889938,MonopileInstallation,,,,
456,,WTIV,Upend Monopile,0.8819573087220198,18374.110598375413,ACTION,4160.33437419866,MonopileInstallation,MonopileInstallation,,40.0,
457,,WTIV,Lower Monopile,0.005,104.16666666666666,ACTION,4160.33937419866,MonopileInstallation,MonopileInstallation,,40.0,
458,,WTIV,Crane Reequip,1.0,20833.333333333332,ACTION,4161.33937419866,MonopileInstallation,MonopileInstallation,,40.0,
459,,Feeder 1,Fasten Transition Piece,8.0,25000.0,ACTION,4161.785750223271,MonopileInstallation,MonopileInstallation,,,
460,,WTIV,Drive Monopile,1.2,24999.999999999996,ACTION,4162.53937419866,MonopileInstallation,MonopileInstallation,,40.0,
461,,WTIV,Release Transition Piece,10.0,208333.3333333333,ACTION,4172.53937419866,MonopileInstallation,,,,
462,,WTIV,Crane Reequip,1.0,20833.333333333332,ACTION,4173.53937419866,MonopileInstallation,MonopileInstallation,,40.0,
463,,Feeder 1,Fasten Monopile,12.0,37500.0,ACTION,4173.785750223271,MonopileInstallation,MonopileInstallation,,,
464,,WTIV,Lower TP,1.0,20833.333333333332,ACTION,4174.53937419866,MonopileInstallation,MonopileInstallation,,40.0,
465,,WTIV,Bolt TP,4.0,83333.33333333333,ACTION,4178.53937419866,MonopileInstallation,MonopileInstallation,,40.0,
466,,WTIV,Jackdown,1.6666666666666667,34722.22222222222,ACTION,4180.206040865327,MonopileInstallation,MonopileInstallation,,40.0,
467,,Feeder 1,Fasten Transition Piece,8.0,25000.0,ACTION,4181.785750223271,MonopileInstallation,MonopileInstallation,,,
468,,WTIV,Position Onsite,5.0,104166.66666666666,ACTION,4185.206040865327,MonopileInstallation,,,,
469,,WTIV,Jackup,1.6666666666666667,34722.22222222222,ACTION,4186.872707531994,MonopileInstallation,MonopileInstallation,,40.0,
470,,WTIV,RovSurvey,1.0,20833.333333333332,ACTION,4187.872707531994,MonopileInstallation,MonopileInstallation,,40.0,
471,,Feeder 1,Fasten Monopile,12.0,37500.0,ACTION,4193.785750223271,MonopileInstallation,MonopileInstallation,,,
472,,WTIV,Release Monopile,10.0,208333.3333333333,ACTION,4197.872707531994,MonopileInstallation,,,,
473,,WTIV,Upend Monopile,0.8819573087220198,18374.110598375413,ACTION,4198.754664840716,MonopileInstallation,MonopileInstallation,,40.0,
474,,WTIV,Lower Monopile,0.005,104.16666666666666,ACTION,4198.759664840716,MonopileInstallation,MonopileInstallation,,40.0,
475,,WTIV,Crane Reequip,1.0,20833.333333333332,ACTION,4199.759664840716,MonopileInstallation,MonopileInstallation,,40.0,
476,,WTIV,Drive Monopile,1.2,24999.999999999996,ACTION,4200.959664840716,MonopileInstallation,MonopileInstallation,,40.0,
477,,Feeder 1,Fasten Transition Piece,8.0,25000.0,ACTION,4201.785750223271,MonopileInstallation,MonopileInstallation,,,
478,,WTIV,Release Transition Piece,10.0,208333.3333333333,ACTION,4210.959664840716,MonopileInstallation,,,,
479,,WTIV,Crane Reequip,1.0,20833.333333333332,ACTION,4211.959664840716,MonopileInstallation,MonopileInstallation,,40.0,
480,,WTIV,Lower TP,1.0,20833.333333333332,ACTION,4212.959664840716,MonopileInstallation,MonopileInstallation,,40.0,
481,,WTIV,Bolt TP,4.0,83333.33333333333,ACTION,4216.959664840716,MonopileInstallation,MonopileInstallation,,40.0,
482,,WTIV,Jackdown,1.6666666666666667,34722.22222222222,ACTION,4218.626331507383,MonopileInstallation,MonopileInstallation,,40.0,
483,,WTIV,Position Onsite,5.0,104166.66666666666,ACTION,4223.626331507383,MonopileInstallation,,,,
484,,WTIV,Jackup,1.6666666666666667,34722.22222222222,ACTION,4225.29299817405,MonopileInstallation,MonopileInstallation,,40.0,
485,,WTIV,RovSurvey,1.0,20833.333333333332,ACTION,4226.29299817405,MonopileInstallation,MonopileInstallation,,40.0,
486,,WTIV,Release Monopile,10.0,208333.3333333333,ACTION,4236.29299817405,MonopileInstallation,,,,
487,,WTIV,Upend Monopile,0.8819573087220198,18374.110598375413,ACTION,4237.174955482772,MonopileInstallation,MonopileInstallation,,40.0,
488,,WTIV,Lower Monopile,0.005,104.16666666666666,ACTION,4237.179955482772,MonopileInstallation,MonopileInstallation,,40.0,
489,,WTIV,Crane Reequip,1.0,20833.333333333332,ACTION,4238.179955482772,MonopileInstallation,MonopileInstallation,,40.0,
490,,Feeder 1,Transit,37.11467868303137,115983.37088447304,ACTION,4238.900428906302,MonopileInstallation,,,,
491,,WTIV,Drive Monopile,1.2,24999.999999999996,ACTION,4239.379955482772,MonopileInstallation,MonopileInstallation,,40.0,
492,,Feeder 1,Jackup,1.6666666666666667,5208.333333333334,ACTION,4240.567095572969,MonopileInstallation,MonopileInstallation,,,
493,,WTIV,Release Transition Piece,10.0,208333.3333333333,ACTION,4249.379955482772,MonopileInstallation,,,,
494,,Feeder 0,ActiveFeeder,107.594205259501,336231.89143594063,ACTION,4249.379955482772,MonopileInstallation,,Site,,
495,,WTIV,Crane Reequip,1.0,20833.333333333332,ACTION,4250.379955482772,MonopileInstallation,MonopileInstallation,,40.0,
496,,Feeder 0,Jackdown,1.6666666666666667,5208.333333333334,ACTION,4251.046622149439,MonopileInstallation,MonopileInstallation,,,
497,,WTIV,Lower TP,1.0,20833.333333333332,ACTION,4251.379955482772,MonopileInstallation,MonopileInstallation,,40.0,
498,,WTIV,Bolt TP,4.0,83333.33333333333,ACTION,4255.379955482772,MonopileInstallation,MonopileInstallation,,40.0,
499,,WTIV,Jackdown,1.6666666666666667,34722.22222222222,ACTION,4257.046622149439,MonopileInstallation,MonopileInstallation,,40.0,
500,,Feeder 0,Delay,37.0,115625.0,ACTION,4288.046622149439,MonopileInstallation,,,,
501,,Feeder 0,Transit,37.11467868303137,115983.37088447304,ACTION,4325.16130083247,MonopileInstallation,,,,
502,,Feeder 1,Queue,84.594205259501,264356.89143594063,ACTION,4325.16130083247,MonopileInstallation,,Site,,
503,,WTIV,Delay: Not enough vessels for monopiles,68.11467868303134,1419055.8058964862,ACTION,4325.16130083247,MonopileInstallation,,Site,,
504,,WTIV,Position Onsite,5.0,104166.66666666666,ACTION,4330.16130083247,MonopileInstallation,,,,
505,,WTIV,Jackup,1.6666666666666667,34722.22222222222,ACTION,4331.827967499137,MonopileInstallation,MonopileInstallation,,40.0,
506,,WTIV,RovSurvey,1.0,20833.333333333332,ACTION,4332.827967499137,MonopileInstallation,MonopileInstallation,,40.0,
507,,Feeder 0,Fasten Monopile,12.0,37500.0,ACTION,4337.16130083247,MonopileInstallation,MonopileInstallation,,,
508,,WTIV,Release Monopile,10.0,208333.3333333333,ACTION,4342.827967499137,MonopileInstallation,,,,
509,,WTIV,Upend Monopile,0.8819573087220198,18374.110598375413,ACTION,4343.709924807859,MonopileInstallation,MonopileInstallation,,40.0,
510,,WTIV,Lower Monopile,0.005,104.16666666666666,ACTION,4343.7149248078595,MonopileInstallation,MonopileInstallation,,40.0,
511,,WTIV,Crane Reequip,1.0,20833.333333333332,ACTION,4344.7149248078595,MonopileInstallation,MonopileInstallation,,40.0,
512,,Feeder 0,Fasten Transition Piece,8.0,25000.0,ACTION,4345.16130083247,MonopileInstallation,MonopileInstallation,,,
513,,WTIV,Drive Monopile,1.2,24999.999999999996,ACTION,4345.914924807859,MonopileInstallation,MonopileInstallation,,40.0,
514,,WTIV,Release Transition Piece,10.0,208333.3333333333,ACTION,4355.914924807859,MonopileInstallation,,,,
515,,WTIV,Crane Reequip,1.0,20833.333333333332,ACTION,4356.914924807859,MonopileInstallation,MonopileInstallation,,40.0,
516,,Feeder 0,Fasten Monopile,12.0,37500.0,ACTION,4357.16130083247,MonopileInstallation,MonopileInstallation,,,
517,,WTIV,Lower TP,1.0,20833.333333333332,ACTION,4357.914924807859,MonopileInstallation,MonopileInstallation,,40.0,
518,,WTIV,Bolt TP,4.0,83333.33333333333,ACTION,4361.914924807859,MonopileInstallation,MonopileInstallation,,40.0,
519,,WTIV,Jackdown,1.6666666666666667,34722.22222222222,ACTION,4363.581591474526,MonopileInstallation,MonopileInstallation,,40.0,
520,,Feeder 0,Fasten Transition Piece,8.0,25000.0,ACTION,4365.16130083247,MonopileInstallation,MonopileInstallation,,,
521,,WTIV,Position Onsite,5.0,104166.66666666666,ACTION,4368.581591474526,MonopileInstallation,,,,
522,,WTIV,Jackup,1.6666666666666667,34722.22222222222,ACTION,4370.248258141193,MonopileInstallation,MonopileInstallation,,40.0,
523,,WTIV,RovSurvey,1.0,20833.333333333332,ACTION,4371.248258141193,MonopileInstallation,MonopileInstallation,,40.0,
524,,Feeder 0,Fasten Monopile,12.0,37500.0,ACTION,4377.16130083247,MonopileInstallation,MonopileInstallation,,,
525,,WTIV,Release Monopile,10.0,208333.3333333333,ACTION,4381.248258141193,MonopileInstallation,,,,
526,,WTIV,Upend Monopile,0.8819573087220198,18374.110598375413,ACTION,4382.130215449915,MonopileInstallation,MonopileInstallation,,40.0,
527,,WTIV,Lower Monopile,0.005,104.16666666666666,ACTION,4382.135215449915,MonopileInstallation,MonopileInstallation,,40.0,
528,,WTIV,Crane Reequip,1.0,20833.333333333332,ACTION,4383.135215449915,MonopileInstallation,MonopileInstallation,,40.0,
529,,WTIV,Drive Monopile,1.2,24999.999999999996,ACTION,4384.335215449915,MonopileInstallation,MonopileInstallation,,40.0,
530,,Feeder 0,Fasten Transition Piece,8.0,25000.0,ACTION,4385.16130083247,MonopileInstallation,MonopileInstallation,,,
531,,WTIV,Release Transition Piece,10.0,208333.3333333333,ACTION,4394.335215449915,MonopileInstallation,,,,
532,,WTIV,Crane Reequip,1.0,20833.333333333332,ACTION,4395.335215449915,MonopileInstallation,MonopileInstallation,,40.0,
533,,WTIV,Lower TP,1.0,20833.333333333332,ACTION,4396.335215449915,MonopileInstallation,MonopileInstallation,,40.0,
534,,WTIV,Bolt TP,4.0,83333.33333333333,ACTION,4400.335215449915,MonopileInstallation,MonopileInstallation,,40.0,
535,,WTIV,Jackdown,1.6666666666666667,34722.22222222222,ACTION,4402.001882116582,MonopileInstallation,MonopileInstallation,,40.0,
536,,WTIV,Position Onsite,5.0,104166.66666666666,ACTION,4407.001882116582,MonopileInstallation,,,,
537,,WTIV,Jackup,1.6666666666666667,34722.22222222222,ACTION,4408.668548783249,MonopileInstallation,MonopileInstallation,,40.0,
538,,WTIV,RovSurvey,1.0,20833.333333333332,ACTION,4409.668548783249,MonopileInstallation,MonopileInstallation,,40.0,
539,,WTIV,Release Monopile,10.0,208333.3333333333,ACTION,4419.668548783249,MonopileInstallation,,,,
540,,WTIV,Upend Monopile,0.8819573087220198,18374.110598375413,ACTION,4420.550506091971,MonopileInstallation,MonopileInstallation,,40.0,
541,,WTIV,Lower Monopile,0.005,104.16666666666666,ACTION,4420.555506091971,MonopileInstallation,MonopileInstallation,,40.0,
542,,WTIV,Crane Reequip,1.0,20833.333333333332,ACTION,4421.555506091971,MonopileInstallation,MonopileInstallation,,40.0,
543,,Feeder 0,Transit,37.11467868303137,115983.37088447304,ACTION,4422.275979515502,MonopileInstallation,,,,
544,,WTIV,Drive Monopile,1.2,24999.999999999996,ACTION,4422.755506091971,MonopileInstallation,MonopileInstallation,,40.0,
545,,Feeder 0,Jackup,1.6666666666666667,5208.333333333334,ACTION,4423.942646182169,MonopileInstallation,MonopileInstallation,,,
546,,WTIV,Release Transition Piece,10.0,208333.3333333333,ACTION,4432.755506091971,MonopileInstallation,,,,
547,,Feeder 1,ActiveFeeder,107.594205259501,336231.89143594063,ACTION,4432.755506091971,MonopileInstallation,,Site,,
548,,WTIV,Crane Reequip,1.0,20833.333333333332,ACTION,4433.755506091971,MonopileInstallation,MonopileInstallation,,40.0,
549,,Feeder 1,Jackdown,1.6666666666666667,5208.333333333334,ACTION,4434.422172758638,MonopileInstallation,MonopileInstallation,,,
550,,WTIV,Lower TP,1.0,20833.333333333332,ACTION,4434.755506091971,MonopileInstallation,MonopileInstallation,,40.0,
551,,WTIV,Bolt TP,4.0,83333.33333333333,ACTION,4438.755506091971,MonopileInstallation,MonopileInstallation,,40.0,
552,,WTIV,Jackdown,1.6666666666666667,34722.22222222222,ACTION,4440.422172758638,MonopileInstallation,MonopileInstallation,,40.0,
553,,Feeder 1,Transit,37.11467868303137,115983.37088447304,ACTION,4471.53685144167,MonopileInstallation,,,,
554,,Feeder 0,Queue,47.594205259500995,148731.8914359406,ACTION,4471.53685144167,MonopileInstallation,,Site,,
555,,WTIV,Delay: Not enough vessels for monopiles,31.114678683031343,648222.4725631529,ACTION,4471.53685144167,MonopileInstallation,,Site,,
556,,WTIV,Position Onsite,5.0,104166.66666666666,ACTION,4476.53685144167,MonopileInstallation,,,,
557,,WTIV,Jackup,1.6666666666666667,34722.22222222222,ACTION,4478.2035181083365,MonopileInstallation,MonopileInstallation,,40.0,
558,,WTIV,RovSurvey,1.0,20833.333333333332,ACTION,4479.2035181083365,MonopileInstallation,MonopileInstallation,,40.0,
559,,Feeder 1,Fasten Monopile,12.0,37500.0,ACTION,4483.53685144167,MonopileInstallation,MonopileInstallation,,,
560,,WTIV,Release Monopile,10.0,208333.3333333333,ACTION,4489.2035181083365,MonopileInstallation,,,,
561,,WTIV,Upend Monopile,0.8819573087220198,18374.110598375413,ACTION,4490.085475417059,MonopileInstallation,MonopileInstallation,,40.0,
562,,WTIV,Lower Monopile,0.005,104.16666666666666,ACTION,4490.090475417059,MonopileInstallation,MonopileInstallation,,40.0,
563,,WTIV,Crane Reequip,1.0,20833.333333333332,ACTION,4491.090475417059,MonopileInstallation,MonopileInstallation,,40.0,
564,,Feeder 1,Fasten Transition Piece,8.0,25000.0,ACTION,4491.53685144167,MonopileInstallation,MonopileInstallation,,,
565,,WTIV,Drive Monopile,1.2,24999.999999999996,ACTION,4492.290475417059,MonopileInstallation,MonopileInstallation,,40.0,
566,,WTIV,Release Transition Piece,10.0,208333.3333333333,ACTION,4502.290475417059,MonopileInstallation,,,,
567,,WTIV,Crane Reequip,1.0,20833.333333333332,ACTION,4503.290475417059,MonopileInstallation,MonopileInstallation,,40.0,
568,,Feeder 1,Fasten Monopile,12.0,37500.0,ACTION,4503.53685144167,MonopileInstallation,MonopileInstallation,,,
569,,WTIV,Lower TP,1.0,20833.333333333332,ACTION,4504.290475417059,MonopileInstallation,MonopileInstallation,,40.0,
570,,WTIV,Bolt TP,4.0,83333.33333333333,ACTION,4508.290475417059,MonopileInstallation,MonopileInstallation,,40.0,
571,,WTIV,Jackdown,1.6666666666666667,34722.22222222222,ACTION,4509.957142083726,MonopileInstallation,MonopileInstallation,,40.0,
572,,Feeder 1,Fasten Transition Piece,8.0,25000.0,ACTION,4511.53685144167,MonopileInstallation,MonopileInstallation,,,
573,,WTIV,Position Onsite,5.0,104166.66666666666,ACTION,4514.957142083726,MonopileInstallation,,,,
574,,WTIV,Jackup,1.6666666666666667,34722.22222222222,ACTION,4516.6238087503925,MonopileInstallation,MonopileInstallation,,40.0,
575,,WTIV,RovSurvey,1.0,20833.333333333332,ACTION,4517.6238087503925,MonopileInstallation,MonopileInstallation,,40.0,
576,,Feeder 1,Fasten Monopile,12.0,37500.0,ACTION,4523.53685144167,MonopileInstallation,MonopileInstallation,,,
577,,WTIV,Release Monopile,10.0,208333.3333333333,ACTION,4527.6238087503925,MonopileInstallation,,,,
578,,WTIV,Upend Monopile,0.8819573087220198,18374.110598375413,ACTION,4528.505766059115,MonopileInstallation,MonopileInstallation,,40.0,
579,,WTIV,Lower Monopile,0.005,104.16666666666666,ACTION,4528.510766059115,MonopileInstallation,MonopileInstallation,,40.0,
580,,WTIV,Crane Reequip,1.0,20833.333333333332,ACTION,4529.510766059115,MonopileInstallation,MonopileInstallation,,40.0,
581,,WTIV,Drive Monopile,1.2,24999.999999999996,ACTION,4530.710766059115,MonopileInstallation,MonopileInstallation,,40.0,
582,,Feeder 1,Fasten Transition Piece,8.0,25000.0,ACTION,4531.53685144167,MonopileInstallation,MonopileInstallation,,,
583,,WTIV,Release Transition Piece,10.0,208333.3333333333,ACTION,4540.710766059115,MonopileInstallation,,,,
584,,WTIV,Crane Reequip,1.0,20833.333333333332,ACTION,4541.710766059115,MonopileInstallation,MonopileInstallation,,40.0,
585,,WTIV,Lower TP,1.0,20833.333333333332,ACTION,4542.710766059115,MonopileInstallation,MonopileInstallation,,40.0,
586,,WTIV,Bolt TP,4.0,83333.33333333333,ACTION,4546.710766059115,MonopileInstallation,MonopileInstallation,,40.0,
587,,WTIV,Jackdown,1.6666666666666667,34722.22222222222,ACTION,4548.377432725782,MonopileInstallation,MonopileInstallation,,40.0,
588,,WTIV,Position Onsite,5.0,104166.66666666666,ACTION,4553.377432725782,MonopileInstallation,,,,
589,,WTIV,Jackup,1.6666666666666667,34722.22222222222,ACTION,4555.0440993924485,MonopileInstallation,MonopileInstallation,,40.0,
590,,WTIV,RovSurvey,1.0,20833.333333333332,ACTION,4556.0440993924485,MonopileInstallation,MonopileInstallation,,40.0,
591,,WTIV,Release Monopile,10.0,208333.3333333333,ACTION,4566.0440993924485,MonopileInstallation,,,,
592,,WTIV,Upend Monopile,0.8819573087220198,18374.110598375413,ACTION,4566.926056701171,MonopileInstallation,MonopileInstallation,,40.0,
593,,WTIV,Lower Monopile,0.005,104.16666666666666,ACTION,4566.931056701171,MonopileInstallation,MonopileInstallation,,40.0,
594,,WTIV,Crane Reequip,1.0,20833.333333333332,ACTION,4567.931056701171,MonopileInstallation,MonopileInstallation,,40.0,
595,,Feeder 1,Transit,37.11467868303137,115983.37088447304,ACTION,4568.651530124701,MonopileInstallation,,,,
596,,WTIV,Drive Monopile,1.2,24999.999999999996,ACTION,4569.131056701171,MonopileInstallation,MonopileInstallation,,40.0,
597,,Feeder 1,Jackup,1.6666666666666667,5208.333333333334,ACTION,4570.318196791368,MonopileInstallation,MonopileInstallation,,,
598,,WTIV,Release Transition Piece,10.0,208333.3333333333,ACTION,4579.131056701171,MonopileInstallation,,,,
599,,Feeder 0,ActiveFeeder,107.594205259501,336231.89143594063,ACTION,4579.131056701171,MonopileInstallation,,Site,,
600,,WTIV,Crane Reequip,1.0,20833.333333333332,ACTION,4580.131056701171,MonopileInstallation,MonopileInstallation,,40.0,
601,,Feeder 0,Jackdown,1.6666666666666667,5208.333333333334,ACTION,4580.7977233678375,MonopileInstallation,MonopileInstallation,,,
602,,WTIV,Lower TP,1.0,20833.333333333332,ACTION,4581.131056701171,MonopileInstallation,MonopileInstallation,,40.0,
603,,WTIV,Bolt TP,4.0,83333.33333333333,ACTION,4585.131056701171,MonopileInstallation,MonopileInstallation,,40.0,
604,,WTIV,Jackdown,1.6666666666666667,34722.22222222222,ACTION,4586.7977233678375,MonopileInstallation,MonopileInstallation,,40.0,
605,,Feeder 0,Transit,37.11467868303137,115983.37088447304,ACTION,4617.912402050869,MonopileInstallation,,,,
606,,Feeder 1,Queue,47.594205259500995,148731.8914359406,ACTION,4617.912402050869,MonopileInstallation,,Site,,
607,,WTIV,Delay: Not enough vessels for monopiles,31.114678683031343,648222.4725631529,ACTION,4617.912402050869,MonopileInstallation,,Site,,
608,,WTIV,Position Onsite,5.0,104166.66666666666,ACTION,4622.912402050869,MonopileInstallation,,,,
609,,WTIV,Jackup,1.6666666666666667,34722.22222222222,ACTION,4624.579068717536,MonopileInstallation,MonopileInstallation,,40.0,
610,,WTIV,RovSurvey,1.0,20833.333333333332,ACTION,4625.579068717536,MonopileInstallation,MonopileInstallation,,40.0,
611,,Feeder 0,Fasten Monopile,12.0,37500.0,ACTION,4629.912402050869,MonopileInstallation,MonopileInstallation,,,
612,,WTIV,Release Monopile,10.0,208333.3333333333,ACTION,4635.579068717536,MonopileInstallation,,,,
613,,WTIV,Upend Monopile,0.8819573087220198,18374.110598375413,ACTION,4636.461026026258,MonopileInstallation,MonopileInstallation,,40.0,
614,,WTIV,Lower Monopile,0.005,104.16666666666666,ACTION,4636.466026026258,MonopileInstallation,MonopileInstallation,,40.0,
615,,WTIV,Crane Reequip,1.0,20833.333333333332,ACTION,4637.466026026258,MonopileInstallation,MonopileInstallation,,40.0,
616,,Feeder 0,Fasten Transition Piece,8.0,25000.0,ACTION,4637.912402050869,MonopileInstallation,MonopileInstallation,,,
617,,WTIV,Drive Monopile,1.2,24999.999999999996,ACTION,4638.666026026258,MonopileInstallation,MonopileInstallation,,40.0,
618,,WTIV,Release Transition Piece,10.0,208333.3333333333,ACTION,4648.666026026258,MonopileInstallation,,,,
619,,WTIV,Crane Reequip,1.0,20833.333333333332,ACTION,4649.666026026258,MonopileInstallation,MonopileInstallation,,40.0,
620,,Feeder 0,Fasten Monopile,12.0,37500.0,ACTION,4649.912402050869,MonopileInstallation,MonopileInstallation,,,
621,,WTIV,Lower TP,1.0,20833.333333333332,ACTION,4650.666026026258,MonopileInstallation,MonopileInstallation,,40.0,
622,,WTIV,Bolt TP,4.0,83333.33333333333,ACTION,4654.666026026258,MonopileInstallation,MonopileInstallation,,40.0,
623,,WTIV,Jackdown,1.6666666666666667,34722.22222222222,ACTION,4656.332692692925,MonopileInstallation,MonopileInstallation,,40.0,
624,,Feeder 0,Fasten Transition Piece,8.0,25000.0,ACTION,4657.912402050869,MonopileInstallation,MonopileInstallation,,,
625,,WTIV,Position Onsite,5.0,104166.66666666666,ACTION,4661.332692692925,MonopileInstallation,,,,
626,,WTIV,Jackup,1.6666666666666667,34722.22222222222,ACTION,4662.999359359592,MonopileInstallation,MonopileInstallation,,40.0,
627,,WTIV,RovSurvey,1.0,20833.333333333332,ACTION,4663.999359359592,MonopileInstallation,MonopileInstallation,,40.0,
628,,Feeder 0,Fasten Monopile,12.0,37500.0,ACTION,4669.912402050869,MonopileInstallation,MonopileInstallation,,,
629,,WTIV,Release Monopile,10.0,208333.3333333333,ACTION,4673.999359359592,MonopileInstallation,,,,
630,,WTIV,Upend Monopile,0.8819573087220198,18374.110598375413,ACTION,4674.881316668314,MonopileInstallation,MonopileInstallation,,40.0,
631,,WTIV,Lower Monopile,0.005,104.16666666666666,ACTION,4674.886316668314,MonopileInstallation,MonopileInstallation,,40.0,
632,,WTIV,Crane Reequip,1.0,20833.333333333332,ACTION,4675.886316668314,MonopileInstallation,MonopileInstallation,,40.0,
633,,WTIV,Drive Monopile,1.2,24999.999999999996,ACTION,4677.086316668314,MonopileInstallation,MonopileInstallation,,40.0,
634,,Feeder 0,Fasten Transition Piece,8.0,25000.0,ACTION,4677.912402050869,MonopileInstallation,MonopileInstallation,,,
635,,WTIV,Release Transition Piece,10.0,208333.3333333333,ACTION,4687.086316668314,MonopileInstallation,,,,
636,,WTIV,Crane Reequip,1.0,20833.333333333332,ACTION,4688.086316668314,MonopileInstallation,MonopileInstallation,,40.0,
637,,WTIV,Lower TP,1.0,20833.333333333332,ACTION,4689.086316668314,MonopileInstallation,MonopileInstallation,,40.0,
638,,WTIV,Bolt TP,4.0,83333.33333333333,ACTION,4693.086316668314,MonopileInstallation,MonopileInstallation,,40.0,
639,,WTIV,Jackdown,1.6666666666666667,34722.22222222222,ACTION,4694.752983334981,MonopileInstallation,MonopileInstallation,,40.0,
640,,WTIV,Position Onsite,5.0,104166.66666666666,ACTION,4699.752983334981,MonopileInstallation,,,,
641,,WTIV,Jackup,1.6666666666666667,34722.22222222222,ACTION,4701.419650001648,MonopileInstallation,MonopileInstallation,,40.0,
642,,WTIV,RovSurvey,1.0,20833.333333333332,ACTION,4702.419650001648,MonopileInstallation,MonopileInstallation,,40.0,
643,,WTIV,Release Monopile,10.0,208333.3333333333,ACTION,4712.419650001648,MonopileInstallation,,,,
644,,WTIV,Upend Monopile,0.8819573087220198,18374.110598375413,ACTION,4713.30160731037,MonopileInstallation,MonopileInstallation,,40.0,
645,,WTIV,Lower Monopile,0.005,104.16666666666666,ACTION,4713.30660731037,MonopileInstallation,MonopileInstallation,,40.0,
646,,WTIV,Crane Reequip,1.0,20833.333333333332,ACTION,4714.30660731037,MonopileInstallation,MonopileInstallation,,40.0,
647,,Feeder 0,Transit,37.11467868303137,115983.37088447304,ACTION,4715.0270807339,MonopileInstallation,,,,
648,,WTIV,Drive Monopile,1.2,24999.999999999996,ACTION,4715.50660731037,MonopileInstallation,MonopileInstallation,,40.0,
649,,Feeder 0,Jackup,1.6666666666666667,5208.333333333334,ACTION,4716.693747400567,MonopileInstallation,MonopileInstallation,,,
650,,WTIV,Release Transition Piece,10.0,208333.3333333333,ACTION,4725.50660731037,MonopileInstallation,,,,
651,,Feeder 1,ActiveFeeder,107.594205259501,336231.89143594063,ACTION,4725.50660731037,MonopileInstallation,,Site,,
652,,WTIV,Crane Reequip,1.0,20833.333333333332,ACTION,4726.50660731037,MonopileInstallation,MonopileInstallation,,40.0,
653,,Feeder 1,Jackdown,1.6666666666666667,5208.333333333334,ACTION,4727.173273977037,MonopileInstallation,MonopileInstallation,,,
654,,WTIV,Lower TP,1.0,20833.333333333332,ACTION,4727.50660731037,MonopileInstallation,MonopileInstallation,,40.0,
655,,WTIV,Bolt TP,4.0,83333.33333333333,ACTION,4731.50660731037,MonopileInstallation,MonopileInstallation,,40.0,
656,,WTIV,Jackdown,1.6666666666666667,34722.22222222222,ACTION,4733.173273977037,MonopileInstallation,MonopileInstallation,,40.0,
657,1.0,WTIV,Mobilize,168.0,2100000.0,ACTION,4757.03388602693,TurbineInstallation,,,,
658,0.5,Feeder 0,Mobilize,72.0,112500.0,ACTION,4757.03388602693,TurbineInstallation,,,,
659,0.5,Feeder 1,Mobilize,72.0,112500.0,ACTION,4757.03388602693,TurbineInstallation,,,,
660,,Feeder 0,Fasten Tower Section,2.0,6250.0,ACTION,4759.03388602693,TurbineInstallation,TurbineInstallation,,,
661,,Feeder 0,Fasten Tower Section,2.0,6250.0,ACTION,4761.03388602693,TurbineInstallation,TurbineInstallation,,,
662,,Feeder 0,Fasten Nacelle,2.0,6250.0,ACTION,4763.03388602693,TurbineInstallation,TurbineInstallation,,,
663,,Feeder 0,Fasten Blade,0.75,2343.75,ACTION,4763.78388602693,TurbineInstallation,TurbineInstallation,,,
664,,Feeder 1,Transit,37.11467868303137,115983.37088447304,ACTION,4764.287952660068,MonopileInstallation,,,,
665,,Feeder 0,Queue,47.594205259500995,148731.8914359406,ACTION,4764.287952660068,MonopileInstallation,,Site,,
666,,WTIV,Delay: Not enough vessels for monopiles,31.114678683031343,648222.4725631529,ACTION,4764.287952660068,MonopileInstallation,,Site,,
667,,Feeder 0,Fasten Blade,0.75,2343.75,ACTION,4764.53388602693,TurbineInstallation,TurbineInstallation,,,
668,,WTIV,Transit,8.01674486822009,100209.31085275114,ACTION,4765.050630895151,TurbineInstallation,,,,
669,,Feeder 0,Fasten Blade,0.75,2343.75,ACTION,4765.28388602693,TurbineInstallation,TurbineInstallation,,,
670,,Feeder 1,Queue,8.25,25781.25,ACTION,4765.28388602693,TurbineInstallation,,,,
671,,Feeder 1,Fasten Tower Section,2.0,6250.0,ACTION,4767.28388602693,TurbineInstallation,TurbineInstallation,,,
672,,Feeder 1,Fasten Tower Section,2.0,6250.0,ACTION,4769.28388602693,TurbineInstallation,TurbineInstallation,,,
673,,WTIV,Position Onsite,5.0,104166.66666666666,ACTION,4769.287952660068,MonopileInstallation,,,,
674,,WTIV,Jackup,1.6666666666666667,34722.22222222222,ACTION,4770.954619326735,MonopileInstallation,MonopileInstallation,,40.0,
675,,Feeder 1,Fasten Nacelle,2.0,6250.0,ACTION,4771.28388602693,TurbineInstallation,TurbineInstallation,,,
676,,WTIV,RovSurvey,1.0,20833.333333333332,ACTION,4771.954619326735,MonopileInstallation,MonopileInstallation,,40.0,
677,,Feeder 1,Fasten Blade,0.75,2343.75,ACTION,4772.03388602693,TurbineInstallation,TurbineInstallation,,,
678,,Feeder 1,Fasten Blade,0.75,2343.75,ACTION,4772.78388602693,TurbineInstallation,TurbineInstallation,,,
679,,Feeder 0,Transit,8.01674486822009,25052.327713187784,ACTION,4773.300630895151,TurbineInstallation,,,,
680,,Feeder 1,Fasten Blade,0.75,2343.75,ACTION,4773.53388602693,TurbineInstallation,TurbineInstallation,,,
681,,Feeder 0,Jackup,1.6666666666666667,5208.333333333334,ACTION,4774.967297561817,TurbineInstallation,TurbineInstallation,,,
682,,WTIV,Delay: Not enough vessels for turbines,9.916666666666668,123958.33333333334,ACTION,4774.967297561817,TurbineInstallation,,Site,,
683,,Feeder 1,Fasten Monopile,12.0,37500.0,ACTION,4776.287952660068,MonopileInstallation,MonopileInstallation,,,
684,,WTIV,Position Onsite,5.0,62500.0,ACTION,4779.967297561817,TurbineInstallation,,,,
685,,WTIV,Jackup,0.43333333333333335,5416.666666666667,ACTION,4780.40063089515,TurbineInstallation,TurbineInstallation,,40.0,132.0
686,,WTIV,Release Tower Section,1.0,12500.0,ACTION,4781.40063089515,TurbineInstallation,,,,
687,,Feeder 1,Transit,8.01674486822009,25052.327713187784,ACTION,4781.550630895151,TurbineInstallation,,,,
688,,WTIV,Release Monopile,10.0,208333.3333333333,ACTION,4781.954619326735,MonopileInstallation,,,,
689,,WTIV,Lift Tower Section,0.66,8250.0,ACTION,4782.06063089515,TurbineInstallation,TurbineInstallation,,40.0,132.0
690,,WTIV,Upend Monopile,0.8819573087220198,18374.110598375413,ACTION,4782.836576635457,MonopileInstallation,MonopileInstallation,,40.0,
691,,WTIV,Lower Monopile,0.005,104.16666666666666,ACTION,4782.841576635457,MonopileInstallation,MonopileInstallation,,40.0,
692,,Feeder 1,Jackup,1.6666666666666667,5208.333333333334,ACTION,4783.217297561817,TurbineInstallation,TurbineInstallation,,,
693,,WTIV,Crane Reequip,1.0,20833.333333333332,ACTION,4783.841576635457,MonopileInstallation,MonopileInstallation,,40.0,
694,,WTIV,Attach Tower Section,2.0,25000.0,ACTION,4784.06063089515,TurbineInstallation,TurbineInstallation,,40.0,132.0
695,,Feeder 1,Fasten Transition Piece,8.0,25000.0,ACTION,4784.287952660068,MonopileInstallation,MonopileInstallation,,,
696,,WTIV,Drive Monopile,1.2,24999.999999999996,ACTION,4785.041576635457,MonopileInstallation,MonopileInstallation,,40.0,
697,,WTIV,Release Tower Section,1.0,12500.0,ACTION,4785.06063089515,TurbineInstallation,,,,
698,,WTIV,Lift Tower Section,1.32,16500.0,ACTION,4786.380630895151,TurbineInstallation,TurbineInstallation,,40.0,132.0
699,,WTIV,Attach Tower Section,2.0,25000.0,ACTION,4788.380630895151,TurbineInstallation,TurbineInstallation,,40.0,132.0
700,,WTIV,Release Nacelle,1.0,12500.0,ACTION,4789.380630895151,TurbineInstallation,,,,
701,,WTIV,Reequip,1.0,12500.0,ACTION,4790.380630895151,TurbineInstallation,,,,
702,,WTIV,Lift Nacelle,1.32,16500.0,ACTION,4791.70063089515,TurbineInstallation,TurbineInstallation,,40.0,132.0
703,,WTIV,Attach Nacelle,2.0,25000.0,ACTION,4793.70063089515,TurbineInstallation,TurbineInstallation,,40.0,132.0
704,,WTIV,Reequip,1.0,12500.0,ACTION,4794.70063089515,TurbineInstallation,,,,
705,,WTIV,Release Transition Piece,10.0,208333.3333333333,ACTION,4795.041576635457,MonopileInstallation,,,,
706,,WTIV,Release Blade,0.5,6250.0,ACTION,4795.20063089515,TurbineInstallation,,,,
707,,WTIV,Crane Reequip,1.0,20833.333333333332,ACTION,4796.041576635457,MonopileInstallation,MonopileInstallation,,40.0,
708,,Feeder 1,Fasten Monopile,12.0,37500.0,ACTION,4796.287952660068,MonopileInstallation,MonopileInstallation,,,
709,,WTIV,Lift Blade,1.32,16500.0,ACTION,4796.52063089515,TurbineInstallation,TurbineInstallation,,40.0,132.0
710,,WTIV,Lower TP,1.0,20833.333333333332,ACTION,4797.041576635457,MonopileInstallation,MonopileInstallation,,40.0,
711,,WTIV,Attach Blade,1.5,18750.0,ACTION,4798.02063089515,TurbineInstallation,TurbineInstallation,,40.0,132.0
712,,WTIV,Release Blade,0.5,6250.0,ACTION,4798.52063089515,TurbineInstallation,,,,
713,,WTIV,Lift Blade,1.32,16500.0,ACTION,4799.840630895151,TurbineInstallation,TurbineInstallation,,40.0,132.0
714,,WTIV,Bolt TP,4.0,83333.33333333333,ACTION,4801.041576635457,MonopileInstallation,MonopileInstallation,,40.0,
715,,WTIV,Attach Blade,1.5,18750.0,ACTION,4801.340630895151,TurbineInstallation,TurbineInstallation,,40.0,132.0
716,,WTIV,Release Blade,0.5,6250.0,ACTION,4801.840630895151,TurbineInstallation,,,,
717,,Feeder 0,ActiveFeeder,26.873333333333335,83979.16666666667,ACTION,4801.840630895151,TurbineInstallation,,Site,,
718,,Feeder 1,Queue,18.623333333333335,58197.91666666667,ACTION,4801.840630895151,TurbineInstallation,,Site,,
719,,WTIV,Jackdown,1.6666666666666667,34722.22222222222,ACTION,4802.708243302124,MonopileInstallation,MonopileInstallation,,40.0,
720,,WTIV,Lift Blade,1.32,16500.0,ACTION,4803.1606308951505,TurbineInstallation,TurbineInstallation,,40.0,132.0
721,,Feeder 0,Jackdown,1.6666666666666667,5208.333333333334,ACTION,4803.507297561817,TurbineInstallation,TurbineInstallation,,,
722,,Feeder 1,Fasten Transition Piece,8.0,25000.0,ACTION,4804.287952660068,MonopileInstallation,MonopileInstallation,,,
723,,WTIV,Attach Blade,1.5,18750.0,ACTION,4804.6606308951505,TurbineInstallation,TurbineInstallation,,40.0,132.0
724,,WTIV,Jackdown,0.43333333333333335,5416.666666666667,ACTION,4805.093964228484,TurbineInstallation,TurbineInstallation,,40.0,132.0
725,,WTIV,Position Onsite,5.0,104166.66666666666,ACTION,4807.708243302124,MonopileInstallation,,,,
726,,WTIV,Jackup,1.6666666666666667,34722.22222222222,ACTION,4809.374909968791,MonopileInstallation,MonopileInstallation,,40.0,
727,,WTIV,Position Onsite,5.0,62500.0,ACTION,4810.093964228484,TurbineInstallation,,,,
728,,WTIV,RovSurvey,1.0,20833.333333333332,ACTION,4810.374909968791,MonopileInstallation,MonopileInstallation,,40.0,
729,,WTIV,Jackup,0.43333333333333335,5416.666666666667,ACTION,4810.527297561817,TurbineInstallation,TurbineInstallation,,40.0,132.0
730,,Feeder 0,Transit,8.01674486822009,25052.327713187784,ACTION,4811.524042430037,TurbineInstallation,,,,
731,,WTIV,Release Tower Section,1.0,12500.0,ACTION,4811.527297561817,TurbineInstallation,,,,
732,,WTIV,Lift Tower Section,0.66,8250.0,ACTION,4812.187297561817,TurbineInstallation,TurbineInstallation,,40.0,132.0
733,,Feeder 0,Fasten Tower Section,2.0,6250.0,ACTION,4813.524042430037,TurbineInstallation,TurbineInstallation,,,
734,,WTIV,Attach Tower Section,2.0,25000.0,ACTION,4814.187297561817,TurbineInstallation,TurbineInstallation,,40.0,132.0
735,,WTIV,Release Tower Section,1.0,12500.0,ACTION,4815.187297561817,TurbineInstallation,,,,
736,,Feeder 0,Fasten Tower Section,2.0,6250.0,ACTION,4815.524042430037,TurbineInstallation,TurbineInstallation,,,
737,,Feeder 1,Fasten Monopile,12.0,37500.0,ACTION,4816.287952660068,MonopileInstallation,MonopileInstallation,,,
738,,WTIV,Lift Tower Section,1.32,16500.0,ACTION,4816.507297561817,TurbineInstallation,TurbineInstallation,,40.0,132.0
739,,Feeder 0,Fasten Nacelle,2.0,6250.0,ACTION,4817.524042430037,TurbineInstallation,TurbineInstallation,,,
740,,Feeder 0,Fasten Blade,0.75,2343.75,ACTION,4818.274042430037,TurbineInstallation,TurbineInstallation,,,
741,,WTIV,Attach Tower Section,2.0,25000.0,ACTION,4818.507297561817,TurbineInstallation,TurbineInstallation,,40.0,132.0
742,,Feeder 0,Fasten Blade,0.75,2343.75,ACTION,4819.024042430037,TurbineInstallation,TurbineInstallation,,,
743,,WTIV,Release Nacelle,1.0,12500.0,ACTION,4819.507297561817,TurbineInstallation,,,,
744,,Feeder 0,Fasten Blade,0.75,2343.75,ACTION,4819.774042430037,TurbineInstallation,TurbineInstallation,,,
745,,WTIV,Release Monopile,10.0,208333.3333333333,ACTION,4820.374909968791,MonopileInstallation,,,,
746,,WTIV,Reequip,1.0,12500.0,ACTION,4820.507297561817,TurbineInstallation,,,,
747,,WTIV,Upend Monopile,0.8819573087220198,18374.110598375413,ACTION,4821.256867277513,MonopileInstallation,MonopileInstallation,,40.0,
748,,WTIV,Lower Monopile,0.005,104.16666666666666,ACTION,4821.261867277513,MonopileInstallation,MonopileInstallation,,40.0,
749,,WTIV,Lift Nacelle,1.32,16500.0,ACTION,4821.827297561817,TurbineInstallation,TurbineInstallation,,40.0,132.0
750,,WTIV,Crane Reequip,1.0,20833.333333333332,ACTION,4822.261867277513,MonopileInstallation,MonopileInstallation,,40.0,
751,,WTIV,Drive Monopile,1.2,24999.999999999996,ACTION,4823.461867277513,MonopileInstallation,MonopileInstallation,,40.0,
752,,WTIV,Attach Nacelle,2.0,25000.0,ACTION,4823.827297561817,TurbineInstallation,TurbineInstallation,,40.0,132.0
753,,Feeder 1,Fasten Transition Piece,8.0,25000.0,ACTION,4824.287952660068,MonopileInstallation,MonopileInstallation,,,
754,,WTIV,Reequip,1.0,12500.0,ACTION,4824.827297561817,TurbineInstallation,,,,
755,,WTIV,Release Blade,0.5,6250.0,ACTION,4825.327297561817,TurbineInstallation,,,,
756,,WTIV,Lift Blade,1.32,16500.0,ACTION,4826.647297561817,TurbineInstallation,TurbineInstallation,,40.0,132.0
757,,Feeder 0,Transit,8.01674486822009,25052.327713187784,ACTION,4827.790787298257,TurbineInstallation,,,,
758,,WTIV,Attach Blade,1.5,18750.0,ACTION,4828.147297561817,TurbineInstallation,TurbineInstallation,,40.0,132.0
759,,WTIV,Release Blade,0.5,6250.0,ACTION,4828.647297561817,TurbineInstallation,,,,
760,,Feeder 0,Jackup,1.6666666666666667,5208.333333333334,ACTION,4829.457453964924,TurbineInstallation,TurbineInstallation,,,
761,,WTIV,Lift Blade,1.32,16500.0,ACTION,4829.967297561817,TurbineInstallation,TurbineInstallation,,40.0,132.0
762,,WTIV,Attach Blade,1.5,18750.0,ACTION,4831.467297561817,TurbineInstallation,TurbineInstallation,,40.0,132.0
763,,WTIV,Release Blade,0.5,6250.0,ACTION,4831.967297561817,TurbineInstallation,,,,
764,,Feeder 1,ActiveFeeder,30.126666666666637,94145.83333333324,ACTION,4831.967297561817,TurbineInstallation,,Site,,
765,,Feeder 0,Queue,2.50984359689312,7843.261240291,ACTION,4831.967297561817,TurbineInstallation,,Site,,
766,,WTIV,Lift Blade,1.32,16500.0,ACTION,4833.2872975618175,TurbineInstallation,TurbineInstallation,,40.0,132.0
767,,WTIV,Release Transition Piece,10.0,208333.3333333333,ACTION,4833.461867277513,MonopileInstallation,,,,
768,,Feeder 1,Jackdown,1.6666666666666667,5208.333333333334,ACTION,4833.633964228484,TurbineInstallation,TurbineInstallation,,,
769,,WTIV,Crane Reequip,1.0,20833.333333333332,ACTION,4834.461867277513,MonopileInstallation,MonopileInstallation,,40.0,
770,,WTIV,Attach Blade,1.5,18750.0,ACTION,4834.7872975618175,TurbineInstallation,TurbineInstallation,,40.0,132.0
771,,WTIV,Jackdown,0.43333333333333335,5416.666666666667,ACTION,4835.22063089515,TurbineInstallation,TurbineInstallation,,40.0,132.0
772,,WTIV,Lower TP,1.0,20833.333333333332,ACTION,4835.461867277513,MonopileInstallation,MonopileInstallation,,40.0,
773,,WTIV,Bolt TP,4.0,83333.33333333333,ACTION,4839.461867277513,MonopileInstallation,MonopileInstallation,,40.0,
774,,WTIV,Position Onsite,5.0,62500.0,ACTION,4840.22063089515,TurbineInstallation,,,,
775,,WTIV,Jackup,0.43333333333333335,5416.666666666667,ACTION,4840.653964228483,TurbineInstallation,TurbineInstallation,,40.0,132.0
776,,WTIV,Jackdown,1.6666666666666667,34722.22222222222,ACTION,4841.12853394418,MonopileInstallation,MonopileInstallation,,40.0,
777,,Feeder 1,Transit,8.01674486822009,25052.327713187784,ACTION,4841.650709096703,TurbineInstallation,,,,
778,,WTIV,Release Tower Section,1.0,12500.0,ACTION,4841.653964228483,TurbineInstallation,,,,
779,,WTIV,Lift Tower Section,0.66,8250.0,ACTION,4842.313964228484,TurbineInstallation,TurbineInstallation,,40.0,132.0
780,,Feeder 1,Fasten Tower Section,2.0,6250.0,ACTION,4843.650709096703,TurbineInstallation,TurbineInstallation,,,
781,,WTIV,Attach Tower Section,2.0,25000.0,ACTION,4844.313964228484,TurbineInstallation,TurbineInstallation,,40.0,132.0
782,,WTIV,Release Tower Section,1.0,12500.0,ACTION,4845.313964228484,TurbineInstallation,,,,
783,,Feeder 1,Fasten Tower Section,2.0,6250.0,ACTION,4845.650709096703,TurbineInstallation,TurbineInstallation,,,
784,,WTIV,Position Onsite,5.0,104166.66666666666,ACTION,4846.12853394418,MonopileInstallation,,,,
785,,WTIV,Lift Tower Section,1.32,16500.0,ACTION,4846.633964228484,TurbineInstallation,TurbineInstallation,,40.0,132.0
786,,Feeder 1,Fasten Nacelle,2.0,6250.0,ACTION,4847.650709096703,TurbineInstallation,TurbineInstallation,,,
787,,WTIV,Jackup,1.6666666666666667,34722.22222222222,ACTION,4847.795200610847,MonopileInstallation,MonopileInstallation,,40.0,
788,,Feeder 1,Fasten Blade,0.75,2343.75,ACTION,4848.400709096703,TurbineInstallation,TurbineInstallation,,,
789,,WTIV,Attach Tower Section,2.0,25000.0,ACTION,4848.633964228484,TurbineInstallation,TurbineInstallation,,40.0,132.0
790,,WTIV,RovSurvey,1.0,20833.333333333332,ACTION,4848.795200610847,MonopileInstallation,MonopileInstallation,,40.0,
791,,Feeder 1,Fasten Blade,0.75,2343.75,ACTION,4849.150709096703,TurbineInstallation,TurbineInstallation,,,
792,,WTIV,Release Nacelle,1.0,12500.0,ACTION,4849.633964228484,TurbineInstallation,,,,
793,,Feeder 1,Fasten Blade,0.75,2343.75,ACTION,4849.900709096703,TurbineInstallation,TurbineInstallation,,,
794,,WTIV,Reequip,1.0,12500.0,ACTION,4850.633964228484,TurbineInstallation,,,,
795,,WTIV,Release Monopile,10.0,208333.3333333333,ACTION,4858.795200610847,MonopileInstallation,,,,
796,,WTIV,Delay,5.0,104166.66666666666,ACTION,4863.795200610847,MonopileInstallation,MonopileInstallation,,40.0,
797,,WTIV,Upend Monopile,0.8819573087220198,18374.110598375413,ACTION,4864.677157919569,MonopileInstallation,MonopileInstallation,,40.0,
798,,WTIV,Lower Monopile,0.005,104.16666666666666,ACTION,4864.682157919569,MonopileInstallation,MonopileInstallation,,40.0,
799,,WTIV,Delay,15.0,187500.0,ACTION,4865.633964228484,TurbineInstallation,TurbineInstallation,,40.0,132.0
800,,WTIV,Crane Reequip,1.0,20833.333333333332,ACTION,4865.682157919569,MonopileInstallation,MonopileInstallation,,40.0,
801,,Feeder 1,Delay,16.0,50000.0,ACTION,4865.900709096703,TurbineInstallation,,,,
802,,Feeder 1,Delay,42.0,131250.0,ACTION,4866.287952660068,MonopileInstallation,,,,
803,,WTIV,Drive Monopile,1.2,24999.999999999996,ACTION,4866.882157919569,MonopileInstallation,MonopileInstallation,,40.0,
804,,WTIV,Lift Nacelle,1.32,16500.0,ACTION,4866.9539642284835,TurbineInstallation,TurbineInstallation,,40.0,132.0
805,,WTIV,Attach Nacelle,2.0,25000.0,ACTION,4868.9539642284835,TurbineInstallation,TurbineInstallation,,40.0,132.0
806,,WTIV,Reequip,1.0,12500.0,ACTION,4869.9539642284835,TurbineInstallation,,,,
807,,WTIV,Release Blade,0.5,6250.0,ACTION,4870.4539642284835,TurbineInstallation,,,,
808,,WTIV,Lift Blade,1.32,16500.0,ACTION,4871.773964228483,TurbineInstallation,TurbineInstallation,,40.0,132.0
809,,WTIV,Attach Blade,1.5,18750.0,ACTION,4873.273964228483,TurbineInstallation,TurbineInstallation,,40.0,132.0
810,,WTIV,Release Blade,0.5,6250.0,ACTION,4873.773964228483,TurbineInstallation,,,,
811,,Feeder 1,Transit,8.01674486822009,25052.327713187784,ACTION,4873.917453964924,TurbineInstallation,,,,
812,,WTIV,Lift Blade,1.32,16500.0,ACTION,4875.093964228484,TurbineInstallation,TurbineInstallation,,40.0,132.0
813,,Feeder 1,Jackup,1.6666666666666667,5208.333333333334,ACTION,4875.584120631591,TurbineInstallation,TurbineInstallation,,,
814,,WTIV,Attach Blade,1.5,18750.0,ACTION,4876.593964228484,TurbineInstallation,TurbineInstallation,,40.0,132.0
815,,WTIV,Release Transition Piece,10.0,208333.3333333333,ACTION,4876.882157919569,MonopileInstallation,,,,
816,,Feeder 0,ActiveFeeder,112.594205259501,351856.89143594063,ACTION,4876.882157919569,MonopileInstallation,,Site,,
817,,WTIV,Release Blade,0.5,6250.0,ACTION,4877.093964228484,TurbineInstallation,,,,
818,,Feeder 0,ActiveFeeder,45.12666666666664,141020.83333333323,ACTION,4877.093964228484,TurbineInstallation,,Site,,
819,,Feeder 1,Queue,1.5098435968931199,4718.261240291,ACTION,4877.093964228484,TurbineInstallation,,Site,,
820,,WTIV,Crane Reequip,1.0,20833.333333333332,ACTION,4877.882157919569,MonopileInstallation,MonopileInstallation,,40.0,
821,,WTIV,Lift Blade,1.32,16500.0,ACTION,4878.413964228484,TurbineInstallation,TurbineInstallation,,40.0,132.0
822,,Feeder 0,Jackdown,1.6666666666666667,5208.333333333334,ACTION,4878.548824586236,MonopileInstallation,MonopileInstallation,,,
823,,Feeder 0,Jackdown,1.6666666666666667,5208.333333333334,ACTION,4878.76063089515,TurbineInstallation,TurbineInstallation,,,
824,,WTIV,Lower TP,1.0,20833.333333333332,ACTION,4878.882157919569,MonopileInstallation,MonopileInstallation,,40.0,
825,,WTIV,Attach Blade,1.5,18750.0,ACTION,4879.913964228484,TurbineInstallation,TurbineInstallation,,40.0,132.0
826,,WTIV,Jackdown,0.43333333333333335,5416.666666666667,ACTION,4880.347297561817,TurbineInstallation,TurbineInstallation,,40.0,132.0
827,,WTIV,Bolt TP,4.0,83333.33333333333,ACTION,4882.882157919569,MonopileInstallation,MonopileInstallation,,40.0,
828,,WTIV,Jackdown,1.6666666666666667,34722.22222222222,ACTION,4884.548824586236,MonopileInstallation,MonopileInstallation,,40.0,
829,,WTIV,Position Onsite,5.0,62500.0,ACTION,4885.347297561817,TurbineInstallation,,,,
830,,WTIV,Jackup,0.43333333333333335,5416.666666666667,ACTION,4885.78063089515,TurbineInstallation,TurbineInstallation,,40.0,132.0
831,,Feeder 0,Transit,8.01674486822009,25052.327713187784,ACTION,4886.77737576337,TurbineInstallation,,,,
832,,WTIV,Release Tower Section,1.0,12500.0,ACTION,4886.78063089515,TurbineInstallation,,,,
833,,WTIV,Lift Tower Section,0.66,8250.0,ACTION,4887.44063089515,TurbineInstallation,TurbineInstallation,,40.0,132.0
834,,Feeder 0,Fasten Tower Section,2.0,6250.0,ACTION,4888.77737576337,TurbineInstallation,TurbineInstallation,,,
835,,WTIV,Attach Tower Section,2.0,25000.0,ACTION,4889.44063089515,TurbineInstallation,TurbineInstallation,,40.0,132.0
836,,WTIV,Release Tower Section,1.0,12500.0,ACTION,4890.44063089515,TurbineInstallation,,,,
837,,Feeder 0,Fasten Tower Section,2.0,6250.0,ACTION,4890.77737576337,TurbineInstallation,TurbineInstallation,,,
838,,WTIV,Lift Tower Section,1.32,16500.0,ACTION,4891.76063089515,TurbineInstallation,TurbineInstallation,,40.0,132.0
839,,Feeder 0,Fasten Nacelle,2.0,6250.0,ACTION,4892.77737576337,TurbineInstallation,TurbineInstallation,,,
840,,Feeder 0,Fasten Blade,0.75,2343.75,ACTION,4893.52737576337,TurbineInstallation,TurbineInstallation,,,
841,,WTIV,Attach Tower Section,2.0,25000.0,ACTION,4893.76063089515,TurbineInstallation,TurbineInstallation,,40.0,132.0
842,,Feeder 0,Fasten Blade,0.75,2343.75,ACTION,4894.27737576337,TurbineInstallation,TurbineInstallation,,,
843,,WTIV,Release Nacelle,1.0,12500.0,ACTION,4894.76063089515,TurbineInstallation,,,,
844,,Feeder 0,Fasten Blade,0.75,2343.75,ACTION,4895.02737576337,TurbineInstallation,TurbineInstallation,,,
845,,WTIV,Reequip,1.0,12500.0,ACTION,4895.76063089515,TurbineInstallation,,,,
846,,WTIV,Lift Nacelle,1.32,16500.0,ACTION,4897.0806308951505,TurbineInstallation,TurbineInstallation,,40.0,132.0
847,,WTIV,Attach Nacelle,2.0,25000.0,ACTION,4899.0806308951505,TurbineInstallation,TurbineInstallation,,40.0,132.0
848,,WTIV,Reequip,1.0,12500.0,ACTION,4900.0806308951505,TurbineInstallation,,,,
849,,WTIV,Release Blade,0.5,6250.0,ACTION,4900.5806308951505,TurbineInstallation,,,,
850,,WTIV,Lift Blade,1.32,16500.0,ACTION,4901.90063089515,TurbineInstallation,TurbineInstallation,,40.0,132.0
851,,Feeder 0,Transit,8.01674486822009,25052.327713187784,ACTION,4903.044120631591,TurbineInstallation,,,,
852,,WTIV,Attach Blade,1.5,18750.0,ACTION,4903.40063089515,TurbineInstallation,TurbineInstallation,,40.0,132.0
853,,Feeder 1,Transit,37.11467868303137,115983.37088447304,ACTION,4903.4026313430995,MonopileInstallation,,,,
854,,WTIV,Release Blade,0.5,6250.0,ACTION,4903.90063089515,TurbineInstallation,,,,
855,,Feeder 0,Jackup,1.6666666666666667,5208.333333333334,ACTION,4904.710787298257,TurbineInstallation,TurbineInstallation,,,
856,,Feeder 1,Jackup,1.6666666666666667,5208.333333333334,ACTION,4905.0692980097665,MonopileInstallation,MonopileInstallation,,,
857,,WTIV,Lift Blade,1.32,16500.0,ACTION,4905.22063089515,TurbineInstallation,TurbineInstallation,,40.0,132.0
858,,WTIV,Attach Blade,1.5,18750.0,ACTION,4906.72063089515,TurbineInstallation,TurbineInstallation,,40.0,132.0
859,,WTIV,Release Blade,0.5,6250.0,ACTION,4907.22063089515,TurbineInstallation,,,,
860,,Feeder 1,ActiveFeeder,30.12666666666665,94145.83333333328,ACTION,4907.22063089515,TurbineInstallation,,Site,,
861,,Feeder 0,Queue,2.5098435968931483,7843.261240291088,ACTION,4907.22063089515,TurbineInstallation,,Site,,
862,,WTIV,Lift Blade,1.32,16500.0,ACTION,4908.540630895151,TurbineInstallation,TurbineInstallation,,40.0,132.0
863,,Feeder 1,Jackdown,1.6666666666666667,5208.333333333334,ACTION,4908.887297561817,TurbineInstallation,TurbineInstallation,,,
864,,WTIV,Attach Blade,1.5,18750.0,ACTION,4910.040630895151,TurbineInstallation,TurbineInstallation,,40.0,132.0
865,,WTIV,Jackdown,0.43333333333333335,5416.666666666667,ACTION,4910.473964228484,TurbineInstallation,TurbineInstallation,,40.0,132.0
866,,WTIV,Position Onsite,5.0,62500.0,ACTION,4915.473964228484,TurbineInstallation,,,,
867,,Feeder 0,Transit,37.11467868303137,115983.37088447304,ACTION,4915.6635032692675,MonopileInstallation,,,,
868,,Feeder 1,Queue,10.594205259500995,33106.89143594061,ACTION,4915.6635032692675,MonopileInstallation,,Site,,
869,,WTIV,Delay: Not enough vessels for monopiles,31.114678683031343,648222.4725631529,ACTION,4915.6635032692675,MonopileInstallation,,Site,,
870,,WTIV,Jackup,0.43333333333333335,5416.666666666667,ACTION,4915.907297561817,TurbineInstallation,TurbineInstallation,,40.0,132.0
871,,Feeder 1,Transit,8.01674486822009,25052.327713187784,ACTION,4916.904042430037,TurbineInstallation,,,,
872,,WTIV,Release Tower Section,1.0,12500.0,ACTION,4916.907297561817,TurbineInstallation,,,,
873,,WTIV,Lift Tower Section,0.66,8250.0,ACTION,4917.567297561817,TurbineInstallation,TurbineInstallation,,40.0,132.0
874,,Feeder 1,Fasten Tower Section,2.0,6250.0,ACTION,4918.904042430037,TurbineInstallation,TurbineInstallation,,,
875,,WTIV,Attach Tower Section,2.0,25000.0,ACTION,4919.567297561817,TurbineInstallation,TurbineInstallation,,40.0,132.0
876,,WTIV,Release Tower Section,1.0,12500.0,ACTION,4920.567297561817,TurbineInstallation,,,,
877,,WTIV,Position Onsite,5.0,104166.66666666666,ACTION,4920.6635032692675,MonopileInstallation,,,,
878,,Feeder 1,Fasten Tower Section,2.0,6250.0,ACTION,4920.904042430037,TurbineInstallation,TurbineInstallation,,,
879,,WTIV,Lift Tower Section,1.32,16500.0,ACTION,4921.887297561817,TurbineInstallation,TurbineInstallation,,40.0,132.0
880,,WTIV,Jackup,1.6666666666666667,34722.22222222222,ACTION,4922.3301699359345,MonopileInstallation,MonopileInstallation,,40.0,
881,,Feeder 1,Fasten Nacelle,2.0,6250.0,ACTION,4922.904042430037,TurbineInstallation,TurbineInstallation,,,
882,,WTIV,RovSurvey,1.0,20833.333333333332,ACTION,4923.3301699359345,MonopileInstallation,MonopileInstallation,,40.0,
883,,Feeder 1,Fasten Blade,0.75,2343.75,ACTION,4923.654042430037,TurbineInstallation,TurbineInstallation,,,
884,,WTIV,Attach Tower Section,2.0,25000.0,ACTION,4923.887297561817,TurbineInstallation,TurbineInstallation,,40.0,132.0
885,,Feeder 1,Fasten Blade,0.75,2343.75,ACTION,4924.404042430037,TurbineInstallation,TurbineInstallation,,,
886,,WTIV,Release Nacelle,1.0,12500.0,ACTION,4924.887297561817,TurbineInstallation,,,,
887,,Feeder 1,Fasten Blade,0.75,2343.75,ACTION,4925.154042430037,TurbineInstallation,TurbineInstallation,,,
888,,WTIV,Reequip,1.0,12500.0,ACTION,4925.887297561817,TurbineInstallation,,,,
889,,WTIV,Lift Nacelle,1.32,16500.0,ACTION,4927.207297561817,TurbineInstallation,TurbineInstallation,,40.0,132.0
890,,Feeder 0,Fasten Monopile,12.0,37500.0,ACTION,4927.6635032692675,MonopileInstallation,MonopileInstallation,,,
891,,WTIV,Attach Nacelle,2.0,25000.0,ACTION,4929.207297561817,TurbineInstallation,TurbineInstallation,,40.0,132.0
892,,WTIV,Reequip,1.0,12500.0,ACTION,4930.207297561817,TurbineInstallation,,,,
893,,WTIV,Release Blade,0.5,6250.0,ACTION,4930.707297561817,TurbineInstallation,,,,
894,,WTIV,Lift Blade,1.32,16500.0,ACTION,4932.027297561817,TurbineInstallation,TurbineInstallation,,40.0,132.0
895,,Feeder 1,Transit,8.01674486822009,25052.327713187784,ACTION,4933.170787298257,TurbineInstallation,,,,
896,,WTIV,Release Monopile,10.0,208333.3333333333,ACTION,4933.3301699359345,MonopileInstallation,,,,
897,,WTIV,Attach Blade,1.5,18750.0,ACTION,4933.527297561817,TurbineInstallation,TurbineInstallation,,40.0,132.0
898,,WTIV,Release Blade,0.5,6250.0,ACTION,4934.027297561817,TurbineInstallation,,,,
899,,WTIV,Upend Monopile,0.8819573087220198,18374.110598375413,ACTION,4934.212127244657,MonopileInstallation,MonopileInstallation,,40.0,
900,,WTIV,Lower Monopile,0.005,104.16666666666666,ACTION,4934.217127244657,MonopileInstallation,MonopileInstallation,,40.0,
901,,Feeder 1,Jackup,1.6666666666666667,5208.333333333334,ACTION,4934.837453964924,TurbineInstallation,TurbineInstallation,,,
902,,WTIV,Crane Reequip,1.0,20833.333333333332,ACTION,4935.217127244657,MonopileInstallation,MonopileInstallation,,40.0,
903,,WTIV,Lift Blade,1.32,16500.0,ACTION,4935.347297561817,TurbineInstallation,TurbineInstallation,,40.0,132.0
904,,Feeder 0,Fasten Transition Piece,8.0,25000.0,ACTION,4935.6635032692675,MonopileInstallation,MonopileInstallation,,,
905,,WTIV,Drive Monopile,1.2,24999.999999999996,ACTION,4936.4171272446565,MonopileInstallation,MonopileInstallation,,40.0,
906,,WTIV,Attach Blade,1.5,18750.0,ACTION,4936.847297561817,TurbineInstallation,TurbineInstallation,,40.0,132.0
907,,WTIV,Release Blade,0.5,6250.0,ACTION,4937.347297561817,TurbineInstallation,,,,
908,,Feeder 0,ActiveFeeder,30.126666666666637,94145.83333333324,ACTION,4937.347297561817,TurbineInstallation,,Site,,
909,,Feeder 1,Queue,2.5098435968931483,7843.261240291088,ACTION,4937.347297561817,TurbineInstallation,,Site,,
910,,WTIV,Lift Blade,1.32,16500.0,ACTION,4938.667297561817,TurbineInstallation,TurbineInstallation,,40.0,132.0
911,,Feeder 0,Jackdown,1.6666666666666667,5208.333333333334,ACTION,4939.013964228484,TurbineInstallation,TurbineInstallation,,,
912,,WTIV,Attach Blade,1.5,18750.0,ACTION,4940.167297561817,TurbineInstallation,TurbineInstallation,,40.0,132.0
913,,WTIV,Jackdown,0.43333333333333335,5416.666666666667,ACTION,4940.60063089515,TurbineInstallation,TurbineInstallation,,40.0,132.0
914,,WTIV,Position Onsite,5.0,62500.0,ACTION,4945.60063089515,TurbineInstallation,,,,
915,,WTIV,Jackup,0.43333333333333335,5416.666666666667,ACTION,4946.0339642284835,TurbineInstallation,TurbineInstallation,,40.0,132.0
916,,WTIV,Release Transition Piece,10.0,208333.3333333333,ACTION,4946.4171272446565,MonopileInstallation,,,,
917,,Feeder 0,Transit,8.01674486822009,25052.327713187784,ACTION,4947.0307090967035,TurbineInstallation,,,,
918,,WTIV,Release Tower Section,1.0,12500.0,ACTION,4947.0339642284835,TurbineInstallation,,,,
919,,WTIV,Crane Reequip,1.0,20833.333333333332,ACTION,4947.4171272446565,MonopileInstallation,MonopileInstallation,,40.0,
920,,Feeder 0,Fasten Monopile,12.0,37500.0,ACTION,4947.6635032692675,MonopileInstallation,MonopileInstallation,,,
921,,WTIV,Lift Tower Section,0.66,8250.0,ACTION,4947.693964228483,TurbineInstallation,TurbineInstallation,,40.0,132.0
922,,WTIV,Lower TP,1.0,20833.333333333332,ACTION,4948.4171272446565,MonopileInstallation,MonopileInstallation,,40.0,
923,,Feeder 0,Fasten Tower Section,2.0,6250.0,ACTION,4949.0307090967035,TurbineInstallation,TurbineInstallation,,,
924,,WTIV,Attach Tower Section,2.0,25000.0,ACTION,4949.693964228483,TurbineInstallation,TurbineInstallation,,40.0,132.0
925,,WTIV,Release Tower Section,1.0,12500.0,ACTION,4950.693964228483,TurbineInstallation,,,,
926,,Feeder 0,Fasten Tower Section,2.0,6250.0,ACTION,4951.0307090967035,TurbineInstallation,TurbineInstallation,,,
927,,WTIV,Lift Tower Section,1.32,16500.0,ACTION,4952.013964228484,TurbineInstallation,TurbineInstallation,,40.0,132.0
928,,WTIV,Bolt TP,4.0,83333.33333333333,ACTION,4952.4171272446565,MonopileInstallation,MonopileInstallation,,40.0,
929,,Feeder 0,Fasten Nacelle,2.0,6250.0,ACTION,4953.0307090967035,TurbineInstallation,TurbineInstallation,,,
930,,Feeder 0,Fasten Blade,0.75,2343.75,ACTION,4953.7807090967035,TurbineInstallation,TurbineInstallation,,,
931,,WTIV,Attach Tower Section,2.0,25000.0,ACTION,4954.013964228484,TurbineInstallation,TurbineInstallation,,40.0,132.0
932,,WTIV,Jackdown,1.6666666666666667,34722.22222222222,ACTION,4954.0837939113235,MonopileInstallation,MonopileInstallation,,40.0,
933,,Feeder 0,Fasten Blade,0.75,2343.75,ACTION,4954.5307090967035,TurbineInstallation,TurbineInstallation,,,
934,,WTIV,Release Nacelle,1.0,12500.0,ACTION,4955.013964228484,TurbineInstallation,,,,
935,,Feeder 0,Fasten Blade,0.75,2343.75,ACTION,4955.2807090967035,TurbineInstallation,TurbineInstallation,,,
936,,Feeder 0,Fasten Transition Piece,8.0,25000.0,ACTION,4955.6635032692675,MonopileInstallation,MonopileInstallation,,,
937,,WTIV,Reequip,1.0,12500.0,ACTION,4956.013964228484,TurbineInstallation,,,,
938,,WTIV,Lift Nacelle,1.32,16500.0,ACTION,4957.333964228484,TurbineInstallation,TurbineInstallation,,40.0,132.0
939,,WTIV,Position Onsite,5.0,104166.66666666666,ACTION,4959.0837939113235,MonopileInstallation,,,,
940,,WTIV,Attach Nacelle,2.0,25000.0,ACTION,4959.333964228484,TurbineInstallation,TurbineInstallation,,40.0,132.0
941,,WTIV,Reequip,1.0,12500.0,ACTION,4960.333964228484,TurbineInstallation,,,,
942,,WTIV,Jackup,1.6666666666666667,34722.22222222222,ACTION,4960.75046057799,MonopileInstallation,MonopileInstallation,,40.0,
943,,WTIV,Release Blade,0.5,6250.0,ACTION,4960.833964228484,TurbineInstallation,,,,
944,,WTIV,RovSurvey,1.0,20833.333333333332,ACTION,4961.75046057799,MonopileInstallation,MonopileInstallation,,40.0,
945,,WTIV,Lift Blade,1.32,16500.0,ACTION,4962.153964228483,TurbineInstallation,TurbineInstallation,,40.0,132.0
946,,Feeder 0,Transit,8.01674486822009,25052.327713187784,ACTION,4963.297453964924,TurbineInstallation,,,,
947,,WTIV,Attach Blade,1.5,18750.0,ACTION,4963.653964228483,TurbineInstallation,TurbineInstallation,,40.0,132.0
948,,WTIV,Release Blade,0.5,6250.0,ACTION,4964.153964228483,TurbineInstallation,,,,
949,,Feeder 0,Jackup,1.6666666666666667,5208.333333333334,ACTION,4964.96412063159,TurbineInstallation,TurbineInstallation,,,
950,,WTIV,Lift Blade,1.32,16500.0,ACTION,4965.473964228484,TurbineInstallation,TurbineInstallation,,40.0,132.0
951,,WTIV,Attach Blade,1.5,18750.0,ACTION,4966.973964228484,TurbineInstallation,TurbineInstallation,,40.0,132.0
952,,WTIV,Release Blade,0.5,6250.0,ACTION,4967.473964228484,TurbineInstallation,,,,
953,,Feeder 1,ActiveFeeder,30.126666666666637,94145.83333333324,ACTION,4967.473964228484,TurbineInstallation,,Site,,
954,,Feeder 0,Queue,2.5098435968931483,7843.261240291088,ACTION,4967.473964228484,TurbineInstallation,,Site,,
955,,Feeder 0,Fasten Monopile,12.0,37500.0,ACTION,4967.6635032692675,MonopileInstallation,MonopileInstallation,,,
956,,WTIV,Lift Blade,1.32,16500.0,ACTION,4968.793964228484,TurbineInstallation,TurbineInstallation,,40.0,132.0
957,,Feeder 1,Jackdown,1.6666666666666667,5208.333333333334,ACTION,4969.14063089515,TurbineInstallation,TurbineInstallation,,,
958,,WTIV,Attach Blade,1.5,18750.0,ACTION,4970.293964228484,TurbineInstallation,TurbineInstallation,,40.0,132.0
959,,WTIV,Jackdown,0.43333333333333335,5416.666666666667,ACTION,4970.727297561817,TurbineInstallation,TurbineInstallation,,40.0,132.0
960,,WTIV,Release Monopile,10.0,208333.3333333333,ACTION,4971.75046057799,MonopileInstallation,,,,
961,,WTIV,Upend Monopile,0.8819573087220198,18374.110598375413,ACTION,4972.632417886713,MonopileInstallation,MonopileInstallation,,40.0,
962,,WTIV,Lower Monopile,0.005,104.16666666666666,ACTION,4972.637417886713,MonopileInstallation,MonopileInstallation,,40.0,
963,,WTIV,Crane Reequip,1.0,20833.333333333332,ACTION,4973.637417886713,MonopileInstallation,MonopileInstallation,,40.0,
964,,WTIV,Drive Monopile,1.2,24999.999999999996,ACTION,4974.8374178867125,MonopileInstallation,MonopileInstallation,,40.0,
965,,Feeder 0,Fasten Transition Piece,8.0,25000.0,ACTION,4975.6635032692675,MonopileInstallation,MonopileInstallation,,,
966,,WTIV,Position Onsite,5.0,62500.0,ACTION,4975.727297561817,TurbineInstallation,,,,
967,,WTIV,Jackup,0.43333333333333335,5416.666666666667,ACTION,4976.1606308951505,TurbineInstallation,TurbineInstallation,,40.0,132.0
968,,Feeder 1,Transit,8.01674486822009,25052.327713187784,ACTION,4977.1573757633705,TurbineInstallation,,,,
969,,WTIV,Release Tower Section,1.0,12500.0,ACTION,4977.1606308951505,TurbineInstallation,,,,
970,,WTIV,Lift Tower Section,0.66,8250.0,ACTION,4977.82063089515,TurbineInstallation,TurbineInstallation,,40.0,132.0
971,,Feeder 1,Fasten Tower Section,2.0,6250.0,ACTION,4979.1573757633705,TurbineInstallation,TurbineInstallation,,,
972,,WTIV,Attach Tower Section,2.0,25000.0,ACTION,4979.82063089515,TurbineInstallation,TurbineInstallation,,40.0,132.0
973,,WTIV,Release Tower Section,1.0,12500.0,ACTION,4980.82063089515,TurbineInstallation,,,,
974,,Feeder 1,Fasten Tower Section,2.0,6250.0,ACTION,4981.1573757633705,TurbineInstallation,TurbineInstallation,,,
975,,WTIV,Lift Tower Section,1.32,16500.0,ACTION,4982.14063089515,TurbineInstallation,TurbineInstallation,,40.0,132.0
976,,Feeder 1,Fasten Nacelle,2.0,6250.0,ACTION,4983.1573757633705,TurbineInstallation,TurbineInstallation,,,
977,,Feeder 1,Fasten Blade,0.75,2343.75,ACTION,4983.9073757633705,TurbineInstallation,TurbineInstallation,,,
978,,WTIV,Attach Tower Section,2.0,25000.0,ACTION,4984.14063089515,TurbineInstallation,TurbineInstallation,,40.0,132.0
979,,Feeder 1,Fasten Blade,0.75,2343.75,ACTION,4984.6573757633705,TurbineInstallation,TurbineInstallation,,,
980,,WTIV,Release Transition Piece,10.0,208333.3333333333,ACTION,4984.8374178867125,MonopileInstallation,,,,
981,,WTIV,Release Nacelle,1.0,12500.0,ACTION,4985.14063089515,TurbineInstallation,,,,
982,,Feeder 1,Fasten Blade,0.75,2343.75,ACTION,4985.4073757633705,TurbineInstallation,TurbineInstallation,,,
983,,WTIV,Crane Reequip,1.0,20833.333333333332,ACTION,4985.8374178867125,MonopileInstallation,MonopileInstallation,,40.0,
984,,WTIV,Reequip,1.0,12500.0,ACTION,4986.14063089515,TurbineInstallation,,,,
985,,WTIV,Lower TP,1.0,20833.333333333332,ACTION,4986.8374178867125,MonopileInstallation,MonopileInstallation,,40.0,
986,,WTIV,Lift Nacelle,1.32,16500.0,ACTION,4987.460630895151,TurbineInstallation,TurbineInstallation,,40.0,132.0
987,,WTIV,Attach Nacelle,2.0,25000.0,ACTION,4989.460630895151,TurbineInstallation,TurbineInstallation,,40.0,132.0
988,,WTIV,Reequip,1.0,12500.0,ACTION,4990.460630895151,TurbineInstallation,,,,
989,,WTIV,Bolt TP,4.0,83333.33333333333,ACTION,4990.8374178867125,MonopileInstallation,MonopileInstallation,,40.0,
990,,WTIV,Release Blade,0.5,6250.0,ACTION,4990.960630895151,TurbineInstallation,,,,
991,,WTIV,Lift Blade,1.32,16500.0,ACTION,4992.28063089515,TurbineInstallation,TurbineInstallation,,40.0,132.0
992,,WTIV,Jackdown,1.6666666666666667,34722.22222222222,ACTION,4992.5040845533795,MonopileInstallation,MonopileInstallation,,40.0,
993,,Feeder 1,Transit,8.01674486822009,25052.327713187784,ACTION,4993.42412063159,TurbineInstallation,,,,
994,,WTIV,Attach Blade,1.5,18750.0,ACTION,4993.78063089515,TurbineInstallation,TurbineInstallation,,40.0,132.0
995,,WTIV,Release Blade,0.5,6250.0,ACTION,4994.28063089515,TurbineInstallation,,,,
996,,Feeder 1,Jackup,1.6666666666666667,5208.333333333334,ACTION,4995.090787298257,TurbineInstallation,TurbineInstallation,,,
997,,WTIV,Lift Blade,1.32,16500.0,ACTION,4995.60063089515,TurbineInstallation,TurbineInstallation,,40.0,132.0
998,,WTIV,Attach Blade,1.5,18750.0,ACTION,4997.10063089515,TurbineInstallation,TurbineInstallation,,40.0,132.0
999,,WTIV,Position Onsite,5.0,104166.66666666666,ACTION,4997.5040845533795,MonopileInstallation,,,,
1000,,WTIV,Release Blade,0.5,6250.0,ACTION,4997.60063089515,TurbineInstallation,,,,
1001,,Feeder 0,ActiveFeeder,30.126666666666637,94145.83333333324,ACTION,4997.60063089515,TurbineInstallation,,Site,,
1002,,Feeder 1,Queue,2.5098435968931483,7843.261240291088,ACTION,4997.60063089515,TurbineInstallation,,Site,,
1003,,WTIV,Lift Blade,1.32,16500.0,ACTION,4998.920630895151,TurbineInstallation,TurbineInstallation,,40.0,132.0
1004,,WTIV,Jackup,1.6666666666666667,34722.22222222222,ACTION,4999.170751220046,MonopileInstallation,MonopileInstallation,,40.0,
1005,,Feeder 0,Jackdown,1.6666666666666667,5208.333333333334,ACTION,4999.267297561817,TurbineInstallation,TurbineInstallation,,,
1006,,WTIV,RovSurvey,1.0,20833.333333333332,ACTION,5000.170751220046,MonopileInstallation,MonopileInstallation,,40.0,
1007,,WTIV,Attach Blade,1.5,18750.0,ACTION,5000.420630895151,TurbineInstallation,TurbineInstallation,,40.0,132.0
1008,,WTIV,Jackdown,0.43333333333333335,5416.666666666667,ACTION,5000.853964228483,TurbineInstallation,TurbineInstallation,,40.0,132.0
1009,,WTIV,Position Onsite,5.0,62500.0,ACTION,5005.853964228483,TurbineInstallation,,,,
1010,,WTIV,Jackup,0.43333333333333335,5416.666666666667,ACTION,5006.287297561817,TurbineInstallation,TurbineInstallation,,40.0,132.0
1011,,Feeder 0,Transit,8.01674486822009,25052.327713187784,ACTION,5007.284042430037,TurbineInstallation,,,,
1012,,WTIV,Release Tower Section,1.0,12500.0,ACTION,5007.287297561817,TurbineInstallation,,,,
1013,,WTIV,Lift Tower Section,0.66,8250.0,ACTION,5007.947297561817,TurbineInstallation,TurbineInstallation,,40.0,132.0
1014,,Feeder 0,Fasten Tower Section,2.0,6250.0,ACTION,5009.284042430037,TurbineInstallation,TurbineInstallation,,,
1015,,WTIV,Attach Tower Section,2.0,25000.0,ACTION,5009.947297561817,TurbineInstallation,TurbineInstallation,,40.0,132.0
1016,,WTIV,Release Monopile,10.0,208333.3333333333,ACTION,5010.170751220046,MonopileInstallation,,,,
1017,,WTIV,Release Tower Section,1.0,12500.0,ACTION,5010.947297561817,TurbineInstallation,,,,
1018,,WTIV,Upend Monopile,0.8819573087220198,18374.110598375413,ACTION,5011.052708528769,MonopileInstallation,MonopileInstallation,,40.0,
1019,,WTIV,Lower Monopile,0.005,104.16666666666666,ACTION,5011.057708528769,MonopileInstallation,MonopileInstallation,,40.0,
1020,,Feeder 0,Fasten Tower Section,2.0,6250.0,ACTION,5011.284042430037,TurbineInstallation,TurbineInstallation,,,
1021,,WTIV,Crane Reequip,1.0,20833.333333333332,ACTION,5012.057708528769,MonopileInstallation,MonopileInstallation,,40.0,
1022,,WTIV,Lift Tower Section,1.32,16500.0,ACTION,5012.267297561817,TurbineInstallation,TurbineInstallation,,40.0,132.0
1023,,Feeder 0,Transit,37.11467868303137,115983.37088447304,ACTION,5012.778181952299,MonopileInstallation,,,,
1024,,WTIV,Drive Monopile,1.2,24999.999999999996,ACTION,5013.2577085287685,MonopileInstallation,MonopileInstallation,,40.0,
1025,,Feeder 0,Fasten Nacelle,2.0,6250.0,ACTION,5013.284042430037,TurbineInstallation,TurbineInstallation,,,
1026,,Feeder 0,Fasten Blade,0.75,2343.75,ACTION,5014.034042430037,TurbineInstallation,TurbineInstallation,,,
1027,,WTIV,Attach Tower Section,2.0,25000.0,ACTION,5014.267297561817,TurbineInstallation,TurbineInstallation,,40.0,132.0
1028,,Feeder 0,Jackup,1.6666666666666667,5208.333333333334,ACTION,5014.444848618966,MonopileInstallation,MonopileInstallation,,,
1029,,Feeder 0,Fasten Blade,0.75,2343.75,ACTION,5014.784042430037,TurbineInstallation,TurbineInstallation,,,
1030,,WTIV,Release Nacelle,1.0,12500.0,ACTION,5015.267297561817,TurbineInstallation,,,,
1031,,Feeder 0,Fasten Blade,0.75,2343.75,ACTION,5015.534042430037,TurbineInstallation,TurbineInstallation,,,
1032,,WTIV,Reequip,1.0,12500.0,ACTION,5016.267297561817,TurbineInstallation,,,,
1033,,WTIV,Lift Nacelle,1.32,16500.0,ACTION,5017.587297561817,TurbineInstallation,TurbineInstallation,,40.0,132.0
1034,,WTIV,Attach Nacelle,2.0,25000.0,ACTION,5019.587297561817,TurbineInstallation,TurbineInstallation,,40.0,132.0
1035,,WTIV,Reequip,1.0,12500.0,ACTION,5020.587297561817,TurbineInstallation,,,,
1036,,WTIV,Release Blade,0.5,6250.0,ACTION,5021.087297561817,TurbineInstallation,,,,
1037,,WTIV,Lift Blade,1.32,16500.0,ACTION,5022.407297561816,TurbineInstallation,TurbineInstallation,,40.0,132.0
1038,,WTIV,Release Transition Piece,10.0,208333.3333333333,ACTION,5023.2577085287685,MonopileInstallation,,,,
1039,,Feeder 1,ActiveFeeder,107.594205259501,336231.89143594063,ACTION,5023.2577085287685,MonopileInstallation,,Site,,
1040,,Feeder 0,Transit,8.01674486822009,25052.327713187784,ACTION,5023.550787298257,TurbineInstallation,,,,
1041,,WTIV,Attach Blade,1.5,18750.0,ACTION,5023.907297561816,TurbineInstallation,TurbineInstallation,,40.0,132.0
1042,,WTIV,Crane Reequip,1.0,20833.333333333332,ACTION,5024.2577085287685,MonopileInstallation,MonopileInstallation,,40.0,
1043,,WTIV,Release Blade,0.5,6250.0,ACTION,5024.407297561816,TurbineInstallation,,,,
1044,,Feeder 1,Jackdown,1.6666666666666667,5208.333333333334,ACTION,5024.9243751954355,MonopileInstallation,MonopileInstallation,,,
1045,,Feeder 0,Jackup,1.6666666666666667,5208.333333333334,ACTION,5025.217453964924,TurbineInstallation,TurbineInstallation,,,
1046,,WTIV,Lower TP,1.0,20833.333333333332,ACTION,5025.2577085287685,MonopileInstallation,MonopileInstallation,,40.0,
1047,,WTIV,Lift Blade,1.32,16500.0,ACTION,5025.727297561817,TurbineInstallation,TurbineInstallation,,40.0,132.0
1048,,WTIV,Attach Blade,1.5,18750.0,ACTION,5027.227297561817,TurbineInstallation,TurbineInstallation,,40.0,132.0
1049,,WTIV,Release Blade,0.5,6250.0,ACTION,5027.727297561817,TurbineInstallation,,,,
1050,,Feeder 1,ActiveFeeder,30.126666666666665,94145.83333333333,ACTION,5027.727297561817,TurbineInstallation,,Site,,
1051,,Feeder 0,Queue,2.5098435968931767,7843.261240291177,ACTION,5027.727297561817,TurbineInstallation,,Site,,
1052,,WTIV,Lift Blade,1.32,16500.0,ACTION,5029.047297561817,TurbineInstallation,TurbineInstallation,,40.0,132.0
1053,,WTIV,Bolt TP,4.0,83333.33333333333,ACTION,5029.2577085287685,MonopileInstallation,MonopileInstallation,,40.0,
1054,,Feeder 1,Jackdown,1.6666666666666667,5208.333333333334,ACTION,5029.393964228484,TurbineInstallation,TurbineInstallation,,,
1055,,WTIV,Attach Blade,1.5,18750.0,ACTION,5030.547297561817,TurbineInstallation,TurbineInstallation,,40.0,132.0
1056,,WTIV,Jackdown,1.6666666666666667,34722.22222222222,ACTION,5030.9243751954355,MonopileInstallation,MonopileInstallation,,40.0,
1057,,WTIV,Jackdown,0.43333333333333335,5416.666666666667,ACTION,5030.98063089515,TurbineInstallation,TurbineInstallation,,40.0,132.0
1058,,WTIV,Position Onsite,5.0,62500.0,ACTION,5035.98063089515,TurbineInstallation,,,,
1059,,WTIV,Jackup,0.43333333333333335,5416.666666666667,ACTION,5036.413964228484,TurbineInstallation,TurbineInstallation,,40.0,132.0
1060,,Feeder 1,Transit,8.01674486822009,25052.327713187784,ACTION,5037.410709096704,TurbineInstallation,,,,
1061,,WTIV,Release Tower Section,1.0,12500.0,ACTION,5037.413964228484,TurbineInstallation,,,,
1062,,WTIV,Lift Tower Section,0.66,8250.0,ACTION,5038.073964228483,TurbineInstallation,TurbineInstallation,,40.0,132.0
1063,,Feeder 1,Fasten Tower Section,2.0,6250.0,ACTION,5039.410709096704,TurbineInstallation,TurbineInstallation,,,
1064,,WTIV,Attach Tower Section,2.0,25000.0,ACTION,5040.073964228483,TurbineInstallation,TurbineInstallation,,40.0,132.0
1065,,WTIV,Release Tower Section,1.0,12500.0,ACTION,5041.073964228483,TurbineInstallation,,,,
1066,,Feeder 1,Fasten Tower Section,2.0,6250.0,ACTION,5041.410709096704,TurbineInstallation,TurbineInstallation,,,
1067,,WTIV,Lift Tower Section,1.32,16500.0,ACTION,5042.393964228484,TurbineInstallation,TurbineInstallation,,40.0,132.0
1068,,Feeder 1,Fasten Nacelle,2.0,6250.0,ACTION,5043.410709096704,TurbineInstallation,TurbineInstallation,,,
1069,,Feeder 1,Fasten Blade,0.75,2343.75,ACTION,5044.160709096704,TurbineInstallation,TurbineInstallation,,,
1070,,WTIV,Attach Tower Section,2.0,25000.0,ACTION,5044.393964228484,TurbineInstallation,TurbineInstallation,,40.0,132.0
1071,,Feeder 1,Fasten Blade,0.75,2343.75,ACTION,5044.910709096704,TurbineInstallation,TurbineInstallation,,,
1072,,WTIV,Release Nacelle,1.0,12500.0,ACTION,5045.393964228484,TurbineInstallation,,,,
1073,,Feeder 1,Fasten Blade,0.75,2343.75,ACTION,5045.660709096704,TurbineInstallation,TurbineInstallation,,,
1074,,WTIV,Reequip,1.0,12500.0,ACTION,5046.393964228484,TurbineInstallation,,,,
1075,,WTIV,Lift Nacelle,1.32,16500.0,ACTION,5047.713964228484,TurbineInstallation,TurbineInstallation,,40.0,132.0
1076,,WTIV,Attach Nacelle,2.0,25000.0,ACTION,5049.713964228484,TurbineInstallation,TurbineInstallation,,40.0,132.0
1077,,WTIV,Reequip,1.0,12500.0,ACTION,5050.713964228484,TurbineInstallation,,,,
1078,,WTIV,Release Blade,0.5,6250.0,ACTION,5051.213964228484,TurbineInstallation,,,,
1079,,WTIV,Lift Blade,1.32,16500.0,ACTION,5052.5339642284835,TurbineInstallation,TurbineInstallation,,40.0,132.0
1080,,Feeder 1,Transit,8.01674486822009,25052.327713187784,ACTION,5053.677453964924,TurbineInstallation,,,,
1081,,WTIV,Attach Blade,1.5,18750.0,ACTION,5054.0339642284835,TurbineInstallation,TurbineInstallation,,40.0,132.0
1082,,WTIV,Release Blade,0.5,6250.0,ACTION,5054.5339642284835,TurbineInstallation,,,,
1083,,Feeder 1,Jackup,1.6666666666666667,5208.333333333334,ACTION,5055.34412063159,TurbineInstallation,TurbineInstallation,,,
1084,,WTIV,Lift Blade,1.32,16500.0,ACTION,5055.853964228483,TurbineInstallation,TurbineInstallation,,40.0,132.0
1085,,WTIV,Attach Blade,1.5,18750.0,ACTION,5057.353964228483,TurbineInstallation,TurbineInstallation,,40.0,132.0
1086,,WTIV,Release Blade,0.5,6250.0,ACTION,5057.853964228483,TurbineInstallation,,,,
1087,,Feeder 0,ActiveFeeder,30.126666666666665,94145.83333333333,ACTION,5057.853964228483,TurbineInstallation,,Site,,
1088,,Feeder 1,Queue,2.50984359689312,7843.261240291,ACTION,5057.853964228483,TurbineInstallation,,Site,,
1089,,WTIV,Lift Blade,1.32,16500.0,ACTION,5059.173964228484,TurbineInstallation,TurbineInstallation,,40.0,132.0
1090,,Feeder 0,Jackdown,1.6666666666666667,5208.333333333334,ACTION,5059.52063089515,TurbineInstallation,TurbineInstallation,,,
1091,,WTIV,Attach Blade,1.5,18750.0,ACTION,5060.673964228484,TurbineInstallation,TurbineInstallation,,40.0,132.0
1092,,WTIV,Jackdown,0.43333333333333335,5416.666666666667,ACTION,5061.107297561817,TurbineInstallation,TurbineInstallation,,40.0,132.0
1093,,Feeder 1,Transit,37.11467868303137,115983.37088447304,ACTION,5062.039053878467,MonopileInstallation,,,,
1094,,Feeder 0,Queue,47.594205259500995,148731.8914359406,ACTION,5062.039053878467,MonopileInstallation,,Site,,
1095,,WTIV,Delay: Not enough vessels for monopiles,31.114678683031343,648222.4725631529,ACTION,5062.039053878467,MonopileInstallation,,Site,,
1096,,WTIV,Position Onsite,5.0,62500.0,ACTION,5066.107297561817,TurbineInstallation,,,,
1097,,WTIV,Jackup,0.43333333333333335,5416.666666666667,ACTION,5066.540630895151,TurbineInstallation,TurbineInstallation,,40.0,132.0
1098,,WTIV,Position Onsite,5.0,104166.66666666666,ACTION,5067.039053878467,MonopileInstallation,,,,
1099,,Feeder 0,Transit,8.01674486822009,25052.327713187784,ACTION,5067.537375763371,TurbineInstallation,,,,
1100,,WTIV,Release Tower Section,1.0,12500.0,ACTION,5067.540630895151,TurbineInstallation,,,,
1101,,WTIV,Lift Tower Section,0.66,8250.0,ACTION,5068.20063089515,TurbineInstallation,TurbineInstallation,,40.0,132.0
1102,,WTIV,Jackup,1.6666666666666667,34722.22222222222,ACTION,5068.705720545134,MonopileInstallation,MonopileInstallation,,40.0,
1103,,Feeder 0,Fasten Tower Section,2.0,6250.0,ACTION,5069.537375763371,TurbineInstallation,TurbineInstallation,,,
1104,,WTIV,RovSurvey,1.0,20833.333333333332,ACTION,5069.705720545134,MonopileInstallation,MonopileInstallation,,40.0,
1105,,WTIV,Attach Tower Section,2.0,25000.0,ACTION,5070.20063089515,TurbineInstallation,TurbineInstallation,,40.0,132.0
1106,,WTIV,Release Tower Section,1.0,12500.0,ACTION,5071.20063089515,TurbineInstallation,,,,
1107,,Feeder 0,Fasten Tower Section,2.0,6250.0,ACTION,5071.537375763371,TurbineInstallation,TurbineInstallation,,,
1108,,WTIV,Lift Tower Section,1.32,16500.0,ACTION,5072.52063089515,TurbineInstallation,TurbineInstallation,,40.0,132.0
1109,,Feeder 0,Fasten Nacelle,2.0,6250.0,ACTION,5073.537375763371,TurbineInstallation,TurbineInstallation,,,
1110,,Feeder 1,Fasten Monopile,12.0,37500.0,ACTION,5074.039053878467,MonopileInstallation,MonopileInstallation,,,
1111,,Feeder 0,Fasten Blade,0.75,2343.75,ACTION,5074.287375763371,TurbineInstallation,TurbineInstallation,,,
1112,,WTIV,Attach Tower Section,2.0,25000.0,ACTION,5074.52063089515,TurbineInstallation,TurbineInstallation,,40.0,132.0
1113,,Feeder 0,Fasten Blade,0.75,2343.75,ACTION,5075.037375763371,TurbineInstallation,TurbineInstallation,,,
1114,,WTIV,Release Nacelle,1.0,12500.0,ACTION,5075.52063089515,TurbineInstallation,,,,
1115,,Feeder 0,Fasten Blade,0.75,2343.75,ACTION,5075.787375763371,TurbineInstallation,TurbineInstallation,,,
1116,,WTIV,Reequip,1.0,12500.0,ACTION,5076.52063089515,TurbineInstallation,,,,
1117,,WTIV,Lift Nacelle,1.32,16500.0,ACTION,5077.84063089515,TurbineInstallation,TurbineInstallation,,40.0,132.0
1118,,WTIV,Release Monopile,10.0,208333.3333333333,ACTION,5079.705720545134,MonopileInstallation,,,,
1119,,WTIV,Attach Nacelle,2.0,25000.0,ACTION,5079.84063089515,TurbineInstallation,TurbineInstallation,,40.0,132.0
1120,,WTIV,Upend Monopile,0.8819573087220198,18374.110598375413,ACTION,5080.587677853856,MonopileInstallation,MonopileInstallation,,40.0,
1121,,WTIV,Lower Monopile,0.005,104.16666666666666,ACTION,5080.592677853856,MonopileInstallation,MonopileInstallation,,40.0,
1122,,WTIV,Reequip,1.0,12500.0,ACTION,5080.84063089515,TurbineInstallation,,,,
1123,,WTIV,Release Blade,0.5,6250.0,ACTION,5081.34063089515,TurbineInstallation,,,,
1124,,WTIV,Crane Reequip,1.0,20833.333333333332,ACTION,5081.592677853856,MonopileInstallation,MonopileInstallation,,40.0,
1125,,Feeder 1,Fasten Transition Piece,8.0,25000.0,ACTION,5082.039053878467,MonopileInstallation,MonopileInstallation,,,
1126,,WTIV,Lift Blade,1.32,16500.0,ACTION,5082.6606308951505,TurbineInstallation,TurbineInstallation,,40.0,132.0
1127,,WTIV,Drive Monopile,1.2,24999.999999999996,ACTION,5082.792677853856,MonopileInstallation,MonopileInstallation,,40.0,
1128,,Feeder 0,Transit,8.01674486822009,25052.327713187784,ACTION,5083.80412063159,TurbineInstallation,,,,
1129,,WTIV,Attach Blade,1.5,18750.0,ACTION,5084.1606308951505,TurbineInstallation,TurbineInstallation,,40.0,132.0
1130,,WTIV,Release Blade,0.5,6250.0,ACTION,5084.6606308951505,TurbineInstallation,,,,
1131,,Feeder 0,Jackup,1.6666666666666667,5208.333333333334,ACTION,5085.470787298257,TurbineInstallation,TurbineInstallation,,,
1132,,WTIV,Lift Blade,1.32,16500.0,ACTION,5085.98063089515,TurbineInstallation,TurbineInstallation,,40.0,132.0
1133,,WTIV,Attach Blade,1.5,18750.0,ACTION,5087.48063089515,TurbineInstallation,TurbineInstallation,,40.0,132.0
1134,,WTIV,Release Blade,0.5,6250.0,ACTION,5087.98063089515,TurbineInstallation,,,,
1135,,Feeder 1,ActiveFeeder,30.126666666666665,94145.83333333333,ACTION,5087.98063089515,TurbineInstallation,,Site,,
1136,,Feeder 0,Queue,2.50984359689312,7843.261240291,ACTION,5087.98063089515,TurbineInstallation,,Site,,
1137,,WTIV,Lift Blade,1.32,16500.0,ACTION,5089.30063089515,TurbineInstallation,TurbineInstallation,,40.0,132.0
1138,,Feeder 1,Jackdown,1.6666666666666667,5208.333333333334,ACTION,5089.647297561817,TurbineInstallation,TurbineInstallation,,,
1139,,WTIV,Attach Blade,1.5,18750.0,ACTION,5090.80063089515,TurbineInstallation,TurbineInstallation,,40.0,132.0
1140,,WTIV,Jackdown,0.43333333333333335,5416.666666666667,ACTION,5091.233964228483,TurbineInstallation,TurbineInstallation,,40.0,132.0
1141,,WTIV,Release Transition Piece,10.0,208333.3333333333,ACTION,5092.792677853856,MonopileInstallation,,,,
1142,,WTIV,Crane Reequip,1.0,20833.333333333332,ACTION,5093.792677853856,MonopileInstallation,MonopileInstallation,,40.0,
1143,,Feeder 1,Fasten Monopile,12.0,37500.0,ACTION,5094.039053878467,MonopileInstallation,MonopileInstallation,,,
1144,,WTIV,Lower TP,1.0,20833.333333333332,ACTION,5094.792677853856,MonopileInstallation,MonopileInstallation,,40.0,
1145,,WTIV,Position Onsite,5.0,62500.0,ACTION,5096.233964228483,TurbineInstallation,,,,
1146,,WTIV,Jackup,0.43333333333333335,5416.666666666667,ACTION,5096.667297561817,TurbineInstallation,TurbineInstallation,,40.0,132.0
1147,,Feeder 1,Transit,8.01674486822009,25052.327713187784,ACTION,5097.664042430037,TurbineInstallation,,,,
1148,,WTIV,Release Tower Section,1.0,12500.0,ACTION,5097.667297561817,TurbineInstallation,,,,
1149,,WTIV,Lift Tower Section,0.66,8250.0,ACTION,5098.3272975618165,TurbineInstallation,TurbineInstallation,,40.0,132.0
1150,,WTIV,Bolt TP,4.0,83333.33333333333,ACTION,5098.792677853856,MonopileInstallation,MonopileInstallation,,40.0,
1151,,Feeder 1,Fasten Tower Section,2.0,6250.0,ACTION,5099.664042430037,TurbineInstallation,TurbineInstallation,,,
1152,,WTIV,Attach Tower Section,2.0,25000.0,ACTION,5100.3272975618165,TurbineInstallation,TurbineInstallation,,40.0,132.0
1153,,WTIV,Jackdown,1.6666666666666667,34722.22222222222,ACTION,5100.459344520523,MonopileInstallation,MonopileInstallation,,40.0,
1154,,WTIV,Release Tower Section,1.0,12500.0,ACTION,5101.3272975618165,TurbineInstallation,,,,
1155,,Feeder 1,Fasten Tower Section,2.0,6250.0,ACTION,5101.664042430037,TurbineInstallation,TurbineInstallation,,,
1156,,Feeder 1,Fasten Transition Piece,8.0,25000.0,ACTION,5102.039053878467,MonopileInstallation,MonopileInstallation,,,
1157,,WTIV,Lift Tower Section,1.32,16500.0,ACTION,5102.647297561817,TurbineInstallation,TurbineInstallation,,40.0,132.0
1158,,Feeder 1,Fasten Nacelle,2.0,6250.0,ACTION,5103.664042430037,TurbineInstallation,TurbineInstallation,,,
1159,,Feeder 1,Fasten Blade,0.75,2343.75,ACTION,5104.414042430037,TurbineInstallation,TurbineInstallation,,,
1160,,WTIV,Attach Tower Section,2.0,25000.0,ACTION,5104.647297561817,TurbineInstallation,TurbineInstallation,,40.0,132.0
1161,,Feeder 1,Fasten Blade,0.75,2343.75,ACTION,5105.164042430037,TurbineInstallation,TurbineInstallation,,,
1162,,WTIV,Position Onsite,5.0,104166.66666666666,ACTION,5105.459344520523,MonopileInstallation,,,,
1163,,WTIV,Release Nacelle,1.0,12500.0,ACTION,5105.647297561817,TurbineInstallation,,,,
1164,,Feeder 1,Fasten Blade,0.75,2343.75,ACTION,5105.914042430037,TurbineInstallation,TurbineInstallation,,,
1165,,WTIV,Reequip,1.0,12500.0,ACTION,5106.647297561817,TurbineInstallation,,,,
1166,,WTIV,Jackup,1.6666666666666667,34722.22222222222,ACTION,5107.12601118719,MonopileInstallation,MonopileInstallation,,40.0,
1167,,WTIV,Lift Nacelle,1.32,16500.0,ACTION,5107.967297561817,TurbineInstallation,TurbineInstallation,,40.0,132.0
1168,,WTIV,RovSurvey,1.0,20833.333333333332,ACTION,5108.12601118719,MonopileInstallation,MonopileInstallation,,40.0,
1169,,WTIV,Attach Nacelle,2.0,25000.0,ACTION,5109.967297561817,TurbineInstallation,TurbineInstallation,,40.0,132.0
1170,,WTIV,Reequip,1.0,12500.0,ACTION,5110.967297561817,TurbineInstallation,,,,
1171,,WTIV,Release Blade,0.5,6250.0,ACTION,5111.467297561817,TurbineInstallation,,,,
1172,,WTIV,Lift Blade,1.32,16500.0,ACTION,5112.787297561817,TurbineInstallation,TurbineInstallation,,40.0,132.0
1173,,Feeder 1,Transit,8.01674486822009,25052.327713187784,ACTION,5113.930787298257,TurbineInstallation,,,,
1174,,Feeder 1,Fasten Monopile,12.0,37500.0,ACTION,5114.039053878467,MonopileInstallation,MonopileInstallation,,,
1175,,WTIV,Attach Blade,1.5,18750.0,ACTION,5114.287297561817,TurbineInstallation,TurbineInstallation,,40.0,132.0
1176,,WTIV,Release Blade,0.5,6250.0,ACTION,5114.787297561817,TurbineInstallation,,,,
1177,,Feeder 1,Jackup,1.6666666666666667,5208.333333333334,ACTION,5115.597453964924,TurbineInstallation,TurbineInstallation,,,
1178,,WTIV,Lift Blade,1.32,16500.0,ACTION,5116.107297561817,TurbineInstallation,TurbineInstallation,,40.0,132.0
1179,,WTIV,Attach Blade,1.5,18750.0,ACTION,5117.607297561817,TurbineInstallation,TurbineInstallation,,40.0,132.0
1180,,WTIV,Release Blade,0.5,6250.0,ACTION,5118.107297561817,TurbineInstallation,,,,
1181,,Feeder 0,ActiveFeeder,30.126666666666665,94145.83333333333,ACTION,5118.107297561817,TurbineInstallation,,Site,,
1182,,Feeder 1,Queue,2.50984359689312,7843.261240291,ACTION,5118.107297561817,TurbineInstallation,,Site,,
1183,,WTIV,Release Monopile,10.0,208333.3333333333,ACTION,5118.12601118719,MonopileInstallation,,,,
1184,,WTIV,Upend Monopile,0.8819573087220198,18374.110598375413,ACTION,5119.007968495912,MonopileInstallation,MonopileInstallation,,40.0,
1185,,WTIV,Lower Monopile,0.005,104.16666666666666,ACTION,5119.012968495912,MonopileInstallation,MonopileInstallation,,40.0,
1186,,WTIV,Lift Blade,1.32,16500.0,ACTION,5119.427297561817,TurbineInstallation,TurbineInstallation,,40.0,132.0
1187,,Feeder 0,Jackdown,1.6666666666666667,5208.333333333334,ACTION,5119.773964228483,TurbineInstallation,TurbineInstallation,,,
1188,,WTIV,Crane Reequip,1.0,20833.333333333332,ACTION,5120.012968495912,MonopileInstallation,MonopileInstallation,,40.0,
1189,,WTIV,Attach Blade,1.5,18750.0,ACTION,5120.927297561817,TurbineInstallation,TurbineInstallation,,40.0,132.0
1190,,WTIV,Drive Monopile,1.2,24999.999999999996,ACTION,5121.212968495912,MonopileInstallation,MonopileInstallation,,40.0,
1191,,WTIV,Jackdown,0.43333333333333335,5416.666666666667,ACTION,5121.36063089515,TurbineInstallation,TurbineInstallation,,40.0,132.0
1192,,Feeder 1,Fasten Transition Piece,8.0,25000.0,ACTION,5122.039053878467,MonopileInstallation,MonopileInstallation,,,
1193,,WTIV,Position Onsite,5.0,62500.0,ACTION,5126.36063089515,TurbineInstallation,,,,
1194,,WTIV,Jackup,0.43333333333333335,5416.666666666667,ACTION,5126.793964228484,TurbineInstallation,TurbineInstallation,,40.0,132.0
1195,,Feeder 0,Transit,8.01674486822009,25052.327713187784,ACTION,5127.790709096704,TurbineInstallation,,,,
1196,,WTIV,Release Tower Section,1.0,12500.0,ACTION,5127.793964228484,TurbineInstallation,,,,
1197,,WTIV,Lift Tower Section,0.66,8250.0,ACTION,5128.4539642284835,TurbineInstallation,TurbineInstallation,,40.0,132.0
1198,,Feeder 0,Fasten Tower Section,2.0,6250.0,ACTION,5129.790709096704,TurbineInstallation,TurbineInstallation,,,
1199,,WTIV,Attach Tower Section,2.0,25000.0,ACTION,5130.4539642284835,TurbineInstallation,TurbineInstallation,,40.0,132.0
1200,,WTIV,Release Transition Piece,10.0,208333.3333333333,ACTION,5131.212968495912,MonopileInstallation,,,,
1201,,WTIV,Release Tower Section,1.0,12500.0,ACTION,5131.4539642284835,TurbineInstallation,,,,
1202,,Feeder 0,Fasten Tower Section,2.0,6250.0,ACTION,5131.790709096704,TurbineInstallation,TurbineInstallation,,,
1203,,WTIV,Crane Reequip,1.0,20833.333333333332,ACTION,5132.212968495912,MonopileInstallation,MonopileInstallation,,40.0,
1204,,WTIV,Lift Tower Section,1.32,16500.0,ACTION,5132.773964228483,TurbineInstallation,TurbineInstallation,,40.0,132.0
1205,,WTIV,Lower TP,1.0,20833.333333333332,ACTION,5133.212968495912,MonopileInstallation,MonopileInstallation,,40.0,
1206,,Feeder 0,Fasten Nacelle,2.0,6250.0,ACTION,5133.790709096704,TurbineInstallation,TurbineInstallation,,,
1207,,Feeder 0,Fasten Blade,0.75,2343.75,ACTION,5134.540709096704,TurbineInstallation,TurbineInstallation,,,
1208,,WTIV,Attach Tower Section,2.0,25000.0,ACTION,5134.773964228483,TurbineInstallation,TurbineInstallation,,40.0,132.0
1209,,Feeder 0,Fasten Blade,0.75,2343.75,ACTION,5135.290709096704,TurbineInstallation,TurbineInstallation,,,
1210,,WTIV,Release Nacelle,1.0,12500.0,ACTION,5135.773964228483,TurbineInstallation,,,,
1211,,Feeder 0,Fasten Blade,0.75,2343.75,ACTION,5136.040709096704,TurbineInstallation,TurbineInstallation,,,
1212,,WTIV,Reequip,1.0,12500.0,ACTION,5136.773964228483,TurbineInstallation,,,,
1213,,WTIV,Bolt TP,4.0,83333.33333333333,ACTION,5137.212968495912,MonopileInstallation,MonopileInstallation,,40.0,
1214,,WTIV,Lift Nacelle,1.32,16500.0,ACTION,5138.093964228484,TurbineInstallation,TurbineInstallation,,40.0,132.0
1215,,WTIV,Jackdown,1.6666666666666667,34722.22222222222,ACTION,5138.879635162579,MonopileInstallation,MonopileInstallation,,40.0,
1216,,WTIV,Attach Nacelle,2.0,25000.0,ACTION,5140.093964228484,TurbineInstallation,TurbineInstallation,,40.0,132.0
1217,,WTIV,Reequip,1.0,12500.0,ACTION,5141.093964228484,TurbineInstallation,,,,
1218,,WTIV,Release Blade,0.5,6250.0,ACTION,5141.593964228484,TurbineInstallation,,,,
1219,,WTIV,Lift Blade,1.32,16500.0,ACTION,5142.913964228484,TurbineInstallation,TurbineInstallation,,40.0,132.0
1220,,WTIV,Position Onsite,5.0,104166.66666666666,ACTION,5143.879635162579,MonopileInstallation,,,,
1221,,Feeder 0,Transit,8.01674486822009,25052.327713187784,ACTION,5144.057453964924,TurbineInstallation,,,,
1222,,WTIV,Attach Blade,1.5,18750.0,ACTION,5144.413964228484,TurbineInstallation,TurbineInstallation,,40.0,132.0
1223,,WTIV,Release Blade,0.5,6250.0,ACTION,5144.913964228484,TurbineInstallation,,,,
1224,,WTIV,Jackup,1.6666666666666667,34722.22222222222,ACTION,5145.546301829246,MonopileInstallation,MonopileInstallation,,40.0,
1225,,Feeder 0,Jackup,1.6666666666666667,5208.333333333334,ACTION,5145.72412063159,TurbineInstallation,TurbineInstallation,,,
1226,,WTIV,Lift Blade,1.32,16500.0,ACTION,5146.233964228483,TurbineInstallation,TurbineInstallation,,40.0,132.0
1227,,WTIV,RovSurvey,1.0,20833.333333333332,ACTION,5146.546301829246,MonopileInstallation,MonopileInstallation,,40.0,
1228,,WTIV,Attach Blade,1.5,18750.0,ACTION,5147.733964228483,TurbineInstallation,TurbineInstallation,,40.0,132.0
1229,,WTIV,Release Blade,0.5,6250.0,ACTION,5148.233964228483,TurbineInstallation,,,,
1230,,Feeder 1,ActiveFeeder,30.126666666666665,94145.83333333333,ACTION,5148.233964228483,TurbineInstallation,,Site,,
1231,,Feeder 0,Queue,2.50984359689312,7843.261240291,ACTION,5148.233964228483,TurbineInstallation,,Site,,
1232,,WTIV,Lift Blade,1.32,16500.0,ACTION,5149.553964228484,TurbineInstallation,TurbineInstallation,,40.0,132.0
1233,,Feeder 1,Jackdown,1.6666666666666667,5208.333333333334,ACTION,5149.90063089515,TurbineInstallation,TurbineInstallation,,,
1234,,WTIV,Attach Blade,1.5,18750.0,ACTION,5151.053964228484,TurbineInstallation,TurbineInstallation,,40.0,132.0
1235,,WTIV,Jackdown,0.43333333333333335,5416.666666666667,ACTION,5151.487297561817,TurbineInstallation,TurbineInstallation,,40.0,132.0
1236,,WTIV,Position Onsite,5.0,62500.0,ACTION,5156.487297561817,TurbineInstallation,,,,
1237,,WTIV,Release Monopile,10.0,208333.3333333333,ACTION,5156.546301829246,MonopileInstallation,,,,
1238,,WTIV,Jackup,0.43333333333333335,5416.666666666667,ACTION,5156.920630895151,TurbineInstallation,TurbineInstallation,,40.0,132.0
1239,,WTIV,Upend Monopile,0.8819573087220198,18374.110598375413,ACTION,5157.428259137968,MonopileInstallation,MonopileInstallation,,40.0,
1240,,WTIV,Lower Monopile,0.005,104.16666666666666,ACTION,5157.433259137968,MonopileInstallation,MonopileInstallation,,40.0,
1241,,Feeder 1,Transit,8.01674486822009,25052.327713187784,ACTION,5157.917375763371,TurbineInstallation,,,,
1242,,WTIV,Release Tower Section,1.0,12500.0,ACTION,5157.920630895151,TurbineInstallation,,,,
1243,,WTIV,Crane Reequip,1.0,20833.333333333332,ACTION,5158.433259137968,MonopileInstallation,MonopileInstallation,,40.0,
1244,,WTIV,Lift Tower Section,0.66,8250.0,ACTION,5158.5806308951505,TurbineInstallation,TurbineInstallation,,40.0,132.0
1245,,Feeder 1,Transit,37.11467868303137,115983.37088447304,ACTION,5159.153732561498,MonopileInstallation,,,,
1246,,WTIV,Drive Monopile,1.2,24999.999999999996,ACTION,5159.633259137968,MonopileInstallation,MonopileInstallation,,40.0,
1247,,Feeder 1,Fasten Tower Section,2.0,6250.0,ACTION,5159.917375763371,TurbineInstallation,TurbineInstallation,,,
1248,,WTIV,Attach Tower Section,2.0,25000.0,ACTION,5160.5806308951505,TurbineInstallation,TurbineInstallation,,40.0,132.0
1249,,Feeder 1,Jackup,1.6666666666666667,5208.333333333334,ACTION,5160.820399228165,MonopileInstallation,MonopileInstallation,,,
1250,,WTIV,Release Tower Section,1.0,12500.0,ACTION,5161.5806308951505,TurbineInstallation,,,,
1251,,Feeder 1,Fasten Tower Section,2.0,6250.0,ACTION,5161.917375763371,TurbineInstallation,TurbineInstallation,,,
1252,,WTIV,Lift Tower Section,1.32,16500.0,ACTION,5162.90063089515,TurbineInstallation,TurbineInstallation,,40.0,132.0
1253,,Feeder 1,Fasten Nacelle,2.0,6250.0,ACTION,5163.917375763371,TurbineInstallation,TurbineInstallation,,,
1254,,Feeder 1,Fasten Blade,0.75,2343.75,ACTION,5164.667375763371,TurbineInstallation,TurbineInstallation,,,
1255,,WTIV,Attach Tower Section,2.0,25000.0,ACTION,5164.90063089515,TurbineInstallation,TurbineInstallation,,40.0,132.0
1256,,Feeder 1,Fasten Blade,0.75,2343.75,ACTION,5165.417375763371,TurbineInstallation,TurbineInstallation,,,
1257,,WTIV,Release Nacelle,1.0,12500.0,ACTION,5165.90063089515,TurbineInstallation,,,,
1258,,Feeder 1,Fasten Blade,0.75,2343.75,ACTION,5166.167375763371,TurbineInstallation,TurbineInstallation,,,
1259,,WTIV,Reequip,1.0,12500.0,ACTION,5166.90063089515,TurbineInstallation,,,,
1260,,WTIV,Lift Nacelle,1.32,16500.0,ACTION,5168.22063089515,TurbineInstallation,TurbineInstallation,,40.0,132.0
1261,,WTIV,Release Transition Piece,10.0,208333.3333333333,ACTION,5169.633259137968,MonopileInstallation,,,,
1262,,Feeder 0,ActiveFeeder,107.594205259501,336231.89143594063,ACTION,5169.633259137968,MonopileInstallation,,Site,,
1263,,WTIV,Attach Nacelle,2.0,25000.0,ACTION,5170.22063089515,TurbineInstallation,TurbineInstallation,,40.0,132.0
1264,,WTIV,Crane Reequip,1.0,20833.333333333332,ACTION,5170.633259137968,MonopileInstallation,MonopileInstallation,,40.0,
1265,,WTIV,Reequip,1.0,12500.0,ACTION,5171.22063089515,TurbineInstallation,,,,
1266,,Feeder 0,Jackdown,1.6666666666666667,5208.333333333334,ACTION,5171.299925804635,MonopileInstallation,MonopileInstallation,,,
1267,,WTIV,Lower TP,1.0,20833.333333333332,ACTION,5171.633259137968,MonopileInstallation,MonopileInstallation,,40.0,
1268,,WTIV,Release Blade,0.5,6250.0,ACTION,5171.72063089515,TurbineInstallation,,,,
1269,,WTIV,Lift Blade,1.32,16500.0,ACTION,5173.040630895151,TurbineInstallation,TurbineInstallation,,40.0,132.0
1270,,Feeder 1,Transit,8.01674486822009,25052.327713187784,ACTION,5174.18412063159,TurbineInstallation,,,,
1271,,WTIV,Attach Blade,1.5,18750.0,ACTION,5174.540630895151,TurbineInstallation,TurbineInstallation,,40.0,132.0
1272,,WTIV,Release Blade,0.5,6250.0,ACTION,5175.040630895151,TurbineInstallation,,,,
1273,,WTIV,Bolt TP,4.0,83333.33333333333,ACTION,5175.633259137968,MonopileInstallation,MonopileInstallation,,40.0,
1274,,Feeder 1,Jackup,1.6666666666666667,5208.333333333334,ACTION,5175.850787298257,TurbineInstallation,TurbineInstallation,,,
1275,,WTIV,Lift Blade,1.32,16500.0,ACTION,5176.36063089515,TurbineInstallation,TurbineInstallation,,40.0,132.0
1276,,WTIV,Jackdown,1.6666666666666667,34722.22222222222,ACTION,5177.299925804635,MonopileInstallation,MonopileInstallation,,40.0,
1277,,WTIV,Attach Blade,1.5,18750.0,ACTION,5177.86063089515,TurbineInstallation,TurbineInstallation,,40.0,132.0
1278,,WTIV,Release Blade,0.5,6250.0,ACTION,5178.36063089515,TurbineInstallation,,,,
1279,,Feeder 0,ActiveFeeder,30.126666666666665,94145.83333333333,ACTION,5178.36063089515,TurbineInstallation,,Site,,
1280,,Feeder 1,Queue,2.50984359689312,7843.261240291,ACTION,5178.36063089515,TurbineInstallation,,Site,,
1281,,WTIV,Lift Blade,1.32,16500.0,ACTION,5179.68063089515,TurbineInstallation,TurbineInstallation,,40.0,132.0
1282,,Feeder 0,Jackdown,1.6666666666666667,5208.333333333334,ACTION,5180.027297561817,TurbineInstallation,TurbineInstallation,,,
1283,,WTIV,Attach Blade,1.5,18750.0,ACTION,5181.18063089515,TurbineInstallation,TurbineInstallation,,40.0,132.0
1284,,WTIV,Jackdown,0.43333333333333335,5416.666666666667,ACTION,5181.613964228483,TurbineInstallation,TurbineInstallation,,40.0,132.0
1285,,WTIV,Position Onsite,5.0,62500.0,ACTION,5186.613964228483,TurbineInstallation,,,,
1286,,WTIV,Jackup,0.43333333333333335,5416.666666666667,ACTION,5187.047297561817,TurbineInstallation,TurbineInstallation,,40.0,132.0
1287,,Feeder 0,Transit,8.01674486822009,25052.327713187784,ACTION,5188.044042430037,TurbineInstallation,,,,
1288,,WTIV,Release Tower Section,1.0,12500.0,ACTION,5188.047297561817,TurbineInstallation,,,,
1289,,WTIV,Lift Tower Section,0.66,8250.0,ACTION,5188.707297561817,TurbineInstallation,TurbineInstallation,,40.0,132.0
1290,,Feeder 0,Fasten Tower Section,2.0,6250.0,ACTION,5190.044042430037,TurbineInstallation,TurbineInstallation,,,
1291,,WTIV,Attach Tower Section,2.0,25000.0,ACTION,5190.707297561817,TurbineInstallation,TurbineInstallation,,40.0,132.0
1292,,WTIV,Release Tower Section,1.0,12500.0,ACTION,5191.707297561817,TurbineInstallation,,,,
1293,,Feeder 0,Fasten Tower Section,2.0,6250.0,ACTION,5192.044042430037,TurbineInstallation,TurbineInstallation,,,
1294,,WTIV,Lift Tower Section,1.32,16500.0,ACTION,5193.027297561817,TurbineInstallation,TurbineInstallation,,40.0,132.0
1295,,Feeder 0,Fasten Nacelle,2.0,6250.0,ACTION,5194.044042430037,TurbineInstallation,TurbineInstallation,,,
1296,,Feeder 0,Fasten Blade,0.75,2343.75,ACTION,5194.794042430037,TurbineInstallation,TurbineInstallation,,,
1297,,WTIV,Attach Tower Section,2.0,25000.0,ACTION,5195.027297561817,TurbineInstallation,TurbineInstallation,,40.0,132.0
1298,,Feeder 0,Fasten Blade,0.75,2343.75,ACTION,5195.544042430037,TurbineInstallation,TurbineInstallation,,,
1299,,WTIV,Release Nacelle,1.0,12500.0,ACTION,5196.027297561817,TurbineInstallation,,,,
1300,,Feeder 0,Fasten Blade,0.75,2343.75,ACTION,5196.294042430037,TurbineInstallation,TurbineInstallation,,,
1301,,WTIV,Reequip,1.0,12500.0,ACTION,5197.027297561817,TurbineInstallation,,,,
1302,,WTIV,Lift Nacelle,1.32,16500.0,ACTION,5198.347297561817,TurbineInstallation,TurbineInstallation,,40.0,132.0
1303,,WTIV,Attach Nacelle,2.0,25000.0,ACTION,5200.347297561817,TurbineInstallation,TurbineInstallation,,40.0,132.0
1304,,WTIV,Reequip,1.0,12500.0,ACTION,5201.347297561817,TurbineInstallation,,,,
1305,,WTIV,Release Blade,0.5,6250.0,ACTION,5201.847297561817,TurbineInstallation,,,,
1306,,WTIV,Lift Blade,1.32,16500.0,ACTION,5203.167297561817,TurbineInstallation,TurbineInstallation,,40.0,132.0
1307,,Feeder 0,Transit,8.01674486822009,25052.327713187784,ACTION,5204.310787298257,TurbineInstallation,,,,
1308,,WTIV,Attach Blade,1.5,18750.0,ACTION,5204.667297561817,TurbineInstallation,TurbineInstallation,,40.0,132.0
1309,,WTIV,Release Blade,0.5,6250.0,ACTION,5205.167297561817,TurbineInstallation,,,,
1310,,Feeder 0,Jackup,1.6666666666666667,5208.333333333334,ACTION,5205.977453964923,TurbineInstallation,TurbineInstallation,,,
1311,,WTIV,Lift Blade,1.32,16500.0,ACTION,5206.487297561817,TurbineInstallation,TurbineInstallation,,40.0,132.0
1312,,WTIV,Attach Blade,1.5,18750.0,ACTION,5207.987297561817,TurbineInstallation,TurbineInstallation,,40.0,132.0
1313,,Feeder 0,Transit,37.11467868303137,115983.37088447304,ACTION,5208.414604487666,MonopileInstallation,,,,
1314,,Feeder 1,Queue,47.594205259500995,148731.8914359406,ACTION,5208.414604487666,MonopileInstallation,,Site,,
1315,,WTIV,Delay: Not enough vessels for monopiles,31.114678683031343,648222.4725631529,ACTION,5208.414604487666,MonopileInstallation,,Site,,
1316,,WTIV,Release Blade,0.5,6250.0,ACTION,5208.487297561817,TurbineInstallation,,,,
1317,,Feeder 1,ActiveFeeder,30.126666666666665,94145.83333333333,ACTION,5208.487297561817,TurbineInstallation,,Site,,
1318,,Feeder 0,Queue,2.50984359689312,7843.261240291,ACTION,5208.487297561817,TurbineInstallation,,Site,,
1319,,WTIV,Lift Blade,1.32,16500.0,ACTION,5209.807297561817,TurbineInstallation,TurbineInstallation,,40.0,132.0
1320,,Feeder 1,Jackdown,1.6666666666666667,5208.333333333334,ACTION,5210.153964228483,TurbineInstallation,TurbineInstallation,,,
1321,,WTIV,Attach Blade,1.5,18750.0,ACTION,5211.307297561817,TurbineInstallation,TurbineInstallation,,40.0,132.0
1322,,WTIV,Jackdown,0.43333333333333335,5416.666666666667,ACTION,5211.74063089515,TurbineInstallation,TurbineInstallation,,40.0,132.0
1323,,WTIV,Position Onsite,5.0,104166.66666666666,ACTION,5213.414604487666,MonopileInstallation,,,,
1324,,WTIV,Jackup,1.6666666666666667,34722.22222222222,ACTION,5215.081271154333,MonopileInstallation,MonopileInstallation,,40.0,
1325,,WTIV,RovSurvey,1.0,20833.333333333332,ACTION,5216.081271154333,MonopileInstallation,MonopileInstallation,,40.0,
1326,,WTIV,Position Onsite,5.0,62500.0,ACTION,5216.74063089515,TurbineInstallation,,,,
1327,,WTIV,Jackup,0.43333333333333335,5416.666666666667,ACTION,5217.173964228484,TurbineInstallation,TurbineInstallation,,40.0,132.0
1328,,Feeder 1,Transit,8.01674486822009,25052.327713187784,ACTION,5218.170709096704,TurbineInstallation,,,,
1329,,WTIV,Release Tower Section,1.0,12500.0,ACTION,5218.173964228484,TurbineInstallation,,,,
1330,,WTIV,Lift Tower Section,0.66,8250.0,ACTION,5218.833964228484,TurbineInstallation,TurbineInstallation,,40.0,132.0
1331,,Feeder 1,Fasten Tower Section,2.0,6250.0,ACTION,5220.170709096704,TurbineInstallation,TurbineInstallation,,,
1332,,Feeder 0,Fasten Monopile,12.0,37500.0,ACTION,5220.414604487666,MonopileInstallation,MonopileInstallation,,,
1333,,WTIV,Attach Tower Section,2.0,25000.0,ACTION,5220.833964228484,TurbineInstallation,TurbineInstallation,,40.0,132.0
1334,,WTIV,Release Tower Section,1.0,12500.0,ACTION,5221.833964228484,TurbineInstallation,,,,
1335,,Feeder 1,Fasten Tower Section,2.0,6250.0,ACTION,5222.170709096704,TurbineInstallation,TurbineInstallation,,,
1336,,WTIV,Lift Tower Section,1.32,16500.0,ACTION,5223.153964228483,TurbineInstallation,TurbineInstallation,,40.0,132.0
1337,,Feeder 1,Fasten Nacelle,2.0,6250.0,ACTION,5224.170709096704,TurbineInstallation,TurbineInstallation,,,
1338,,Feeder 1,Fasten Blade,0.75,2343.75,ACTION,5224.920709096704,TurbineInstallation,TurbineInstallation,,,
1339,,WTIV,Attach Tower Section,2.0,25000.0,ACTION,5225.153964228483,TurbineInstallation,TurbineInstallation,,40.0,132.0
1340,,Feeder 1,Fasten Blade,0.75,2343.75,ACTION,5225.670709096704,TurbineInstallation,TurbineInstallation,,,
1341,,WTIV,Release Monopile,10.0,208333.3333333333,ACTION,5226.081271154333,MonopileInstallation,,,,
1342,,WTIV,Release Nacelle,1.0,12500.0,ACTION,5226.153964228483,TurbineInstallation,,,,
1343,,Feeder 1,Fasten Blade,0.75,2343.75,ACTION,5226.420709096704,TurbineInstallation,TurbineInstallation,,,
1344,,WTIV,Upend Monopile,0.8819573087220198,18374.110598375413,ACTION,5226.963228463055,MonopileInstallation,MonopileInstallation,,40.0,
1345,,WTIV,Lower Monopile,0.005,104.16666666666666,ACTION,5226.968228463055,MonopileInstallation,MonopileInstallation,,40.0,
1346,,WTIV,Reequip,1.0,12500.0,ACTION,5227.153964228483,TurbineInstallation,,,,
1347,,WTIV,Crane Reequip,1.0,20833.333333333332,ACTION,5227.968228463055,MonopileInstallation,MonopileInstallation,,40.0,
1348,,Feeder 0,Fasten Transition Piece,8.0,25000.0,ACTION,5228.414604487666,MonopileInstallation,MonopileInstallation,,,
1349,,WTIV,Lift Nacelle,1.32,16500.0,ACTION,5228.473964228484,TurbineInstallation,TurbineInstallation,,40.0,132.0
1350,,WTIV,Drive Monopile,1.2,24999.999999999996,ACTION,5229.168228463055,MonopileInstallation,MonopileInstallation,,40.0,
1351,,WTIV,Attach Nacelle,2.0,25000.0,ACTION,5230.473964228484,TurbineInstallation,TurbineInstallation,,40.0,132.0
1352,,WTIV,Reequip,1.0,12500.0,ACTION,5231.473964228484,TurbineInstallation,,,,
1353,,WTIV,Release Blade,0.5,6250.0,ACTION,5231.973964228484,TurbineInstallation,,,,
1354,,WTIV,Lift Blade,1.32,16500.0,ACTION,5233.293964228484,TurbineInstallation,TurbineInstallation,,40.0,132.0
1355,,Feeder 1,Transit,8.01674486822009,25052.327713187784,ACTION,5234.437453964923,TurbineInstallation,,,,
1356,,WTIV,Attach Blade,1.5,18750.0,ACTION,5234.793964228484,TurbineInstallation,TurbineInstallation,,40.0,132.0
1357,,WTIV,Release Blade,0.5,6250.0,ACTION,5235.293964228484,TurbineInstallation,,,,
1358,,Feeder 1,Jackup,1.6666666666666667,5208.333333333334,ACTION,5236.10412063159,TurbineInstallation,TurbineInstallation,,,
1359,,WTIV,Lift Blade,1.32,16500.0,ACTION,5236.613964228483,TurbineInstallation,TurbineInstallation,,40.0,132.0
1360,,WTIV,Attach Blade,1.5,18750.0,ACTION,5238.113964228483,TurbineInstallation,TurbineInstallation,,40.0,132.0
1361,,WTIV,Release Blade,0.5,6250.0,ACTION,5238.613964228483,TurbineInstallation,,,,
1362,,Feeder 0,ActiveFeeder,30.126666666666665,94145.83333333333,ACTION,5238.613964228483,TurbineInstallation,,Site,,
1363,,Feeder 1,Queue,2.50984359689312,7843.261240291,ACTION,5238.613964228483,TurbineInstallation,,Site,,
1364,,WTIV,Release Transition Piece,10.0,208333.3333333333,ACTION,5239.168228463055,MonopileInstallation,,,,
1365,,WTIV,Lift Blade,1.32,16500.0,ACTION,5239.933964228483,TurbineInstallation,TurbineInstallation,,40.0,132.0
1366,,WTIV,Crane Reequip,1.0,20833.333333333332,ACTION,5240.168228463055,MonopileInstallation,MonopileInstallation,,40.0,
1367,,Feeder 0,Jackdown,1.6666666666666667,5208.333333333334,ACTION,5240.28063089515,TurbineInstallation,TurbineInstallation,,,
1368,,Feeder 0,Fasten Monopile,12.0,37500.0,ACTION,5240.414604487666,MonopileInstallation,MonopileInstallation,,,
1369,,WTIV,Lower TP,1.0,20833.333333333332,ACTION,5241.168228463055,MonopileInstallation,MonopileInstallation,,40.0,
1370,,WTIV,Attach Blade,1.5,18750.0,ACTION,5241.433964228483,TurbineInstallation,TurbineInstallation,,40.0,132.0
1371,,WTIV,Jackdown,0.43333333333333335,5416.666666666667,ACTION,5241.8672975618165,TurbineInstallation,TurbineInstallation,,40.0,132.0
1372,,WTIV,Bolt TP,4.0,83333.33333333333,ACTION,5245.168228463055,MonopileInstallation,MonopileInstallation,,40.0,
1373,,WTIV,Jackdown,1.6666666666666667,34722.22222222222,ACTION,5246.834895129722,MonopileInstallation,MonopileInstallation,,40.0,
1374,,WTIV,Position Onsite,5.0,62500.0,ACTION,5246.8672975618165,TurbineInstallation,,,,
1375,,WTIV,Jackup,0.43333333333333335,5416.666666666667,ACTION,5247.30063089515,TurbineInstallation,TurbineInstallation,,40.0,132.0
1376,,Feeder 0,Transit,8.01674486822009,25052.327713187784,ACTION,5248.29737576337,TurbineInstallation,,,,
1377,,WTIV,Release Tower Section,1.0,12500.0,ACTION,5248.30063089515,TurbineInstallation,,,,
1378,,Feeder 0,Fasten Transition Piece,8.0,25000.0,ACTION,5248.414604487666,MonopileInstallation,MonopileInstallation,,,
1379,,WTIV,Lift Tower Section,0.66,8250.0,ACTION,5248.960630895151,TurbineInstallation,TurbineInstallation,,40.0,132.0
1380,,Feeder 0,Fasten Tower Section,2.0,6250.0,ACTION,5250.29737576337,TurbineInstallation,TurbineInstallation,,,
1381,,WTIV,Attach Tower Section,2.0,25000.0,ACTION,5250.960630895151,TurbineInstallation,TurbineInstallation,,40.0,132.0
1382,,WTIV,Position Onsite,5.0,104166.66666666666,ACTION,5251.834895129722,MonopileInstallation,,,,
1383,,WTIV,Release Tower Section,1.0,12500.0,ACTION,5251.960630895151,TurbineInstallation,,,,
1384,,Feeder 0,Fasten Tower Section,2.0,6250.0,ACTION,5252.29737576337,TurbineInstallation,TurbineInstallation,,,
1385,,WTIV,Lift Tower Section,1.32,16500.0,ACTION,5253.28063089515,TurbineInstallation,TurbineInstallation,,40.0,132.0
1386,,WTIV,Jackup,1.6666666666666667,34722.22222222222,ACTION,5253.501561796389,MonopileInstallation,MonopileInstallation,,40.0,
1387,,Feeder 0,Fasten Nacelle,2.0,6250.0,ACTION,5254.29737576337,TurbineInstallation,TurbineInstallation,,,
1388,,WTIV,RovSurvey,1.0,20833.333333333332,ACTION,5254.501561796389,MonopileInstallation,MonopileInstallation,,40.0,
1389,,Feeder 0,Fasten Blade,0.75,2343.75,ACTION,5255.04737576337,TurbineInstallation,TurbineInstallation,,,
1390,,WTIV,Attach Tower Section,2.0,25000.0,ACTION,5255.28063089515,TurbineInstallation,TurbineInstallation,,40.0,132.0
1391,,Feeder 0,Fasten Blade,0.75,2343.75,ACTION,5255.79737576337,TurbineInstallation,TurbineInstallation,,,
1392,,WTIV,Release Nacelle,1.0,12500.0,ACTION,5256.28063089515,TurbineInstallation,,,,
1393,,Feeder 0,Fasten Blade,0.75,2343.75,ACTION,5256.54737576337,TurbineInstallation,TurbineInstallation,,,
1394,,WTIV,Reequip,1.0,12500.0,ACTION,5257.28063089515,TurbineInstallation,,,,
1395,,WTIV,Lift Nacelle,1.32,16500.0,ACTION,5258.60063089515,TurbineInstallation,TurbineInstallation,,40.0,132.0
1396,,Feeder 0,Fasten Monopile,12.0,37500.0,ACTION,5260.414604487666,MonopileInstallation,MonopileInstallation,,,
1397,,WTIV,Attach Nacelle,2.0,25000.0,ACTION,5260.60063089515,TurbineInstallation,TurbineInstallation,,40.0,132.0
1398,,WTIV,Reequip,1.0,12500.0,ACTION,5261.60063089515,TurbineInstallation,,,,
1399,,WTIV,Release Blade,0.5,6250.0,ACTION,5262.10063089515,TurbineInstallation,,,,
1400,,WTIV,Lift Blade,1.32,16500.0,ACTION,5263.420630895151,TurbineInstallation,TurbineInstallation,,40.0,132.0
1401,,WTIV,Release Monopile,10.0,208333.3333333333,ACTION,5264.501561796389,MonopileInstallation,,,,
1402,,Feeder 0,Transit,8.01674486822009,25052.327713187784,ACTION,5264.56412063159,TurbineInstallation,,,,
1403,,WTIV,Attach Blade,1.5,18750.0,ACTION,5264.920630895151,TurbineInstallation,TurbineInstallation,,40.0,132.0
1404,,WTIV,Upend Monopile,0.8819573087220198,18374.110598375413,ACTION,5265.383519105111,MonopileInstallation,MonopileInstallation,,40.0,
1405,,WTIV,Lower Monopile,0.005,104.16666666666666,ACTION,5265.388519105111,MonopileInstallation,MonopileInstallation,,40.0,
1406,,WTIV,Release Blade,0.5,6250.0,ACTION,5265.420630895151,TurbineInstallation,,,,
1407,,Feeder 0,Jackup,1.6666666666666667,5208.333333333334,ACTION,5266.230787298257,TurbineInstallation,TurbineInstallation,,,
1408,,WTIV,Crane Reequip,1.0,20833.333333333332,ACTION,5266.388519105111,MonopileInstallation,MonopileInstallation,,40.0,
1409,,WTIV,Lift Blade,1.32,16500.0,ACTION,5266.74063089515,TurbineInstallation,TurbineInstallation,,40.0,132.0
1410,,WTIV,Drive Monopile,1.2,24999.999999999996,ACTION,5267.588519105111,MonopileInstallation,MonopileInstallation,,40.0,
1411,,WTIV,Attach Blade,1.5,18750.0,ACTION,5268.24063089515,TurbineInstallation,TurbineInstallation,,40.0,132.0
1412,,Feeder 0,Fasten Transition Piece,8.0,25000.0,ACTION,5268.414604487666,MonopileInstallation,MonopileInstallation,,,
1413,,WTIV,Release Blade,0.5,6250.0,ACTION,5268.74063089515,TurbineInstallation,,,,
1414,,Feeder 1,ActiveFeeder,30.126666666666665,94145.83333333333,ACTION,5268.74063089515,TurbineInstallation,,Site,,
1415,,Feeder 0,Queue,2.50984359689312,7843.261240291,ACTION,5268.74063089515,TurbineInstallation,,Site,,
1416,,WTIV,Lift Blade,1.32,16500.0,ACTION,5270.06063089515,TurbineInstallation,TurbineInstallation,,40.0,132.0
1417,,Feeder 1,Jackdown,1.6666666666666667,5208.333333333334,ACTION,5270.407297561816,TurbineInstallation,TurbineInstallation,,,
1418,,WTIV,Attach Blade,1.5,18750.0,ACTION,5271.56063089515,TurbineInstallation,TurbineInstallation,,40.0,132.0
1419,,WTIV,Jackdown,0.43333333333333335,5416.666666666667,ACTION,5271.9939642284835,TurbineInstallation,TurbineInstallation,,40.0,132.0
1420,,WTIV,Position Onsite,5.0,62500.0,ACTION,5276.9939642284835,TurbineInstallation,,,,
1421,,WTIV,Jackup,0.43333333333333335,5416.666666666667,ACTION,5277.427297561817,TurbineInstallation,TurbineInstallation,,40.0,132.0
1422,,WTIV,Release Transition Piece,10.0,208333.3333333333,ACTION,5277.588519105111,MonopileInstallation,,,,
1423,,Feeder 1,Transit,8.01674486822009,25052.327713187784,ACTION,5278.424042430037,TurbineInstallation,,,,
1424,,WTIV,Release Tower Section,1.0,12500.0,ACTION,5278.427297561817,TurbineInstallation,,,,
1425,,WTIV,Crane Reequip,1.0,20833.333333333332,ACTION,5278.588519105111,MonopileInstallation,MonopileInstallation,,40.0,
1426,,WTIV,Lift Tower Section,0.66,8250.0,ACTION,5279.087297561817,TurbineInstallation,TurbineInstallation,,40.0,132.0
1427,,WTIV,Lower TP,1.0,20833.333333333332,ACTION,5279.588519105111,MonopileInstallation,MonopileInstallation,,40.0,
1428,,Feeder 1,Fasten Tower Section,2.0,6250.0,ACTION,5280.424042430037,TurbineInstallation,TurbineInstallation,,,
1429,,WTIV,Attach Tower Section,2.0,25000.0,ACTION,5281.087297561817,TurbineInstallation,TurbineInstallation,,40.0,132.0
1430,,WTIV,Release Tower Section,1.0,12500.0,ACTION,5282.087297561817,TurbineInstallation,,,,
1431,,Feeder 1,Fasten Tower Section,2.0,6250.0,ACTION,5282.424042430037,TurbineInstallation,TurbineInstallation,,,
1432,,WTIV,Lift Tower Section,1.32,16500.0,ACTION,5283.407297561816,TurbineInstallation,TurbineInstallation,,40.0,132.0
1433,,WTIV,Bolt TP,4.0,83333.33333333333,ACTION,5283.588519105111,MonopileInstallation,MonopileInstallation,,40.0,
1434,,Feeder 1,Fasten Nacelle,2.0,6250.0,ACTION,5284.424042430037,TurbineInstallation,TurbineInstallation,,,
1435,,Feeder 1,Fasten Blade,0.75,2343.75,ACTION,5285.174042430037,TurbineInstallation,TurbineInstallation,,,
1436,,WTIV,Jackdown,1.6666666666666667,34722.22222222222,ACTION,5285.255185771778,MonopileInstallation,MonopileInstallation,,40.0,
1437,,WTIV,Attach Tower Section,2.0,25000.0,ACTION,5285.407297561816,TurbineInstallation,TurbineInstallation,,40.0,132.0
1438,,Feeder 1,Fasten Blade,0.75,2343.75,ACTION,5285.924042430037,TurbineInstallation,TurbineInstallation,,,
1439,,WTIV,Release Nacelle,1.0,12500.0,ACTION,5286.407297561816,TurbineInstallation,,,,
1440,,Feeder 1,Fasten Blade,0.75,2343.75,ACTION,5286.674042430037,TurbineInstallation,TurbineInstallation,,,
1441,,WTIV,Reequip,1.0,12500.0,ACTION,5287.407297561816,TurbineInstallation,,,,
1442,,WTIV,Lift Nacelle,1.32,16500.0,ACTION,5288.727297561817,TurbineInstallation,TurbineInstallation,,40.0,132.0
1443,,WTIV,Position Onsite,5.0,104166.66666666666,ACTION,5290.255185771778,MonopileInstallation,,,,
1444,,WTIV,Attach Nacelle,2.0,25000.0,ACTION,5290.727297561817,TurbineInstallation,TurbineInstallation,,40.0,132.0
1445,,WTIV,Reequip,1.0,12500.0,ACTION,5291.727297561817,TurbineInstallation,,,,
1446,,WTIV,Jackup,1.6666666666666667,34722.22222222222,ACTION,5291.921852438445,MonopileInstallation,MonopileInstallation,,40.0,
1447,,WTIV,Release Blade,0.5,6250.0,ACTION,5292.227297561817,TurbineInstallation,,,,
1448,,WTIV,RovSurvey,1.0,20833.333333333332,ACTION,5292.921852438445,MonopileInstallation,MonopileInstallation,,40.0,
1449,,WTIV,Lift Blade,1.32,16500.0,ACTION,5293.547297561817,TurbineInstallation,TurbineInstallation,,40.0,132.0
1450,,Feeder 1,Transit,8.01674486822009,25052.327713187784,ACTION,5294.690787298257,TurbineInstallation,,,,
1451,,WTIV,Attach Blade,1.5,18750.0,ACTION,5295.047297561817,TurbineInstallation,TurbineInstallation,,40.0,132.0
1452,,WTIV,Release Blade,0.5,6250.0,ACTION,5295.547297561817,TurbineInstallation,,,,
1453,,Feeder 1,Jackup,1.6666666666666667,5208.333333333334,ACTION,5296.3574539649235,TurbineInstallation,TurbineInstallation,,,
1454,,WTIV,Lift Blade,1.32,16500.0,ACTION,5296.867297561817,TurbineInstallation,TurbineInstallation,,40.0,132.0
1455,,WTIV,Attach Blade,1.5,18750.0,ACTION,5298.367297561817,TurbineInstallation,TurbineInstallation,,40.0,132.0
1456,,WTIV,Release Blade,0.5,6250.0,ACTION,5298.867297561817,TurbineInstallation,,,,
1457,,Feeder 0,ActiveFeeder,30.126666666666722,94145.8333333335,ACTION,5298.867297561817,TurbineInstallation,,Site,,
1458,,Feeder 1,Queue,2.50984359689312,7843.261240291,ACTION,5298.867297561817,TurbineInstallation,,Site,,
1459,,WTIV,Lift Blade,1.32,16500.0,ACTION,5300.187297561817,TurbineInstallation,TurbineInstallation,,40.0,132.0
1460,,Feeder 0,Jackdown,1.6666666666666667,5208.333333333334,ACTION,5300.5339642284835,TurbineInstallation,TurbineInstallation,,,
1461,,WTIV,Attach Blade,1.5,18750.0,ACTION,5301.687297561817,TurbineInstallation,TurbineInstallation,,40.0,132.0
1462,,WTIV,Jackdown,0.43333333333333335,5416.666666666667,ACTION,5302.1206308951505,TurbineInstallation,TurbineInstallation,,40.0,132.0
1463,,WTIV,Release Monopile,10.0,208333.3333333333,ACTION,5302.921852438445,MonopileInstallation,,,,
1464,,WTIV,Upend Monopile,0.8819573087220198,18374.110598375413,ACTION,5303.803809747167,MonopileInstallation,MonopileInstallation,,40.0,
1465,,WTIV,Lower Monopile,0.005,104.16666666666666,ACTION,5303.808809747167,MonopileInstallation,MonopileInstallation,,40.0,
1466,,WTIV,Crane Reequip,1.0,20833.333333333332,ACTION,5304.808809747167,MonopileInstallation,MonopileInstallation,,40.0,
1467,,Feeder 0,Transit,37.11467868303137,115983.37088447304,ACTION,5305.529283170697,MonopileInstallation,,,,
1468,,WTIV,Drive Monopile,1.2,24999.999999999996,ACTION,5306.008809747167,MonopileInstallation,MonopileInstallation,,40.0,
1469,,WTIV,Position Onsite,5.0,62500.0,ACTION,5307.1206308951505,TurbineInstallation,,,,
1470,,Feeder 0,Jackup,1.6666666666666667,5208.333333333334,ACTION,5307.195949837364,MonopileInstallation,MonopileInstallation,,,
1471,,WTIV,Jackup,0.43333333333333335,5416.666666666667,ACTION,5307.553964228484,TurbineInstallation,TurbineInstallation,,40.0,132.0
1472,,Feeder 0,Transit,8.01674486822009,25052.327713187784,ACTION,5308.550709096704,TurbineInstallation,,,,
1473,,WTIV,Release Tower Section,1.0,12500.0,ACTION,5308.553964228484,TurbineInstallation,,,,
1474,,WTIV,Lift Tower Section,0.66,8250.0,ACTION,5309.213964228484,TurbineInstallation,TurbineInstallation,,40.0,132.0
1475,,Feeder 0,Fasten Tower Section,2.0,6250.0,ACTION,5310.550709096704,TurbineInstallation,TurbineInstallation,,,
1476,,WTIV,Attach Tower Section,2.0,25000.0,ACTION,5311.213964228484,TurbineInstallation,TurbineInstallation,,40.0,132.0
1477,,WTIV,Release Tower Section,1.0,12500.0,ACTION,5312.213964228484,TurbineInstallation,,,,
1478,,Feeder 0,Fasten Tower Section,2.0,6250.0,ACTION,5312.550709096704,TurbineInstallation,TurbineInstallation,,,
1479,,WTIV,Lift Tower Section,1.32,16500.0,ACTION,5313.5339642284835,TurbineInstallation,TurbineInstallation,,40.0,132.0
1480,,Feeder 0,Fasten Nacelle,2.0,6250.0,ACTION,5314.550709096704,TurbineInstallation,TurbineInstallation,,,
1481,,Feeder 0,Fasten Blade,0.75,2343.75,ACTION,5315.300709096704,TurbineInstallation,TurbineInstallation,,,
1482,,WTIV,Attach Tower Section,2.0,25000.0,ACTION,5315.5339642284835,TurbineInstallation,TurbineInstallation,,40.0,132.0
1483,,WTIV,Release Transition Piece,10.0,208333.3333333333,ACTION,5316.008809747167,MonopileInstallation,,,,
1484,,Feeder 1,ActiveFeeder,107.594205259501,336231.89143594063,ACTION,5316.008809747167,MonopileInstallation,,Site,,
1485,,Feeder 0,Fasten Blade,0.75,2343.75,ACTION,5316.050709096704,TurbineInstallation,TurbineInstallation,,,
1486,,WTIV,Release Nacelle,1.0,12500.0,ACTION,5316.5339642284835,TurbineInstallation,,,,
1487,,Feeder 0,Fasten Blade,0.75,2343.75,ACTION,5316.800709096704,TurbineInstallation,TurbineInstallation,,,
1488,,WTIV,Crane Reequip,1.0,20833.333333333332,ACTION,5317.008809747167,MonopileInstallation,MonopileInstallation,,40.0,
1489,,WTIV,Reequip,1.0,12500.0,ACTION,5317.5339642284835,TurbineInstallation,,,,
1490,,Feeder 1,Jackdown,1.6666666666666667,5208.333333333334,ACTION,5317.675476413834,MonopileInstallation,MonopileInstallation,,,
1491,,WTIV,Lower TP,1.0,20833.333333333332,ACTION,5318.008809747167,MonopileInstallation,MonopileInstallation,,40.0,
1492,,WTIV,Lift Nacelle,1.32,16500.0,ACTION,5318.853964228483,TurbineInstallation,TurbineInstallation,,40.0,132.0
1493,,WTIV,Attach Nacelle,2.0,25000.0,ACTION,5320.853964228483,TurbineInstallation,TurbineInstallation,,40.0,132.0
1494,,WTIV,Reequip,1.0,12500.0,ACTION,5321.853964228483,TurbineInstallation,,,,
1495,,WTIV,Bolt TP,4.0,83333.33333333333,ACTION,5322.008809747167,MonopileInstallation,MonopileInstallation,,40.0,
1496,,WTIV,Release Blade,0.5,6250.0,ACTION,5322.353964228483,TurbineInstallation,,,,
1497,,WTIV,Lift Blade,1.32,16500.0,ACTION,5323.673964228484,TurbineInstallation,TurbineInstallation,,40.0,132.0
1498,,WTIV,Jackdown,1.6666666666666667,34722.22222222222,ACTION,5323.675476413834,MonopileInstallation,MonopileInstallation,,40.0,
1499,,Feeder 0,Transit,8.01674486822009,25052.327713187784,ACTION,5324.8174539649235,TurbineInstallation,,,,
1500,,WTIV,Attach Blade,1.5,18750.0,ACTION,5325.173964228484,TurbineInstallation,TurbineInstallation,,40.0,132.0
1501,,WTIV,Release Blade,0.5,6250.0,ACTION,5325.673964228484,TurbineInstallation,,,,
1502,,Feeder 0,Jackup,1.6666666666666667,5208.333333333334,ACTION,5326.4841206315905,TurbineInstallation,TurbineInstallation,,,
1503,,WTIV,Lift Blade,1.32,16500.0,ACTION,5326.9939642284835,TurbineInstallation,TurbineInstallation,,40.0,132.0
1504,,WTIV,Attach Blade,1.5,18750.0,ACTION,5328.4939642284835,TurbineInstallation,TurbineInstallation,,40.0,132.0
1505,,WTIV,Release Blade,0.5,6250.0,ACTION,5328.9939642284835,TurbineInstallation,,,,
1506,,Feeder 1,ActiveFeeder,30.12666666666678,94145.83333333368,ACTION,5328.9939642284835,TurbineInstallation,,Site,,
1507,,Feeder 0,Queue,2.5098435968932336,7843.261240291355,ACTION,5328.9939642284835,TurbineInstallation,,Site,,
1508,,WTIV,Lift Blade,1.32,16500.0,ACTION,5330.313964228484,TurbineInstallation,TurbineInstallation,,40.0,132.0
1509,,Feeder 1,Jackdown,1.6666666666666667,5208.333333333334,ACTION,5330.6606308951505,TurbineInstallation,TurbineInstallation,,,
1510,,WTIV,Attach Blade,1.5,18750.0,ACTION,5331.813964228484,TurbineInstallation,TurbineInstallation,,40.0,132.0
1511,,WTIV,Jackdown,0.43333333333333335,5416.666666666667,ACTION,5332.247297561817,TurbineInstallation,TurbineInstallation,,40.0,132.0
1512,,WTIV,Position Onsite,5.0,62500.0,ACTION,5337.247297561817,TurbineInstallation,,,,
1513,,WTIV,Jackup,0.43333333333333335,5416.666666666667,ACTION,5337.68063089515,TurbineInstallation,TurbineInstallation,,40.0,132.0
1514,,Feeder 1,Transit,8.01674486822009,25052.327713187784,ACTION,5338.677375763371,TurbineInstallation,,,,
1515,,WTIV,Release Tower Section,1.0,12500.0,ACTION,5338.68063089515,TurbineInstallation,,,,
1516,,WTIV,Lift Tower Section,0.66,8250.0,ACTION,5339.340630895151,TurbineInstallation,TurbineInstallation,,40.0,132.0
1517,,Feeder 1,Fasten Tower Section,2.0,6250.0,ACTION,5340.677375763371,TurbineInstallation,TurbineInstallation,,,
1518,,WTIV,Attach Tower Section,2.0,25000.0,ACTION,5341.340630895151,TurbineInstallation,TurbineInstallation,,40.0,132.0
1519,,WTIV,Release Tower Section,1.0,12500.0,ACTION,5342.340630895151,TurbineInstallation,,,,
1520,,Feeder 1,Fasten Tower Section,2.0,6250.0,ACTION,5342.677375763371,TurbineInstallation,TurbineInstallation,,,
1521,,WTIV,Lift Tower Section,1.32,16500.0,ACTION,5343.6606308951505,TurbineInstallation,TurbineInstallation,,40.0,132.0
1522,,Feeder 1,Fasten Nacelle,2.0,6250.0,ACTION,5344.677375763371,TurbineInstallation,TurbineInstallation,,,
1523,,Feeder 1,Fasten Blade,0.75,2343.75,ACTION,5345.427375763371,TurbineInstallation,TurbineInstallation,,,
1524,,WTIV,Attach Tower Section,2.0,25000.0,ACTION,5345.6606308951505,TurbineInstallation,TurbineInstallation,,40.0,132.0
1525,,Feeder 1,Fasten Blade,0.75,2343.75,ACTION,5346.177375763371,TurbineInstallation,TurbineInstallation,,,
1526,,WTIV,Release Nacelle,1.0,12500.0,ACTION,5346.6606308951505,TurbineInstallation,,,,
1527,,Feeder 1,Fasten Blade,0.75,2343.75,ACTION,5346.927375763371,TurbineInstallation,TurbineInstallation,,,
1528,,WTIV,Reequip,1.0,12500.0,ACTION,5347.6606308951505,TurbineInstallation,,,,
1529,,WTIV,Lift Nacelle,1.32,16500.0,ACTION,5348.98063089515,TurbineInstallation,TurbineInstallation,,40.0,132.0
1530,,WTIV,Attach Nacelle,2.0,25000.0,ACTION,5350.98063089515,TurbineInstallation,TurbineInstallation,,40.0,132.0
1531,,WTIV,Reequip,1.0,12500.0,ACTION,5351.98063089515,TurbineInstallation,,,,
1532,,WTIV,Release Blade,0.5,6250.0,ACTION,5352.48063089515,TurbineInstallation,,,,
1533,,WTIV,Lift Blade,1.32,16500.0,ACTION,5353.800630895151,TurbineInstallation,TurbineInstallation,,40.0,132.0
1534,,Feeder 1,Transit,37.11467868303137,115983.37088447304,ACTION,5354.790155096865,MonopileInstallation,,,,
1535,,Feeder 0,Queue,47.594205259500995,148731.8914359406,ACTION,5354.790155096865,MonopileInstallation,,Site,,
1536,,WTIV,Delay: Not enough vessels for monopiles,31.114678683031343,648222.4725631529,ACTION,5354.790155096865,MonopileInstallation,,Site,,
1537,,Feeder 1,Transit,8.01674486822009,25052.327713187784,ACTION,5354.9441206315905,TurbineInstallation,,,,
1538,,WTIV,Attach Blade,1.5,18750.0,ACTION,5355.300630895151,TurbineInstallation,TurbineInstallation,,40.0,132.0
1539,,WTIV,Release Blade,0.5,6250.0,ACTION,5355.800630895151,TurbineInstallation,,,,
1540,,Feeder 1,Jackup,1.6666666666666667,5208.333333333334,ACTION,5356.6107872982575,TurbineInstallation,TurbineInstallation,,,
1541,,WTIV,Lift Blade,1.32,16500.0,ACTION,5357.1206308951505,TurbineInstallation,TurbineInstallation,,40.0,132.0
1542,,WTIV,Attach Blade,1.5,18750.0,ACTION,5358.6206308951505,TurbineInstallation,TurbineInstallation,,40.0,132.0
1543,,WTIV,Release Blade,0.5,6250.0,ACTION,5359.1206308951505,TurbineInstallation,,,,
1544,,Feeder 0,ActiveFeeder,30.12666666666678,94145.83333333368,ACTION,5359.1206308951505,TurbineInstallation,,Site,,
1545,,Feeder 1,Queue,2.5098435968932336,7843.261240291355,ACTION,5359.1206308951505,TurbineInstallation,,Site,,
1546,,WTIV,Position Onsite,5.0,104166.66666666666,ACTION,5359.790155096865,MonopileInstallation,,,,
1547,,WTIV,Lift Blade,1.32,16500.0,ACTION,5360.44063089515,TurbineInstallation,TurbineInstallation,,40.0,132.0
1548,,Feeder 0,Jackdown,1.6666666666666667,5208.333333333334,ACTION,5360.7872975618175,TurbineInstallation,TurbineInstallation,,,
1549,,WTIV,Jackup,1.6666666666666667,34722.22222222222,ACTION,5361.456821763532,MonopileInstallation,MonopileInstallation,,40.0,
1550,,WTIV,Attach Blade,1.5,18750.0,ACTION,5361.94063089515,TurbineInstallation,TurbineInstallation,,40.0,132.0
1551,,WTIV,Jackdown,0.43333333333333335,5416.666666666667,ACTION,5362.373964228484,TurbineInstallation,TurbineInstallation,,40.0,132.0
1552,,WTIV,RovSurvey,1.0,20833.333333333332,ACTION,5362.456821763532,MonopileInstallation,MonopileInstallation,,40.0,
1553,,Feeder 1,Fasten Monopile,11.0,34375.0,ACTION,5365.790155096865,MonopileInstallation,MonopileInstallation,,,
1554,,WTIV,Release Monopile,10.0,208333.3333333333,ACTION,5372.456821763532,MonopileInstallation,,,,
1555,,WTIV,Upend Monopile,0.8819573087220198,18374.110598375413,ACTION,5373.3387790722545,MonopileInstallation,MonopileInstallation,,40.0,
1556,,WTIV,Lower Monopile,0.005,104.16666666666666,ACTION,5373.343779072255,MonopileInstallation,MonopileInstallation,,40.0,
1557,,WTIV,Crane Reequip,1.0,20833.333333333332,ACTION,5374.343779072255,MonopileInstallation,MonopileInstallation,,40.0,
1558,,WTIV,Delay,4.0,83333.33333333333,ACTION,5378.343779072255,MonopileInstallation,MonopileInstallation,,40.0,
1559,,WTIV,Drive Monopile,1.2,24999.999999999996,ACTION,5379.543779072254,MonopileInstallation,MonopileInstallation,,40.0,
1560,,WTIV,Release Transition Piece,10.0,208333.3333333333,ACTION,5389.543779072254,MonopileInstallation,,,,
1561,,WTIV,Crane Reequip,1.0,20833.333333333332,ACTION,5390.543779072254,MonopileInstallation,MonopileInstallation,,40.0,
1562,,WTIV,Lower TP,1.0,20833.333333333332,ACTION,5391.543779072254,MonopileInstallation,MonopileInstallation,,40.0,
1563,,WTIV,Bolt TP,4.0,83333.33333333333,ACTION,5395.543779072254,MonopileInstallation,MonopileInstallation,,40.0,
1564,,WTIV,Jackdown,1.6666666666666667,34722.22222222222,ACTION,5397.210445738921,MonopileInstallation,MonopileInstallation,,40.0,
1565,,WTIV,Delay,35.0,437500.0,ACTION,5397.373964228484,TurbineInstallation,,,,
1566,,Feeder 0,Delay,37.0,115625.0,ACTION,5397.7872975618175,TurbineInstallation,,,,
1567,,Feeder 1,Delay,33.0,103125.0,ACTION,5398.790155096865,MonopileInstallation,MonopileInstallation,,,
1568,,Feeder 1,Fasten Monopile,1.0,3125.0,ACTION,5399.790155096865,MonopileInstallation,MonopileInstallation,,,
1569,,WTIV,Position Onsite,5.0,104166.66666666666,ACTION,5402.210445738921,MonopileInstallation,,,,
1570,,WTIV,Position Onsite,5.0,62500.0,ACTION,5402.373964228484,TurbineInstallation,,,,
1571,,WTIV,Jackup,0.43333333333333335,5416.666666666667,ACTION,5402.807297561817,TurbineInstallation,TurbineInstallation,,40.0,132.0
1572,,WTIV,Release Tower Section,1.0,12500.0,ACTION,5403.807297561817,TurbineInstallation,,,,
1573,,WTIV,Jackup,1.6666666666666667,34722.22222222222,ACTION,5403.877112405588,MonopileInstallation,MonopileInstallation,,40.0,
1574,,WTIV,Lift Tower Section,0.66,8250.0,ACTION,5404.467297561817,TurbineInstallation,TurbineInstallation,,40.0,132.0
1575,,WTIV,RovSurvey,1.0,20833.333333333332,ACTION,5404.877112405588,MonopileInstallation,MonopileInstallation,,40.0,
1576,,Feeder 0,Transit,8.01674486822009,25052.327713187784,ACTION,5405.804042430037,TurbineInstallation,,,,
1577,,WTIV,Attach Tower Section,2.0,25000.0,ACTION,5406.467297561817,TurbineInstallation,TurbineInstallation,,40.0,132.0
1578,,WTIV,Release Tower Section,1.0,12500.0,ACTION,5407.467297561817,TurbineInstallation,,,,
1579,,Feeder 1,Fasten Transition Piece,8.0,25000.0,ACTION,5407.790155096865,MonopileInstallation,MonopileInstallation,,,
1580,,Feeder 0,Fasten Tower Section,2.0,6250.0,ACTION,5407.804042430037,TurbineInstallation,TurbineInstallation,,,
1581,,WTIV,Lift Tower Section,1.32,16500.0,ACTION,5408.7872975618175,TurbineInstallation,TurbineInstallation,,40.0,132.0
1582,,Feeder 0,Fasten Tower Section,2.0,6250.0,ACTION,5409.804042430037,TurbineInstallation,TurbineInstallation,,,
1583,,WTIV,Attach Tower Section,2.0,25000.0,ACTION,5410.7872975618175,TurbineInstallation,TurbineInstallation,,40.0,132.0
1584,,WTIV,Release Nacelle,1.0,12500.0,ACTION,5411.7872975618175,TurbineInstallation,,,,
1585,,Feeder 0,Fasten Nacelle,2.0,6250.0,ACTION,5411.804042430037,TurbineInstallation,TurbineInstallation,,,
1586,,Feeder 0,Fasten Blade,0.75,2343.75,ACTION,5412.554042430037,TurbineInstallation,TurbineInstallation,,,
1587,,WTIV,Reequip,1.0,12500.0,ACTION,5412.7872975618175,TurbineInstallation,,,,
1588,,Feeder 0,Fasten Blade,0.75,2343.75,ACTION,5413.304042430037,TurbineInstallation,TurbineInstallation,,,
1589,,Feeder 0,Fasten Blade,0.75,2343.75,ACTION,5414.054042430037,TurbineInstallation,TurbineInstallation,,,
1590,,WTIV,Lift Nacelle,1.32,16500.0,ACTION,5414.107297561817,TurbineInstallation,TurbineInstallation,,40.0,132.0
1591,,WTIV,Release Monopile,10.0,208333.3333333333,ACTION,5414.877112405588,MonopileInstallation,,,,
1592,,WTIV,Upend Monopile,0.8819573087220198,18374.110598375413,ACTION,5415.7590697143105,MonopileInstallation,MonopileInstallation,,40.0,
1593,,WTIV,Lower Monopile,0.005,104.16666666666666,ACTION,5415.764069714311,MonopileInstallation,MonopileInstallation,,40.0,
1594,,WTIV,Attach Nacelle,2.0,25000.0,ACTION,5416.107297561817,TurbineInstallation,TurbineInstallation,,40.0,132.0
1595,,WTIV,Crane Reequip,1.0,20833.333333333332,ACTION,5416.764069714311,MonopileInstallation,MonopileInstallation,,40.0,
1596,,WTIV,Reequip,1.0,12500.0,ACTION,5417.107297561817,TurbineInstallation,,,,
1597,,WTIV,Release Blade,0.5,6250.0,ACTION,5417.607297561817,TurbineInstallation,,,,
1598,,WTIV,Drive Monopile,1.2,24999.999999999996,ACTION,5417.96406971431,MonopileInstallation,MonopileInstallation,,40.0,
1599,,WTIV,Lift Blade,1.32,16500.0,ACTION,5418.927297561817,TurbineInstallation,TurbineInstallation,,40.0,132.0
1600,,Feeder 1,Fasten Monopile,12.0,37500.0,ACTION,5419.790155096865,MonopileInstallation,MonopileInstallation,,,
1601,,WTIV,Attach Blade,1.5,18750.0,ACTION,5420.427297561817,TurbineInstallation,TurbineInstallation,,40.0,132.0
1602,,WTIV,Release Blade,0.5,6250.0,ACTION,5420.927297561817,TurbineInstallation,,,,
1603,,Feeder 0,Transit,8.01674486822009,25052.327713187784,ACTION,5422.0707872982575,TurbineInstallation,,,,
1604,,WTIV,Lift Blade,1.32,16500.0,ACTION,5422.2472975618175,TurbineInstallation,TurbineInstallation,,40.0,132.0
1605,,Feeder 0,Jackup,1.6666666666666667,5208.333333333334,ACTION,5423.7374539649245,TurbineInstallation,TurbineInstallation,,,
1606,,WTIV,Attach Blade,1.5,18750.0,ACTION,5423.7472975618175,TurbineInstallation,TurbineInstallation,,40.0,132.0
1607,,WTIV,Release Blade,0.5,6250.0,ACTION,5424.2472975618175,TurbineInstallation,,,,
1608,,Feeder 1,ActiveFeeder,65.12666666666678,203520.8333333337,ACTION,5424.2472975618175,TurbineInstallation,,Site,,
1609,,Feeder 0,Queue,0.5098435968932336,1593.2612402913549,ACTION,5424.2472975618175,TurbineInstallation,,Site,,
1610,,WTIV,Lift Blade,1.32,16500.0,ACTION,5425.567297561817,TurbineInstallation,TurbineInstallation,,40.0,132.0
1611,,Feeder 1,Jackdown,1.6666666666666667,5208.333333333334,ACTION,5425.913964228484,TurbineInstallation,TurbineInstallation,,,
1612,,WTIV,Attach Blade,1.5,18750.0,ACTION,5427.067297561817,TurbineInstallation,TurbineInstallation,,40.0,132.0
1613,,WTIV,Jackdown,0.43333333333333335,5416.666666666667,ACTION,5427.500630895151,TurbineInstallation,TurbineInstallation,,40.0,132.0
1614,,Feeder 1,Fasten Transition Piece,8.0,25000.0,ACTION,5427.790155096865,MonopileInstallation,MonopileInstallation,,,
1615,,WTIV,Release Transition Piece,10.0,208333.3333333333,ACTION,5427.96406971431,MonopileInstallation,,,,
1616,,WTIV,Crane Reequip,1.0,20833.333333333332,ACTION,5428.96406971431,MonopileInstallation,MonopileInstallation,,40.0,
1617,,WTIV,Lower TP,1.0,20833.333333333332,ACTION,5429.96406971431,MonopileInstallation,MonopileInstallation,,40.0,
1618,,WTIV,Position Onsite,5.0,62500.0,ACTION,5432.500630895151,TurbineInstallation,,,,
1619,,WTIV,Jackup,0.43333333333333335,5416.666666666667,ACTION,5432.933964228484,TurbineInstallation,TurbineInstallation,,40.0,132.0
1620,,Feeder 1,Transit,8.01674486822009,25052.327713187784,ACTION,5433.930709096704,TurbineInstallation,,,,
1621,,WTIV,Release Tower Section,1.0,12500.0,ACTION,5433.933964228484,TurbineInstallation,,,,
1622,,WTIV,Bolt TP,4.0,83333.33333333333,ACTION,5433.96406971431,MonopileInstallation,MonopileInstallation,,40.0,
1623,,WTIV,Lift Tower Section,0.66,8250.0,ACTION,5434.593964228484,TurbineInstallation,TurbineInstallation,,40.0,132.0
1624,,WTIV,Jackdown,1.6666666666666667,34722.22222222222,ACTION,5435.630736380977,MonopileInstallation,MonopileInstallation,,40.0,
1625,,Feeder 1,Fasten Tower Section,2.0,6250.0,ACTION,5435.930709096704,TurbineInstallation,TurbineInstallation,,,
1626,,WTIV,Attach Tower Section,2.0,25000.0,ACTION,5436.593964228484,TurbineInstallation,TurbineInstallation,,40.0,132.0
1627,,WTIV,Release Tower Section,1.0,12500.0,ACTION,5437.593964228484,TurbineInstallation,,,,
1628,,Feeder 1,Fasten Tower Section,2.0,6250.0,ACTION,5437.930709096704,TurbineInstallation,TurbineInstallation,,,
1629,,WTIV,Lift Tower Section,1.32,16500.0,ACTION,5438.913964228484,TurbineInstallation,TurbineInstallation,,40.0,132.0
1630,,Feeder 1,Fasten Monopile,12.0,37500.0,ACTION,5439.790155096865,MonopileInstallation,MonopileInstallation,,,
1631,,Feeder 1,Fasten Nacelle,2.0,6250.0,ACTION,5439.930709096704,TurbineInstallation,TurbineInstallation,,,
1632,,WTIV,Position Onsite,5.0,104166.66666666666,ACTION,5440.630736380977,MonopileInstallation,,,,
1633,,Feeder 1,Fasten Blade,0.75,2343.75,ACTION,5440.680709096704,TurbineInstallation,TurbineInstallation,,,
1634,,WTIV,Attach Tower Section,2.0,25000.0,ACTION,5440.913964228484,TurbineInstallation,TurbineInstallation,,40.0,132.0
1635,,Feeder 1,Fasten Blade,0.75,2343.75,ACTION,5441.430709096704,TurbineInstallation,TurbineInstallation,,,
1636,,WTIV,Release Nacelle,1.0,12500.0,ACTION,5441.913964228484,TurbineInstallation,,,,
1637,,Feeder 1,Fasten Blade,0.75,2343.75,ACTION,5442.180709096704,TurbineInstallation,TurbineInstallation,,,
1638,,WTIV,Jackup,1.6666666666666667,34722.22222222222,ACTION,5442.297403047644,MonopileInstallation,MonopileInstallation,,40.0,
1639,,WTIV,Reequip,1.0,12500.0,ACTION,5442.913964228484,TurbineInstallation,,,,
1640,,WTIV,RovSurvey,1.0,20833.333333333332,ACTION,5443.297403047644,MonopileInstallation,MonopileInstallation,,40.0,
1641,,WTIV,Lift Nacelle,1.32,16500.0,ACTION,5444.233964228484,TurbineInstallation,TurbineInstallation,,40.0,132.0
1642,,WTIV,Attach Nacelle,2.0,25000.0,ACTION,5446.233964228484,TurbineInstallation,TurbineInstallation,,40.0,132.0
1643,,WTIV,Reequip,1.0,12500.0,ACTION,5447.233964228484,TurbineInstallation,,,,
1644,,WTIV,Release Blade,0.5,6250.0,ACTION,5447.733964228484,TurbineInstallation,,,,
1645,,Feeder 1,Fasten Transition Piece,8.0,25000.0,ACTION,5447.790155096865,MonopileInstallation,MonopileInstallation,,,
1646,,WTIV,Lift Blade,1.32,16500.0,ACTION,5449.053964228484,TurbineInstallation,TurbineInstallation,,40.0,132.0
1647,,Feeder 1,Transit,8.01674486822009,25052.327713187784,ACTION,5450.1974539649245,TurbineInstallation,,,,
1648,,WTIV,Attach Blade,1.5,18750.0,ACTION,5450.553964228484,TurbineInstallation,TurbineInstallation,,40.0,132.0
1649,,WTIV,Release Blade,0.5,6250.0,ACTION,5451.053964228484,TurbineInstallation,,,,
1650,,Feeder 1,Jackup,1.6666666666666667,5208.333333333334,ACTION,5451.864120631591,TurbineInstallation,TurbineInstallation,,,
1651,,WTIV,Lift Blade,1.32,16500.0,ACTION,5452.373964228484,TurbineInstallation,TurbineInstallation,,40.0,132.0
1652,,WTIV,Release Monopile,10.0,208333.3333333333,ACTION,5453.297403047644,MonopileInstallation,,,,
1653,,WTIV,Attach Blade,1.5,18750.0,ACTION,5453.873964228484,TurbineInstallation,TurbineInstallation,,40.0,132.0
1654,,WTIV,Upend Monopile,0.8819573087220198,18374.110598375413,ACTION,5454.1793603563665,MonopileInstallation,MonopileInstallation,,40.0,
1655,,WTIV,Lower Monopile,0.005,104.16666666666666,ACTION,5454.184360356367,MonopileInstallation,MonopileInstallation,,40.0,
1656,,WTIV,Release Blade,0.5,6250.0,ACTION,5454.373964228484,TurbineInstallation,,,,
1657,,Feeder 0,ActiveFeeder,30.12666666666678,94145.83333333368,ACTION,5454.373964228484,TurbineInstallation,,Site,,
1658,,Feeder 1,Queue,2.5098435968932336,7843.261240291355,ACTION,5454.373964228484,TurbineInstallation,,Site,,
1659,,WTIV,Crane Reequip,1.0,20833.333333333332,ACTION,5455.184360356367,MonopileInstallation,MonopileInstallation,,40.0,
1660,,WTIV,Lift Blade,1.32,16500.0,ACTION,5455.693964228484,TurbineInstallation,TurbineInstallation,,40.0,132.0
1661,,Feeder 0,Jackdown,1.6666666666666667,5208.333333333334,ACTION,5456.040630895151,TurbineInstallation,TurbineInstallation,,,
1662,,WTIV,Drive Monopile,1.2,24999.999999999996,ACTION,5456.384360356366,MonopileInstallation,MonopileInstallation,,40.0,
1663,,WTIV,Attach Blade,1.5,18750.0,ACTION,5457.193964228484,TurbineInstallation,TurbineInstallation,,40.0,132.0
1664,,WTIV,Jackdown,0.43333333333333335,5416.666666666667,ACTION,5457.627297561818,TurbineInstallation,TurbineInstallation,,40.0,132.0
1665,,WTIV,Position Onsite,5.0,62500.0,ACTION,5462.627297561818,TurbineInstallation,,,,
1666,,WTIV,Jackup,0.43333333333333335,5416.666666666667,ACTION,5463.060630895151,TurbineInstallation,TurbineInstallation,,40.0,132.0
1667,,Feeder 0,Transit,8.01674486822009,25052.327713187784,ACTION,5464.057375763371,TurbineInstallation,,,,
1668,,WTIV,Release Tower Section,1.0,12500.0,ACTION,5464.060630895151,TurbineInstallation,,,,
1669,,WTIV,Lift Tower Section,0.66,8250.0,ACTION,5464.720630895151,TurbineInstallation,TurbineInstallation,,40.0,132.0
1670,,Feeder 0,Fasten Tower Section,2.0,6250.0,ACTION,5466.057375763371,TurbineInstallation,TurbineInstallation,,,
1671,,WTIV,Release Transition Piece,10.0,208333.3333333333,ACTION,5466.384360356366,MonopileInstallation,,,,
1672,,Feeder 0,ActiveFeeder,111.594205259501,348731.89143594063,ACTION,5466.384360356366,MonopileInstallation,,Site,,
1673,,WTIV,Attach Tower Section,2.0,25000.0,ACTION,5466.720630895151,TurbineInstallation,TurbineInstallation,,40.0,132.0
1674,,WTIV,Crane Reequip,1.0,20833.333333333332,ACTION,5467.384360356366,MonopileInstallation,MonopileInstallation,,40.0,
1675,,WTIV,Release Tower Section,1.0,12500.0,ACTION,5467.720630895151,TurbineInstallation,,,,
1676,,Feeder 0,Jackdown,1.6666666666666667,5208.333333333334,ACTION,5468.051027023033,MonopileInstallation,MonopileInstallation,,,
1677,,Feeder 0,Fasten Tower Section,2.0,6250.0,ACTION,5468.057375763371,TurbineInstallation,TurbineInstallation,,,
1678,,WTIV,Lower TP,1.0,20833.333333333332,ACTION,5468.384360356366,MonopileInstallation,MonopileInstallation,,40.0,
1679,,WTIV,Lift Tower Section,1.32,16500.0,ACTION,5469.040630895151,TurbineInstallation,TurbineInstallation,,40.0,132.0
1680,,Feeder 0,Fasten Nacelle,2.0,6250.0,ACTION,5470.057375763371,TurbineInstallation,TurbineInstallation,,,
1681,,Feeder 0,Fasten Blade,0.75,2343.75,ACTION,5470.807375763371,TurbineInstallation,TurbineInstallation,,,
1682,,WTIV,Attach Tower Section,2.0,25000.0,ACTION,5471.040630895151,TurbineInstallation,TurbineInstallation,,40.0,132.0
1683,,Feeder 0,Fasten Blade,0.75,2343.75,ACTION,5471.557375763371,TurbineInstallation,TurbineInstallation,,,
1684,,WTIV,Release Nacelle,1.0,12500.0,ACTION,5472.040630895151,TurbineInstallation,,,,
1685,,Feeder 0,Fasten Blade,0.75,2343.75,ACTION,5472.307375763371,TurbineInstallation,TurbineInstallation,,,
1686,,WTIV,Bolt TP,4.0,83333.33333333333,ACTION,5472.384360356366,MonopileInstallation,MonopileInstallation,,40.0,
1687,,WTIV,Reequip,1.0,12500.0,ACTION,5473.040630895151,TurbineInstallation,,,,
1688,,WTIV,Jackdown,1.6666666666666667,34722.22222222222,ACTION,5474.051027023033,MonopileInstallation,MonopileInstallation,,40.0,
1689,,WTIV,Lift Nacelle,1.32,16500.0,ACTION,5474.360630895151,TurbineInstallation,TurbineInstallation,,40.0,132.0
1690,,WTIV,Attach Nacelle,2.0,25000.0,ACTION,5476.360630895151,TurbineInstallation,TurbineInstallation,,40.0,132.0
1691,,WTIV,Reequip,1.0,12500.0,ACTION,5477.360630895151,TurbineInstallation,,,,
1692,,WTIV,Release Blade,0.5,6250.0,ACTION,5477.860630895151,TurbineInstallation,,,,
1693,,WTIV,Lift Blade,1.32,16500.0,ACTION,5479.180630895151,TurbineInstallation,TurbineInstallation,,40.0,132.0
1694,,Feeder 0,Transit,8.01674486822009,25052.327713187784,ACTION,5480.324120631591,TurbineInstallation,,,,
1695,,WTIV,Attach Blade,1.5,18750.0,ACTION,5480.680630895151,TurbineInstallation,TurbineInstallation,,40.0,132.0
1696,,WTIV,Release Blade,0.5,6250.0,ACTION,5481.180630895151,TurbineInstallation,,,,
1697,,Feeder 0,Jackup,1.6666666666666667,5208.333333333334,ACTION,5481.990787298258,TurbineInstallation,TurbineInstallation,,,
1698,,WTIV,Lift Blade,1.32,16500.0,ACTION,5482.500630895151,TurbineInstallation,TurbineInstallation,,40.0,132.0
1699,,WTIV,Attach Blade,1.5,18750.0,ACTION,5484.000630895151,TurbineInstallation,TurbineInstallation,,40.0,132.0
1700,,WTIV,Release Blade,0.5,6250.0,ACTION,5484.500630895151,TurbineInstallation,,,,
1701,,Feeder 1,ActiveFeeder,30.12666666666678,94145.83333333368,ACTION,5484.500630895151,TurbineInstallation,,Site,,
1702,,Feeder 0,Queue,2.5098435968932336,7843.261240291355,ACTION,5484.500630895151,TurbineInstallation,,Site,,
1703,,Feeder 1,Transit,37.11467868303137,115983.37088447304,ACTION,5484.904833779897,MonopileInstallation,,,,
1704,,WTIV,Lift Blade,1.32,16500.0,ACTION,5485.820630895151,TurbineInstallation,TurbineInstallation,,40.0,132.0
1705,,Feeder 1,Jackdown,1.6666666666666667,5208.333333333334,ACTION,5486.167297561818,TurbineInstallation,TurbineInstallation,,,
1706,,Feeder 1,Jackup,1.6666666666666667,5208.333333333334,ACTION,5486.571500446564,MonopileInstallation,MonopileInstallation,,,
1707,,WTIV,Attach Blade,1.5,18750.0,ACTION,5487.320630895151,TurbineInstallation,TurbineInstallation,,40.0,132.0
1708,,WTIV,Jackdown,0.43333333333333335,5416.666666666667,ACTION,5487.753964228485,TurbineInstallation,TurbineInstallation,,40.0,132.0
1709,,WTIV,Position Onsite,5.0,62500.0,ACTION,5492.753964228485,TurbineInstallation,,,,
1710,,WTIV,Jackup,0.43333333333333335,5416.666666666667,ACTION,5493.187297561817,TurbineInstallation,TurbineInstallation,,40.0,132.0
1711,,Feeder 1,Transit,8.01674486822009,25052.327713187784,ACTION,5494.184042430037,TurbineInstallation,,,,
1712,,WTIV,Release Tower Section,1.0,12500.0,ACTION,5494.187297561817,TurbineInstallation,,,,
1713,,WTIV,Lift Tower Section,0.66,8250.0,ACTION,5494.847297561817,TurbineInstallation,TurbineInstallation,,40.0,132.0
1714,,Feeder 1,Fasten Tower Section,2.0,6250.0,ACTION,5496.184042430037,TurbineInstallation,TurbineInstallation,,,
1715,,WTIV,Attach Tower Section,2.0,25000.0,ACTION,5496.847297561817,TurbineInstallation,TurbineInstallation,,40.0,132.0
1716,,WTIV,Release Tower Section,1.0,12500.0,ACTION,5497.847297561817,TurbineInstallation,,,,
1717,,Feeder 1,Fasten Tower Section,2.0,6250.0,ACTION,5498.184042430037,TurbineInstallation,TurbineInstallation,,,
1718,,WTIV,Lift Tower Section,1.32,16500.0,ACTION,5499.167297561818,TurbineInstallation,TurbineInstallation,,40.0,132.0
1719,,Feeder 1,Fasten Nacelle,2.0,6250.0,ACTION,5500.184042430037,TurbineInstallation,TurbineInstallation,,,
1720,,Feeder 1,Fasten Blade,0.75,2343.75,ACTION,5500.934042430037,TurbineInstallation,TurbineInstallation,,,
1721,,WTIV,Attach Tower Section,2.0,25000.0,ACTION,5501.167297561818,TurbineInstallation,TurbineInstallation,,40.0,132.0
1722,,Feeder 1,Fasten Blade,0.75,2343.75,ACTION,5501.684042430037,TurbineInstallation,TurbineInstallation,,,
1723,,WTIV,Release Nacelle,1.0,12500.0,ACTION,5502.167297561818,TurbineInstallation,,,,
1724,,Feeder 1,Fasten Blade,0.75,2343.75,ACTION,5502.434042430037,TurbineInstallation,TurbineInstallation,,,
1725,,WTIV,Reequip,1.0,12500.0,ACTION,5503.167297561818,TurbineInstallation,,,,
1726,,WTIV,Lift Nacelle,1.32,16500.0,ACTION,5504.487297561817,TurbineInstallation,TurbineInstallation,,40.0,132.0
1727,,Feeder 0,Transit,37.11467868303137,115983.37088447304,ACTION,5505.165705706065,MonopileInstallation,,,,
1728,,Feeder 1,Queue,18.594205259500995,58106.89143594061,ACTION,5505.165705706065,MonopileInstallation,,Site,,
1729,,WTIV,Delay: Not enough vessels for monopiles,31.114678683031343,648222.4725631529,ACTION,5505.165705706065,MonopileInstallation,,Site,,
1730,,WTIV,Attach Nacelle,2.0,25000.0,ACTION,5506.487297561817,TurbineInstallation,TurbineInstallation,,40.0,132.0
1731,,WTIV,Reequip,1.0,12500.0,ACTION,5507.487297561817,TurbineInstallation,,,,
1732,,WTIV,Release Blade,0.5,6250.0,ACTION,5507.987297561817,TurbineInstallation,,,,
1733,,WTIV,Lift Blade,1.32,16500.0,ACTION,5509.307297561818,TurbineInstallation,TurbineInstallation,,40.0,132.0
1734,,WTIV,Position Onsite,5.0,104166.66666666666,ACTION,5510.165705706065,MonopileInstallation,,,,
1735,,Feeder 1,Transit,8.01674486822009,25052.327713187784,ACTION,5510.450787298258,TurbineInstallation,,,,
1736,,WTIV,Attach Blade,1.5,18750.0,ACTION,5510.807297561818,TurbineInstallation,TurbineInstallation,,40.0,132.0
1737,,WTIV,Release Blade,0.5,6250.0,ACTION,5511.307297561818,TurbineInstallation,,,,
1738,,WTIV,Jackup,1.6666666666666667,34722.22222222222,ACTION,5511.832372372732,MonopileInstallation,MonopileInstallation,,40.0,
1739,,Feeder 1,Jackup,1.6666666666666667,5208.333333333334,ACTION,5512.117453964925,TurbineInstallation,TurbineInstallation,,,
1740,,WTIV,Lift Blade,1.32,16500.0,ACTION,5512.627297561818,TurbineInstallation,TurbineInstallation,,40.0,132.0
1741,,WTIV,RovSurvey,1.0,20833.333333333332,ACTION,5512.832372372732,MonopileInstallation,MonopileInstallation,,40.0,
1742,,WTIV,Attach Blade,1.5,18750.0,ACTION,5514.127297561818,TurbineInstallation,TurbineInstallation,,40.0,132.0
1743,,WTIV,Release Blade,0.5,6250.0,ACTION,5514.627297561818,TurbineInstallation,,,,
1744,,Feeder 0,ActiveFeeder,30.12666666666678,94145.83333333368,ACTION,5514.627297561818,TurbineInstallation,,Site,,
1745,,Feeder 1,Queue,2.5098435968932336,7843.261240291355,ACTION,5514.627297561818,TurbineInstallation,,Site,,
1746,,WTIV,Lift Blade,1.32,16500.0,ACTION,5515.947297561817,TurbineInstallation,TurbineInstallation,,40.0,132.0
1747,,Feeder 0,Jackdown,1.6666666666666667,5208.333333333334,ACTION,5516.293964228485,TurbineInstallation,TurbineInstallation,,,
1748,,Feeder 0,Fasten Monopile,12.0,37500.0,ACTION,5517.165705706065,MonopileInstallation,MonopileInstallation,,,
1749,,WTIV,Attach Blade,1.5,18750.0,ACTION,5517.447297561817,TurbineInstallation,TurbineInstallation,,40.0,132.0
1750,,WTIV,Jackdown,0.43333333333333335,5416.666666666667,ACTION,5517.880630895151,TurbineInstallation,TurbineInstallation,,40.0,132.0
1751,,WTIV,Release Monopile,10.0,208333.3333333333,ACTION,5522.832372372732,MonopileInstallation,,,,
1752,,WTIV,Position Onsite,5.0,62500.0,ACTION,5522.880630895151,TurbineInstallation,,,,
1753,,WTIV,Jackup,0.43333333333333335,5416.666666666667,ACTION,5523.313964228484,TurbineInstallation,TurbineInstallation,,40.0,132.0
1754,,WTIV,Upend Monopile,0.8819573087220198,18374.110598375413,ACTION,5523.714329681454,MonopileInstallation,MonopileInstallation,,40.0,
1755,,WTIV,Lower Monopile,0.005,104.16666666666666,ACTION,5523.719329681454,MonopileInstallation,MonopileInstallation,,40.0,
1756,,Feeder 0,Transit,8.01674486822009,25052.327713187784,ACTION,5524.310709096704,TurbineInstallation,,,,
1757,,WTIV,Release Tower Section,1.0,12500.0,ACTION,5524.313964228484,TurbineInstallation,,,,
1758,,WTIV,Crane Reequip,1.0,20833.333333333332,ACTION,5524.719329681454,MonopileInstallation,MonopileInstallation,,40.0,
1759,,WTIV,Lift Tower Section,0.66,8250.0,ACTION,5524.973964228484,TurbineInstallation,TurbineInstallation,,40.0,132.0
1760,,Feeder 0,Fasten Transition Piece,8.0,25000.0,ACTION,5525.165705706065,MonopileInstallation,MonopileInstallation,,,
1761,,WTIV,Drive Monopile,1.2,24999.999999999996,ACTION,5525.919329681454,MonopileInstallation,MonopileInstallation,,40.0,
1762,,Feeder 0,Fasten Tower Section,2.0,6250.0,ACTION,5526.310709096704,TurbineInstallation,TurbineInstallation,,,
1763,,WTIV,Attach Tower Section,2.0,25000.0,ACTION,5526.973964228484,TurbineInstallation,TurbineInstallation,,40.0,132.0
1764,,WTIV,Release Tower Section,1.0,12500.0,ACTION,5527.973964228484,TurbineInstallation,,,,
1765,,Feeder 0,Fasten Tower Section,2.0,6250.0,ACTION,5528.310709096704,TurbineInstallation,TurbineInstallation,,,
1766,,WTIV,Lift Tower Section,1.32,16500.0,ACTION,5529.293964228485,TurbineInstallation,TurbineInstallation,,40.0,132.0
1767,,Feeder 0,Fasten Nacelle,2.0,6250.0,ACTION,5530.310709096704,TurbineInstallation,TurbineInstallation,,,
1768,,Feeder 0,Fasten Blade,0.75,2343.75,ACTION,5531.060709096704,TurbineInstallation,TurbineInstallation,,,
1769,,WTIV,Attach Tower Section,2.0,25000.0,ACTION,5531.293964228485,TurbineInstallation,TurbineInstallation,,40.0,132.0
1770,,Feeder 0,Fasten Blade,0.75,2343.75,ACTION,5531.810709096704,TurbineInstallation,TurbineInstallation,,,
1771,,WTIV,Release Nacelle,1.0,12500.0,ACTION,5532.293964228485,TurbineInstallation,,,,
1772,,Feeder 0,Fasten Blade,0.75,2343.75,ACTION,5532.560709096704,TurbineInstallation,TurbineInstallation,,,
1773,,WTIV,Reequip,1.0,12500.0,ACTION,5533.293964228485,TurbineInstallation,,,,
1774,,WTIV,Lift Nacelle,1.32,16500.0,ACTION,5534.613964228484,TurbineInstallation,TurbineInstallation,,40.0,132.0
1775,,WTIV,Release Transition Piece,10.0,208333.3333333333,ACTION,5535.919329681454,MonopileInstallation,,,,
1776,,WTIV,Attach Nacelle,2.0,25000.0,ACTION,5536.613964228484,TurbineInstallation,TurbineInstallation,,40.0,132.0
1777,,WTIV,Crane Reequip,1.0,20833.333333333332,ACTION,5536.919329681454,MonopileInstallation,MonopileInstallation,,40.0,
1778,,Feeder 0,Fasten Monopile,12.0,37500.0,ACTION,5537.165705706065,MonopileInstallation,MonopileInstallation,,,
1779,,WTIV,Reequip,1.0,12500.0,ACTION,5537.613964228484,TurbineInstallation,,,,
1780,,WTIV,Lower TP,1.0,20833.333333333332,ACTION,5537.919329681454,MonopileInstallation,MonopileInstallation,,40.0,
1781,,WTIV,Release Blade,0.5,6250.0,ACTION,5538.113964228484,TurbineInstallation,,,,
1782,,WTIV,Lift Blade,1.32,16500.0,ACTION,5539.433964228484,TurbineInstallation,TurbineInstallation,,40.0,132.0
1783,,Feeder 0,Transit,8.01674486822009,25052.327713187784,ACTION,5540.577453964925,TurbineInstallation,,,,
1784,,WTIV,Attach Blade,1.5,18750.0,ACTION,5540.933964228484,TurbineInstallation,TurbineInstallation,,40.0,132.0
1785,,WTIV,Release Blade,0.5,6250.0,ACTION,5541.433964228484,TurbineInstallation,,,,
1786,,WTIV,Bolt TP,4.0,83333.33333333333,ACTION,5541.919329681454,MonopileInstallation,MonopileInstallation,,40.0,
1787,,Feeder 0,Jackup,1.6666666666666667,5208.333333333334,ACTION,5542.244120631591,TurbineInstallation,TurbineInstallation,,,
1788,,WTIV,Lift Blade,1.32,16500.0,ACTION,5542.753964228485,TurbineInstallation,TurbineInstallation,,40.0,132.0
1789,,WTIV,Jackdown,1.6666666666666667,34722.22222222222,ACTION,5543.585996348121,MonopileInstallation,MonopileInstallation,,40.0,
1790,,WTIV,Attach Blade,1.5,18750.0,ACTION,5544.253964228485,TurbineInstallation,TurbineInstallation,,40.0,132.0
1791,,WTIV,Release Blade,0.5,6250.0,ACTION,5544.753964228485,TurbineInstallation,,,,
1792,,Feeder 1,ActiveFeeder,30.12666666666678,94145.83333333368,ACTION,5544.753964228485,TurbineInstallation,,Site,,
1793,,Feeder 0,Queue,2.5098435968932336,7843.261240291355,ACTION,5544.753964228485,TurbineInstallation,,Site,,
1794,,Feeder 0,Fasten Transition Piece,8.0,25000.0,ACTION,5545.165705706065,MonopileInstallation,MonopileInstallation,,,
1795,,WTIV,Lift Blade,1.32,16500.0,ACTION,5546.073964228484,TurbineInstallation,TurbineInstallation,,40.0,132.0
1796,,Feeder 1,Jackdown,1.6666666666666667,5208.333333333334,ACTION,5546.420630895151,TurbineInstallation,TurbineInstallation,,,
1797,,WTIV,Attach Blade,1.5,18750.0,ACTION,5547.573964228484,TurbineInstallation,TurbineInstallation,,40.0,132.0
1798,,WTIV,Jackdown,0.43333333333333335,5416.666666666667,ACTION,5548.007297561818,TurbineInstallation,TurbineInstallation,,40.0,132.0
1799,,WTIV,Position Onsite,5.0,104166.66666666666,ACTION,5548.585996348121,MonopileInstallation,,,,
1800,,WTIV,Jackup,1.6666666666666667,34722.22222222222,ACTION,5550.252663014788,MonopileInstallation,MonopileInstallation,,40.0,
1801,,WTIV,RovSurvey,1.0,20833.333333333332,ACTION,5551.252663014788,MonopileInstallation,MonopileInstallation,,40.0,
1802,,WTIV,Position Onsite,5.0,62500.0,ACTION,5553.007297561818,TurbineInstallation,,,,
1803,,WTIV,Jackup,0.43333333333333335,5416.666666666667,ACTION,5553.440630895151,TurbineInstallation,TurbineInstallation,,40.0,132.0
1804,,Feeder 1,Transit,8.01674486822009,25052.327713187784,ACTION,5554.437375763371,TurbineInstallation,,,,
1805,,WTIV,Release Tower Section,1.0,12500.0,ACTION,5554.440630895151,TurbineInstallation,,,,
1806,,WTIV,Lift Tower Section,0.66,8250.0,ACTION,5555.100630895151,TurbineInstallation,TurbineInstallation,,40.0,132.0
1807,,Feeder 1,Fasten Tower Section,2.0,6250.0,ACTION,5556.437375763371,TurbineInstallation,TurbineInstallation,,,
1808,,WTIV,Attach Tower Section,2.0,25000.0,ACTION,5557.100630895151,TurbineInstallation,TurbineInstallation,,40.0,132.0
1809,,Feeder 0,Fasten Monopile,12.0,37500.0,ACTION,5557.165705706065,MonopileInstallation,MonopileInstallation,,,
1810,,Feeder 1,Fasten Tower Section,1.0,3125.0,ACTION,5557.437375763371,TurbineInstallation,TurbineInstallation,,,
1811,,Feeder 0,Fasten Transition Piece,1.0,3125.0,ACTION,5558.165705706065,MonopileInstallation,MonopileInstallation,,,
1812,,WTIV,Release Monopile,10.0,208333.3333333333,ACTION,5561.252663014788,MonopileInstallation,,,,
1813,,WTIV,Delay,5.0,62500.0,ACTION,5562.100630895151,TurbineInstallation,,,,
1814,,Feeder 1,Delay,5.0,15625.0,ACTION,5562.437375763371,TurbineInstallation,TurbineInstallation,,,
1815,,WTIV,Release Tower Section,1.0,12500.0,ACTION,5563.100630895151,TurbineInstallation,,,,
1816,,Feeder 0,Delay,5.0,15625.0,ACTION,5563.165705706065,MonopileInstallation,MonopileInstallation,,,
1817,,WTIV,Delay,2.0,41666.666666666664,ACTION,5563.252663014788,MonopileInstallation,MonopileInstallation,,40.0,
1818,,Feeder 1,Fasten Tower Section,1.0,3125.0,ACTION,5563.437375763371,TurbineInstallation,TurbineInstallation,,,
1819,,WTIV,Upend Monopile,0.8819573087220198,18374.110598375413,ACTION,5564.13462032351,MonopileInstallation,MonopileInstallation,,40.0,
1820,,WTIV,Lower Monopile,0.005,104.16666666666666,ACTION,5564.13962032351,MonopileInstallation,MonopileInstallation,,40.0,
1821,,WTIV,Lift Tower Section,1.32,16500.0,ACTION,5564.420630895151,TurbineInstallation,TurbineInstallation,,40.0,132.0
1822,,WTIV,Crane Reequip,1.0,20833.333333333332,ACTION,5565.13962032351,MonopileInstallation,MonopileInstallation,,40.0,
1823,,Feeder 1,Fasten Nacelle,2.0,6250.0,ACTION,5565.437375763371,TurbineInstallation,TurbineInstallation,,,
1824,,Feeder 1,Fasten Blade,0.75,2343.75,ACTION,5566.187375763371,TurbineInstallation,TurbineInstallation,,,
1825,,WTIV,Drive Monopile,1.2,24999.999999999996,ACTION,5566.33962032351,MonopileInstallation,MonopileInstallation,,40.0,
1826,,WTIV,Attach Tower Section,2.0,25000.0,ACTION,5566.420630895151,TurbineInstallation,TurbineInstallation,,40.0,132.0
1827,,Feeder 1,Fasten Blade,0.75,2343.75,ACTION,5566.937375763371,TurbineInstallation,TurbineInstallation,,,
1828,,WTIV,Release Nacelle,1.0,12500.0,ACTION,5567.420630895151,TurbineInstallation,,,,
1829,,Feeder 1,Fasten Blade,0.75,2343.75,ACTION,5567.687375763371,TurbineInstallation,TurbineInstallation,,,
1830,,WTIV,Reequip,1.0,12500.0,ACTION,5568.420630895151,TurbineInstallation,,,,
1831,,WTIV,Lift Nacelle,1.32,16500.0,ACTION,5569.740630895151,TurbineInstallation,TurbineInstallation,,40.0,132.0
1832,,Feeder 0,Fasten Transition Piece,7.0,21875.0,ACTION,5570.165705706065,MonopileInstallation,MonopileInstallation,,,
1833,,WTIV,Attach Nacelle,2.0,25000.0,ACTION,5571.740630895151,TurbineInstallation,TurbineInstallation,,40.0,132.0
1834,,WTIV,Reequip,1.0,12500.0,ACTION,5572.740630895151,TurbineInstallation,,,,
1835,,WTIV,Release Blade,0.5,6250.0,ACTION,5573.240630895151,TurbineInstallation,,,,
1836,,WTIV,Lift Blade,1.32,16500.0,ACTION,5574.560630895151,TurbineInstallation,TurbineInstallation,,40.0,132.0
1837,,Feeder 1,Transit,8.01674486822009,25052.327713187784,ACTION,5575.704120631592,TurbineInstallation,,,,
1838,,WTIV,Attach Blade,1.5,18750.0,ACTION,5576.060630895151,TurbineInstallation,TurbineInstallation,,40.0,132.0
1839,,WTIV,Release Transition Piece,10.0,208333.3333333333,ACTION,5576.33962032351,MonopileInstallation,,,,
1840,,WTIV,Release Blade,0.5,6250.0,ACTION,5576.560630895151,TurbineInstallation,,,,
1841,,WTIV,Crane Reequip,1.0,20833.333333333332,ACTION,5577.33962032351,MonopileInstallation,MonopileInstallation,,40.0,
1842,,Feeder 1,Jackup,1.6666666666666667,5208.333333333334,ACTION,5577.370787298258,TurbineInstallation,TurbineInstallation,,,
1843,,WTIV,Lift Blade,1.32,16500.0,ACTION,5577.880630895152,TurbineInstallation,TurbineInstallation,,40.0,132.0
1844,,WTIV,Lower TP,1.0,20833.333333333332,ACTION,5578.33962032351,MonopileInstallation,MonopileInstallation,,40.0,
1845,,WTIV,Attach Blade,1.5,18750.0,ACTION,5579.380630895152,TurbineInstallation,TurbineInstallation,,40.0,132.0
1846,,WTIV,Release Blade,0.5,6250.0,ACTION,5579.880630895152,TurbineInstallation,,,,
1847,,Feeder 0,ActiveFeeder,35.12666666666678,109770.83333333368,ACTION,5579.880630895152,TurbineInstallation,,Site,,
1848,,Feeder 1,Queue,2.5098435968932336,7843.261240291355,ACTION,5579.880630895152,TurbineInstallation,,Site,,
1849,,WTIV,Lift Blade,1.32,16500.0,ACTION,5581.200630895151,TurbineInstallation,TurbineInstallation,,40.0,132.0
1850,,Feeder 0,Jackdown,1.6666666666666667,5208.333333333334,ACTION,5581.547297561818,TurbineInstallation,TurbineInstallation,,,
1851,,WTIV,Bolt TP,4.0,83333.33333333333,ACTION,5582.33962032351,MonopileInstallation,MonopileInstallation,,40.0,
1852,,WTIV,Attach Blade,1.5,18750.0,ACTION,5582.700630895151,TurbineInstallation,TurbineInstallation,,40.0,132.0
1853,,WTIV,Jackdown,0.43333333333333335,5416.666666666667,ACTION,5583.133964228485,TurbineInstallation,TurbineInstallation,,40.0,132.0
1854,,WTIV,Jackdown,1.6666666666666667,34722.22222222222,ACTION,5584.006286990177,MonopileInstallation,MonopileInstallation,,40.0,
1855,,WTIV,Position Onsite,5.0,62500.0,ACTION,5588.133964228485,TurbineInstallation,,,,
1856,,WTIV,Jackup,0.43333333333333335,5416.666666666667,ACTION,5588.567297561818,TurbineInstallation,TurbineInstallation,,40.0,132.0
1857,,WTIV,Position Onsite,5.0,104166.66666666666,ACTION,5589.006286990177,MonopileInstallation,,,,
1858,,Feeder 0,Transit,8.01674486822009,25052.327713187784,ACTION,5589.564042430038,TurbineInstallation,,,,
1859,,WTIV,Release Tower Section,1.0,12500.0,ACTION,5589.567297561818,TurbineInstallation,,,,
1860,,WTIV,Lift Tower Section,0.66,8250.0,ACTION,5590.227297561818,TurbineInstallation,TurbineInstallation,,40.0,132.0
1861,,WTIV,Jackup,1.6666666666666667,34722.22222222222,ACTION,5590.672953656844,MonopileInstallation,MonopileInstallation,,40.0,
1862,,Feeder 0,Fasten Tower Section,2.0,6250.0,ACTION,5591.564042430038,TurbineInstallation,TurbineInstallation,,,
1863,,WTIV,RovSurvey,1.0,20833.333333333332,ACTION,5591.672953656844,MonopileInstallation,MonopileInstallation,,40.0,
1864,,WTIV,Attach Tower Section,2.0,25000.0,ACTION,5592.227297561818,TurbineInstallation,TurbineInstallation,,40.0,132.0
1865,,WTIV,Release Tower Section,1.0,12500.0,ACTION,5593.227297561818,TurbineInstallation,,,,
1866,,Feeder 0,Fasten Tower Section,2.0,6250.0,ACTION,5593.564042430038,TurbineInstallation,TurbineInstallation,,,
1867,,WTIV,Lift Tower Section,1.32,16500.0,ACTION,5594.547297561818,TurbineInstallation,TurbineInstallation,,40.0,132.0
1868,,Feeder 0,Fasten Nacelle,2.0,6250.0,ACTION,5595.564042430038,TurbineInstallation,TurbineInstallation,,,
1869,,Feeder 0,Fasten Blade,0.75,2343.75,ACTION,5596.314042430038,TurbineInstallation,TurbineInstallation,,,
1870,,WTIV,Attach Tower Section,2.0,25000.0,ACTION,5596.547297561818,TurbineInstallation,TurbineInstallation,,40.0,132.0
1871,,Feeder 0,Fasten Blade,0.75,2343.75,ACTION,5597.064042430038,TurbineInstallation,TurbineInstallation,,,
1872,,WTIV,Release Nacelle,1.0,12500.0,ACTION,5597.547297561818,TurbineInstallation,,,,
1873,,Feeder 0,Fasten Blade,0.75,2343.75,ACTION,5597.814042430038,TurbineInstallation,TurbineInstallation,,,
1874,,WTIV,Reequip,1.0,12500.0,ACTION,5598.547297561818,TurbineInstallation,,,,
1875,,WTIV,Lift Nacelle,1.32,16500.0,ACTION,5599.867297561817,TurbineInstallation,TurbineInstallation,,40.0,132.0
1876,,WTIV,Release Monopile,10.0,208333.3333333333,ACTION,5601.672953656844,MonopileInstallation,,,,
1877,,WTIV,Attach Nacelle,2.0,25000.0,ACTION,5601.867297561817,TurbineInstallation,TurbineInstallation,,40.0,132.0
1878,,WTIV,Upend Monopile,0.8819573087220198,18374.110598375413,ACTION,5602.554910965566,MonopileInstallation,MonopileInstallation,,40.0,
1879,,WTIV,Lower Monopile,0.005,104.16666666666666,ACTION,5602.559910965566,MonopileInstallation,MonopileInstallation,,40.0,
1880,,WTIV,Reequip,1.0,12500.0,ACTION,5602.867297561817,TurbineInstallation,,,,
1881,,WTIV,Release Blade,0.5,6250.0,ACTION,5603.367297561817,TurbineInstallation,,,,
1882,,WTIV,Crane Reequip,1.0,20833.333333333332,ACTION,5603.559910965566,MonopileInstallation,MonopileInstallation,,40.0,
1883,,WTIV,Lift Blade,1.32,16500.0,ACTION,5604.687297561818,TurbineInstallation,TurbineInstallation,,40.0,132.0
1884,,WTIV,Drive Monopile,1.2,24999.999999999996,ACTION,5604.759910965566,MonopileInstallation,MonopileInstallation,,40.0,
1885,,Feeder 0,Transit,8.01674486822009,25052.327713187784,ACTION,5605.830787298258,TurbineInstallation,,,,
1886,,WTIV,Attach Blade,1.5,18750.0,ACTION,5606.187297561818,TurbineInstallation,TurbineInstallation,,40.0,132.0
1887,,WTIV,Release Blade,0.5,6250.0,ACTION,5606.687297561818,TurbineInstallation,,,,
1888,,Feeder 0,Transit,37.11467868303137,115983.37088447304,ACTION,5607.280384389096,MonopileInstallation,,,,
1889,,Feeder 0,Jackup,1.6666666666666667,5208.333333333334,ACTION,5607.497453964925,TurbineInstallation,TurbineInstallation,,,
1890,,WTIV,Lift Blade,1.32,16500.0,ACTION,5608.007297561818,TurbineInstallation,TurbineInstallation,,40.0,132.0
1891,,Feeder 0,Jackup,1.6666666666666667,5208.333333333334,ACTION,5608.947051055763,MonopileInstallation,MonopileInstallation,,,
1892,,WTIV,Attach Blade,1.5,18750.0,ACTION,5609.507297561818,TurbineInstallation,TurbineInstallation,,40.0,132.0
1893,,WTIV,Release Blade,0.5,6250.0,ACTION,5610.007297561818,TurbineInstallation,,,,
1894,,Feeder 1,ActiveFeeder,30.12666666666678,94145.83333333368,ACTION,5610.007297561818,TurbineInstallation,,Site,,
1895,,Feeder 0,Queue,2.5098435968932336,7843.261240291355,ACTION,5610.007297561818,TurbineInstallation,,Site,,
1896,,WTIV,Lift Blade,1.32,16500.0,ACTION,5611.327297561818,TurbineInstallation,TurbineInstallation,,40.0,132.0
1897,,Feeder 1,Jackdown,1.6666666666666667,5208.333333333334,ACTION,5611.673964228485,TurbineInstallation,TurbineInstallation,,,
1898,,WTIV,Attach Blade,1.5,18750.0,ACTION,5612.827297561818,TurbineInstallation,TurbineInstallation,,40.0,132.0
1899,,WTIV,Jackdown,0.43333333333333335,5416.666666666667,ACTION,5613.260630895151,TurbineInstallation,TurbineInstallation,,40.0,132.0
1900,,WTIV,Release Transition Piece,10.0,208333.3333333333,ACTION,5614.759910965566,MonopileInstallation,,,,
1901,,Feeder 1,ActiveFeeder,109.594205259501,342481.89143594063,ACTION,5614.759910965566,MonopileInstallation,,Site,,
1902,,WTIV,Crane Reequip,1.0,20833.333333333332,ACTION,5615.759910965566,MonopileInstallation,MonopileInstallation,,40.0,
1903,,Feeder 1,Jackdown,1.6666666666666667,5208.333333333334,ACTION,5616.426577632233,MonopileInstallation,MonopileInstallation,,,
1904,,WTIV,Lower TP,1.0,20833.333333333332,ACTION,5616.759910965566,MonopileInstallation,MonopileInstallation,,40.0,
1905,,WTIV,Position Onsite,5.0,62500.0,ACTION,5618.260630895151,TurbineInstallation,,,,
1906,,WTIV,Jackup,0.43333333333333335,5416.666666666667,ACTION,5618.693964228484,TurbineInstallation,TurbineInstallation,,40.0,132.0
1907,,Feeder 1,Transit,8.01674486822009,25052.327713187784,ACTION,5619.690709096705,TurbineInstallation,,,,
1908,,WTIV,Release Tower Section,1.0,12500.0,ACTION,5619.693964228484,TurbineInstallation,,,,
1909,,WTIV,Lift Tower Section,0.66,8250.0,ACTION,5620.353964228485,TurbineInstallation,TurbineInstallation,,40.0,132.0
1910,,WTIV,Bolt TP,4.0,83333.33333333333,ACTION,5620.759910965566,MonopileInstallation,MonopileInstallation,,40.0,
1911,,Feeder 1,Fasten Tower Section,2.0,6250.0,ACTION,5621.690709096705,TurbineInstallation,TurbineInstallation,,,
1912,,WTIV,Attach Tower Section,2.0,25000.0,ACTION,5622.353964228485,TurbineInstallation,TurbineInstallation,,40.0,132.0
1913,,WTIV,Jackdown,1.6666666666666667,34722.22222222222,ACTION,5622.426577632233,MonopileInstallation,MonopileInstallation,,40.0,
1914,,WTIV,Release Tower Section,1.0,12500.0,ACTION,5623.353964228485,TurbineInstallation,,,,
1915,,Feeder 1,Fasten Tower Section,2.0,6250.0,ACTION,5623.690709096705,TurbineInstallation,TurbineInstallation,,,
1916,,WTIV,Lift Tower Section,1.32,16500.0,ACTION,5624.673964228485,TurbineInstallation,TurbineInstallation,,40.0,132.0
1917,,Feeder 1,Fasten Nacelle,2.0,6250.0,ACTION,5625.690709096705,TurbineInstallation,TurbineInstallation,,,
1918,,Feeder 1,Fasten Blade,0.75,2343.75,ACTION,5626.440709096705,TurbineInstallation,TurbineInstallation,,,
1919,,WTIV,Attach Tower Section,2.0,25000.0,ACTION,5626.673964228485,TurbineInstallation,TurbineInstallation,,40.0,132.0
1920,,Feeder 1,Fasten Blade,0.75,2343.75,ACTION,5627.190709096705,TurbineInstallation,TurbineInstallation,,,
1921,,WTIV,Release Nacelle,1.0,12500.0,ACTION,5627.673964228485,TurbineInstallation,,,,
1922,,Feeder 1,Fasten Blade,0.75,2343.75,ACTION,5627.940709096705,TurbineInstallation,TurbineInstallation,,,
1923,,WTIV,Reequip,1.0,12500.0,ACTION,5628.673964228485,TurbineInstallation,,,,
1924,,WTIV,Lift Nacelle,1.32,16500.0,ACTION,5629.993964228484,TurbineInstallation,TurbineInstallation,,40.0,132.0
1925,,WTIV,Attach Nacelle,2.0,25000.0,ACTION,5631.993964228484,TurbineInstallation,TurbineInstallation,,40.0,132.0
1926,,WTIV,Reequip,1.0,12500.0,ACTION,5632.993964228484,TurbineInstallation,,,,
1927,,WTIV,Release Blade,0.5,6250.0,ACTION,5633.493964228484,TurbineInstallation,,,,
1928,,WTIV,Lift Blade,1.32,16500.0,ACTION,5634.813964228485,TurbineInstallation,TurbineInstallation,,40.0,132.0
1929,,Feeder 1,Transit,8.01674486822009,25052.327713187784,ACTION,5635.957453964925,TurbineInstallation,,,,
1930,,WTIV,Attach Blade,1.5,18750.0,ACTION,5636.313964228485,TurbineInstallation,TurbineInstallation,,40.0,132.0
1931,,WTIV,Release Blade,0.5,6250.0,ACTION,5636.813964228485,TurbineInstallation,,,,
1932,,Feeder 1,Jackup,1.6666666666666667,5208.333333333334,ACTION,5637.624120631592,TurbineInstallation,TurbineInstallation,,,
1933,,WTIV,Lift Blade,1.32,16500.0,ACTION,5638.133964228485,TurbineInstallation,TurbineInstallation,,40.0,132.0
1934,,WTIV,Attach Blade,1.5,18750.0,ACTION,5639.633964228485,TurbineInstallation,TurbineInstallation,,40.0,132.0
1935,,WTIV,Release Blade,0.5,6250.0,ACTION,5640.133964228485,TurbineInstallation,,,,
1936,,Feeder 0,ActiveFeeder,30.12666666666678,94145.83333333368,ACTION,5640.133964228485,TurbineInstallation,,Site,,
1937,,Feeder 1,Queue,2.5098435968932336,7843.261240291355,ACTION,5640.133964228485,TurbineInstallation,,Site,,
1938,,WTIV,Lift Blade,1.32,16500.0,ACTION,5641.453964228484,TurbineInstallation,TurbineInstallation,,40.0,132.0
1939,,Feeder 0,Jackdown,1.6666666666666667,5208.333333333334,ACTION,5641.800630895152,TurbineInstallation,TurbineInstallation,,,
1940,,WTIV,Attach Blade,1.5,18750.0,ACTION,5642.953964228484,TurbineInstallation,TurbineInstallation,,40.0,132.0
1941,,WTIV,Jackdown,0.43333333333333335,5416.666666666667,ACTION,5643.387297561818,TurbineInstallation,TurbineInstallation,,40.0,132.0
1942,,WTIV,Position Onsite,5.0,62500.0,ACTION,5648.387297561818,TurbineInstallation,,,,
1943,,WTIV,Jackup,0.43333333333333335,5416.666666666667,ACTION,5648.820630895151,TurbineInstallation,TurbineInstallation,,40.0,132.0
1944,,Feeder 0,Transit,8.01674486822009,25052.327713187784,ACTION,5649.817375763371,TurbineInstallation,,,,
1945,,WTIV,Release Tower Section,1.0,12500.0,ACTION,5649.820630895151,TurbineInstallation,,,,
1946,,WTIV,Lift Tower Section,0.66,8250.0,ACTION,5650.480630895151,TurbineInstallation,TurbineInstallation,,40.0,132.0
1947,,Feeder 0,Fasten Tower Section,2.0,6250.0,ACTION,5651.817375763371,TurbineInstallation,TurbineInstallation,,,
1948,,WTIV,Attach Tower Section,2.0,25000.0,ACTION,5652.480630895151,TurbineInstallation,TurbineInstallation,,40.0,132.0
1949,,WTIV,Release Tower Section,1.0,12500.0,ACTION,5653.480630895151,TurbineInstallation,,,,
1950,,Feeder 1,Transit,37.11467868303137,115983.37088447304,ACTION,5653.541256315264,MonopileInstallation,,,,
1951,,Feeder 0,Queue,44.594205259500995,139356.8914359406,ACTION,5653.541256315264,MonopileInstallation,,Site,,
1952,,WTIV,Delay: Not enough vessels for monopiles,31.114678683031343,648222.4725631529,ACTION,5653.541256315264,MonopileInstallation,,Site,,
1953,,Feeder 0,Fasten Tower Section,2.0,6250.0,ACTION,5653.817375763371,TurbineInstallation,TurbineInstallation,,,
1954,,WTIV,Lift Tower Section,1.32,16500.0,ACTION,5654.800630895152,TurbineInstallation,TurbineInstallation,,40.0,132.0
1955,,Feeder 0,Fasten Nacelle,2.0,6250.0,ACTION,5655.817375763371,TurbineInstallation,TurbineInstallation,,,
1956,,Feeder 0,Fasten Blade,0.75,2343.75,ACTION,5656.567375763371,TurbineInstallation,TurbineInstallation,,,
1957,,WTIV,Attach Tower Section,2.0,25000.0,ACTION,5656.800630895152,TurbineInstallation,TurbineInstallation,,40.0,132.0
1958,,Feeder 0,Fasten Blade,0.75,2343.75,ACTION,5657.317375763371,TurbineInstallation,TurbineInstallation,,,
1959,,WTIV,Release Nacelle,1.0,12500.0,ACTION,5657.800630895152,TurbineInstallation,,,,
1960,,Feeder 0,Fasten Blade,0.75,2343.75,ACTION,5658.067375763371,TurbineInstallation,TurbineInstallation,,,
1961,,WTIV,Position Onsite,5.0,104166.66666666666,ACTION,5658.541256315264,MonopileInstallation,,,,
1962,,WTIV,Reequip,1.0,12500.0,ACTION,5658.800630895152,TurbineInstallation,,,,
1963,,WTIV,Lift Nacelle,1.32,16500.0,ACTION,5660.120630895151,TurbineInstallation,TurbineInstallation,,40.0,132.0
1964,,WTIV,Jackup,1.6666666666666667,34722.22222222222,ACTION,5660.207922981931,MonopileInstallation,MonopileInstallation,,40.0,
1965,,WTIV,RovSurvey,1.0,20833.333333333332,ACTION,5661.207922981931,MonopileInstallation,MonopileInstallation,,40.0,
1966,,WTIV,Attach Nacelle,2.0,25000.0,ACTION,5662.120630895151,TurbineInstallation,TurbineInstallation,,40.0,132.0
1967,,WTIV,Reequip,1.0,12500.0,ACTION,5663.120630895151,TurbineInstallation,,,,
1968,,WTIV,Release Blade,0.5,6250.0,ACTION,5663.620630895151,TurbineInstallation,,,,
1969,,WTIV,Lift Blade,1.32,16500.0,ACTION,5664.940630895151,TurbineInstallation,TurbineInstallation,,40.0,132.0
1970,,Feeder 1,Fasten Monopile,12.0,37500.0,ACTION,5665.541256315264,MonopileInstallation,MonopileInstallation,,,
1971,,Feeder 0,Transit,8.01674486822009,25052.327713187784,ACTION,5666.084120631592,TurbineInstallation,,,,
1972,,WTIV,Attach Blade,1.5,18750.0,ACTION,5666.440630895151,TurbineInstallation,TurbineInstallation,,40.0,132.0
1973,,WTIV,Release Blade,0.5,6250.0,ACTION,5666.940630895151,TurbineInstallation,,,,
1974,,Feeder 0,Jackup,1.6666666666666667,5208.333333333334,ACTION,5667.750787298259,TurbineInstallation,TurbineInstallation,,,
1975,,WTIV,Lift Blade,1.32,16500.0,ACTION,5668.260630895152,TurbineInstallation,TurbineInstallation,,40.0,132.0
1976,,WTIV,Attach Blade,1.5,18750.0,ACTION,5669.760630895152,TurbineInstallation,TurbineInstallation,,40.0,132.0
1977,,WTIV,Release Blade,0.5,6250.0,ACTION,5670.260630895152,TurbineInstallation,,,,
1978,,Feeder 1,ActiveFeeder,30.12666666666678,94145.83333333368,ACTION,5670.260630895152,TurbineInstallation,,Site,,
1979,,Feeder 0,Queue,2.5098435968932336,7843.261240291355,ACTION,5670.260630895152,TurbineInstallation,,Site,,
1980,,WTIV,Release Monopile,10.0,208333.3333333333,ACTION,5671.207922981931,MonopileInstallation,,,,
1981,,WTIV,Lift Blade,1.32,16500.0,ACTION,5671.580630895151,TurbineInstallation,TurbineInstallation,,40.0,132.0
1982,,Feeder 1,Jackdown,1.6666666666666667,5208.333333333334,ACTION,5671.927297561818,TurbineInstallation,TurbineInstallation,,,
1983,,WTIV,Upend Monopile,0.8819573087220198,18374.110598375413,ACTION,5672.089880290653,MonopileInstallation,MonopileInstallation,,40.0,
1984,,WTIV,Lower Monopile,0.005,104.16666666666666,ACTION,5672.094880290653,MonopileInstallation,MonopileInstallation,,40.0,
1985,,WTIV,Attach Blade,1.5,18750.0,ACTION,5673.080630895151,TurbineInstallation,TurbineInstallation,,40.0,132.0
1986,,WTIV,Crane Reequip,1.0,20833.333333333332,ACTION,5673.094880290653,MonopileInstallation,MonopileInstallation,,40.0,
1987,,WTIV,Jackdown,0.43333333333333335,5416.666666666667,ACTION,5673.513964228485,TurbineInstallation,TurbineInstallation,,40.0,132.0
1988,,Feeder 1,Fasten Transition Piece,8.0,25000.0,ACTION,5673.541256315264,MonopileInstallation,MonopileInstallation,,,
1989,,WTIV,Drive Monopile,1.2,24999.999999999996,ACTION,5674.294880290653,MonopileInstallation,MonopileInstallation,,40.0,
1990,,WTIV,Position Onsite,5.0,62500.0,ACTION,5678.513964228485,TurbineInstallation,,,,
1991,,WTIV,Jackup,0.43333333333333335,5416.666666666667,ACTION,5678.947297561818,TurbineInstallation,TurbineInstallation,,40.0,132.0
1992,,Feeder 1,Transit,8.01674486822009,25052.327713187784,ACTION,5679.944042430038,TurbineInstallation,,,,
1993,,WTIV,Release Tower Section,1.0,12500.0,ACTION,5679.947297561818,TurbineInstallation,,,,
1994,,WTIV,Lift Tower Section,0.66,8250.0,ACTION,5680.607297561818,TurbineInstallation,TurbineInstallation,,40.0,132.0
1995,,Feeder 1,Fasten Tower Section,2.0,6250.0,ACTION,5681.944042430038,TurbineInstallation,TurbineInstallation,,,
1996,,WTIV,Attach Tower Section,2.0,25000.0,ACTION,5682.607297561818,TurbineInstallation,TurbineInstallation,,40.0,132.0
1997,,WTIV,Release Tower Section,1.0,12500.0,ACTION,5683.607297561818,TurbineInstallation,,,,
1998,,Feeder 1,Fasten Tower Section,2.0,6250.0,ACTION,5683.944042430038,TurbineInstallation,TurbineInstallation,,,
1999,,WTIV,Release Transition Piece,10.0,208333.3333333333,ACTION,5684.294880290653,MonopileInstallation,,,,
2000,,WTIV,Lift Tower Section,1.32,16500.0,ACTION,5684.927297561818,TurbineInstallation,TurbineInstallation,,40.0,132.0
2001,,WTIV,Crane Reequip,1.0,20833.333333333332,ACTION,5685.294880290653,MonopileInstallation,MonopileInstallation,,40.0,
2002,,Feeder 1,Fasten Monopile,12.0,37500.0,ACTION,5685.541256315264,MonopileInstallation,MonopileInstallation,,,
2003,,Feeder 1,Fasten Nacelle,2.0,6250.0,ACTION,5685.944042430038,TurbineInstallation,TurbineInstallation,,,
2004,,WTIV,Lower TP,1.0,20833.333333333332,ACTION,5686.294880290653,MonopileInstallation,MonopileInstallation,,40.0,
2005,,Feeder 1,Fasten Blade,0.75,2343.75,ACTION,5686.694042430038,TurbineInstallation,TurbineInstallation,,,
2006,,WTIV,Attach Tower Section,2.0,25000.0,ACTION,5686.927297561818,TurbineInstallation,TurbineInstallation,,40.0,132.0
2007,,Feeder 1,Fasten Blade,0.75,2343.75,ACTION,5687.444042430038,TurbineInstallation,TurbineInstallation,,,
2008,,WTIV,Release Nacelle,1.0,12500.0,ACTION,5687.927297561818,TurbineInstallation,,,,
2009,,Feeder 1,Fasten Blade,0.75,2343.75,ACTION,5688.194042430038,TurbineInstallation,TurbineInstallation,,,
2010,,WTIV,Reequip,1.0,12500.0,ACTION,5688.927297561818,TurbineInstallation,,,,
2011,,WTIV,Lift Nacelle,1.32,16500.0,ACTION,5690.247297561818,TurbineInstallation,TurbineInstallation,,40.0,132.0
2012,,WTIV,Bolt TP,4.0,83333.33333333333,ACTION,5690.294880290653,MonopileInstallation,MonopileInstallation,,40.0,
2013,,WTIV,Jackdown,1.6666666666666667,34722.22222222222,ACTION,5691.96154695732,MonopileInstallation,MonopileInstallation,,40.0,
2014,,WTIV,Attach Nacelle,2.0,25000.0,ACTION,5692.247297561818,TurbineInstallation,TurbineInstallation,,40.0,132.0
2015,,WTIV,Reequip,1.0,12500.0,ACTION,5693.247297561818,TurbineInstallation,,,,
2016,,Feeder 1,Fasten Transition Piece,8.0,25000.0,ACTION,5693.541256315264,MonopileInstallation,MonopileInstallation,,,
2017,,WTIV,Release Blade,0.5,6250.0,ACTION,5693.747297561818,TurbineInstallation,,,,
2018,,WTIV,Lift Blade,1.32,16500.0,ACTION,5695.067297561818,TurbineInstallation,TurbineInstallation,,40.0,132.0
2019,,Feeder 1,Transit,8.01674486822009,25052.327713187784,ACTION,5696.210787298259,TurbineInstallation,,,,
2020,,WTIV,Attach Blade,1.5,18750.0,ACTION,5696.567297561818,TurbineInstallation,TurbineInstallation,,40.0,132.0
2021,,WTIV,Position Onsite,5.0,104166.66666666666,ACTION,5696.96154695732,MonopileInstallation,,,,
2022,,WTIV,Release Blade,0.5,6250.0,ACTION,5697.067297561818,TurbineInstallation,,,,
2023,,Feeder 1,Jackup,1.6666666666666667,5208.333333333334,ACTION,5697.877453964925,TurbineInstallation,TurbineInstallation,,,
2024,,WTIV,Lift Blade,1.32,16500.0,ACTION,5698.387297561818,TurbineInstallation,TurbineInstallation,,40.0,132.0
2025,,WTIV,Jackup,1.6666666666666667,34722.22222222222,ACTION,5698.628213623987,MonopileInstallation,MonopileInstallation,,40.0,
2026,,WTIV,RovSurvey,1.0,20833.333333333332,ACTION,5699.628213623987,MonopileInstallation,MonopileInstallation,,40.0,
2027,,WTIV,Attach Blade,1.5,18750.0,ACTION,5699.887297561818,TurbineInstallation,TurbineInstallation,,40.0,132.0
2028,,WTIV,Release Blade,0.5,6250.0,ACTION,5700.387297561818,TurbineInstallation,,,,
2029,,Feeder 0,ActiveFeeder,30.12666666666678,94145.83333333368,ACTION,5700.387297561818,TurbineInstallation,,Site,,
2030,,Feeder 1,Queue,2.5098435968932336,7843.261240291355,ACTION,5700.387297561818,TurbineInstallation,,Site,,
2031,,WTIV,Lift Blade,1.32,16500.0,ACTION,5701.707297561818,TurbineInstallation,TurbineInstallation,,40.0,132.0
2032,,Feeder 0,Jackdown,1.6666666666666667,5208.333333333334,ACTION,5702.053964228485,TurbineInstallation,TurbineInstallation,,,
2033,,WTIV,Attach Blade,1.5,18750.0,ACTION,5703.207297561818,TurbineInstallation,TurbineInstallation,,40.0,132.0
2034,,WTIV,Jackdown,0.43333333333333335,5416.666666666667,ACTION,5703.640630895152,TurbineInstallation,TurbineInstallation,,40.0,132.0
2035,,Feeder 1,Fasten Monopile,12.0,37500.0,ACTION,5705.541256315264,MonopileInstallation,MonopileInstallation,,,
2036,,WTIV,Position Onsite,5.0,62500.0,ACTION,5708.640630895152,TurbineInstallation,,,,
2037,,WTIV,Jackup,0.43333333333333335,5416.666666666667,ACTION,5709.073964228485,TurbineInstallation,TurbineInstallation,,40.0,132.0
2038,,WTIV,Release Monopile,10.0,208333.3333333333,ACTION,5709.628213623987,MonopileInstallation,,,,
2039,,Feeder 0,Transit,8.01674486822009,25052.327713187784,ACTION,5710.070709096705,TurbineInstallation,,,,
2040,,WTIV,Release Tower Section,1.0,12500.0,ACTION,5710.073964228485,TurbineInstallation,,,,
2041,,WTIV,Upend Monopile,0.8819573087220198,18374.110598375413,ACTION,5710.510170932709,MonopileInstallation,MonopileInstallation,,40.0,
2042,,WTIV,Lower Monopile,0.005,104.16666666666666,ACTION,5710.515170932709,MonopileInstallation,MonopileInstallation,,40.0,
2043,,WTIV,Lift Tower Section,0.66,8250.0,ACTION,5710.733964228485,TurbineInstallation,TurbineInstallation,,40.0,132.0
2044,,WTIV,Crane Reequip,1.0,20833.333333333332,ACTION,5711.515170932709,MonopileInstallation,MonopileInstallation,,40.0,
2045,,Feeder 0,Fasten Tower Section,2.0,6250.0,ACTION,5712.070709096705,TurbineInstallation,TurbineInstallation,,,
2046,,WTIV,Drive Monopile,1.2,24999.999999999996,ACTION,5712.715170932709,MonopileInstallation,MonopileInstallation,,40.0,
2047,,WTIV,Attach Tower Section,2.0,25000.0,ACTION,5712.733964228485,TurbineInstallation,TurbineInstallation,,40.0,132.0
2048,,Feeder 1,Fasten Transition Piece,8.0,25000.0,ACTION,5713.541256315264,MonopileInstallation,MonopileInstallation,,,
2049,,WTIV,Release Tower Section,1.0,12500.0,ACTION,5713.733964228485,TurbineInstallation,,,,
2050,,Feeder 0,Fasten Tower Section,2.0,6250.0,ACTION,5714.070709096705,TurbineInstallation,TurbineInstallation,,,
2051,,WTIV,Lift Tower Section,1.32,16500.0,ACTION,5715.053964228485,TurbineInstallation,TurbineInstallation,,40.0,132.0
2052,,Feeder 0,Fasten Nacelle,2.0,6250.0,ACTION,5716.070709096705,TurbineInstallation,TurbineInstallation,,,
2053,,Feeder 0,Fasten Blade,0.75,2343.75,ACTION,5716.820709096705,TurbineInstallation,TurbineInstallation,,,
2054,,WTIV,Attach Tower Section,2.0,25000.0,ACTION,5717.053964228485,TurbineInstallation,TurbineInstallation,,40.0,132.0
2055,,Feeder 0,Fasten Blade,0.75,2343.75,ACTION,5717.570709096705,TurbineInstallation,TurbineInstallation,,,
2056,,WTIV,Release Nacelle,1.0,12500.0,ACTION,5718.053964228485,TurbineInstallation,,,,
2057,,Feeder 0,Fasten Blade,0.75,2343.75,ACTION,5718.320709096705,TurbineInstallation,TurbineInstallation,,,
2058,,WTIV,Reequip,1.0,12500.0,ACTION,5719.053964228485,TurbineInstallation,,,,
2059,,WTIV,Lift Nacelle,1.32,16500.0,ACTION,5720.373964228485,TurbineInstallation,TurbineInstallation,,40.0,132.0
2060,,WTIV,Attach Nacelle,2.0,25000.0,ACTION,5722.373964228485,TurbineInstallation,TurbineInstallation,,40.0,132.0
2061,,WTIV,Release Transition Piece,10.0,208333.3333333333,ACTION,5722.715170932709,MonopileInstallation,,,,
2062,,WTIV,Reequip,1.0,12500.0,ACTION,5723.373964228485,TurbineInstallation,,,,
2063,,WTIV,Crane Reequip,1.0,20833.333333333332,ACTION,5723.715170932709,MonopileInstallation,MonopileInstallation,,40.0,
2064,,WTIV,Release Blade,0.5,6250.0,ACTION,5723.873964228485,TurbineInstallation,,,,
2065,,WTIV,Lower TP,1.0,20833.333333333332,ACTION,5724.715170932709,MonopileInstallation,MonopileInstallation,,40.0,
2066,,WTIV,Lift Blade,1.32,16500.0,ACTION,5725.193964228485,TurbineInstallation,TurbineInstallation,,40.0,132.0
2067,,Feeder 0,Transit,8.01674486822009,25052.327713187784,ACTION,5726.337453964925,TurbineInstallation,,,,
2068,,WTIV,Attach Blade,1.5,18750.0,ACTION,5726.693964228485,TurbineInstallation,TurbineInstallation,,40.0,132.0
2069,,WTIV,Release Blade,0.5,6250.0,ACTION,5727.193964228485,TurbineInstallation,,,,
2070,,Feeder 0,Jackup,1.6666666666666667,5208.333333333334,ACTION,5728.004120631592,TurbineInstallation,TurbineInstallation,,,
2071,,WTIV,Lift Blade,1.32,16500.0,ACTION,5728.513964228485,TurbineInstallation,TurbineInstallation,,40.0,132.0
2072,,WTIV,Bolt TP,4.0,83333.33333333333,ACTION,5728.715170932709,MonopileInstallation,MonopileInstallation,,40.0,
2073,,WTIV,Attach Blade,1.5,18750.0,ACTION,5730.013964228485,TurbineInstallation,TurbineInstallation,,40.0,132.0
2074,,WTIV,Jackdown,1.6666666666666667,34722.22222222222,ACTION,5730.381837599376,MonopileInstallation,MonopileInstallation,,40.0,
2075,,WTIV,Release Blade,0.5,6250.0,ACTION,5730.513964228485,TurbineInstallation,,,,
2076,,Feeder 1,ActiveFeeder,30.12666666666678,94145.83333333368,ACTION,5730.513964228485,TurbineInstallation,,Site,,
2077,,Feeder 0,Queue,2.5098435968932336,7843.261240291355,ACTION,5730.513964228485,TurbineInstallation,,Site,,
2078,,WTIV,Lift Blade,1.32,16500.0,ACTION,5731.8339642284855,TurbineInstallation,TurbineInstallation,,40.0,132.0
2079,,Feeder 1,Jackdown,1.6666666666666667,5208.333333333334,ACTION,5732.180630895152,TurbineInstallation,TurbineInstallation,,,
2080,,WTIV,Attach Blade,1.5,18750.0,ACTION,5733.3339642284855,TurbineInstallation,TurbineInstallation,,40.0,132.0
2081,,WTIV,Jackdown,0.43333333333333335,5416.666666666667,ACTION,5733.767297561819,TurbineInstallation,TurbineInstallation,,40.0,132.0
2082,,WTIV,Position Onsite,5.0,104166.66666666666,ACTION,5735.381837599376,MonopileInstallation,,,,
2083,,WTIV,Jackup,1.6666666666666667,34722.22222222222,ACTION,5737.048504266043,MonopileInstallation,MonopileInstallation,,40.0,
2084,,WTIV,RovSurvey,1.0,20833.333333333332,ACTION,5738.048504266043,MonopileInstallation,MonopileInstallation,,40.0,
2085,,WTIV,Position Onsite,5.0,62500.0,ACTION,5738.767297561819,TurbineInstallation,,,,
2086,,WTIV,Jackup,0.43333333333333335,5416.666666666667,ACTION,5739.200630895151,TurbineInstallation,TurbineInstallation,,40.0,132.0
2087,,Feeder 1,Transit,8.01674486822009,25052.327713187784,ACTION,5740.197375763371,TurbineInstallation,,,,
2088,,WTIV,Release Tower Section,1.0,12500.0,ACTION,5740.200630895151,TurbineInstallation,,,,
2089,,WTIV,Lift Tower Section,0.66,8250.0,ACTION,5740.860630895151,TurbineInstallation,TurbineInstallation,,40.0,132.0
2090,,Feeder 1,Fasten Tower Section,2.0,6250.0,ACTION,5742.197375763371,TurbineInstallation,TurbineInstallation,,,
2091,,WTIV,Attach Tower Section,2.0,25000.0,ACTION,5742.860630895151,TurbineInstallation,TurbineInstallation,,40.0,132.0
2092,,WTIV,Release Tower Section,1.0,12500.0,ACTION,5743.860630895151,TurbineInstallation,,,,
2093,,Feeder 1,Fasten Tower Section,2.0,6250.0,ACTION,5744.197375763371,TurbineInstallation,TurbineInstallation,,,
2094,,WTIV,Lift Tower Section,1.32,16500.0,ACTION,5745.180630895152,TurbineInstallation,TurbineInstallation,,40.0,132.0
2095,,Feeder 1,Fasten Nacelle,2.0,6250.0,ACTION,5746.197375763371,TurbineInstallation,TurbineInstallation,,,
2096,,Feeder 1,Fasten Blade,0.75,2343.75,ACTION,5746.947375763371,TurbineInstallation,TurbineInstallation,,,
2097,,WTIV,Attach Tower Section,2.0,25000.0,ACTION,5747.180630895152,TurbineInstallation,TurbineInstallation,,40.0,132.0
2098,,Feeder 1,Fasten Blade,0.75,2343.75,ACTION,5747.697375763371,TurbineInstallation,TurbineInstallation,,,
2099,,WTIV,Release Monopile,10.0,208333.3333333333,ACTION,5748.048504266043,MonopileInstallation,,,,
2100,,WTIV,Release Nacelle,1.0,12500.0,ACTION,5748.180630895152,TurbineInstallation,,,,
2101,,Feeder 1,Fasten Blade,0.75,2343.75,ACTION,5748.447375763371,TurbineInstallation,TurbineInstallation,,,
2102,,WTIV,Upend Monopile,0.8819573087220198,18374.110598375413,ACTION,5748.930461574765,MonopileInstallation,MonopileInstallation,,40.0,
2103,,WTIV,Lower Monopile,0.005,104.16666666666666,ACTION,5748.935461574765,MonopileInstallation,MonopileInstallation,,40.0,
2104,,WTIV,Reequip,1.0,12500.0,ACTION,5749.180630895152,TurbineInstallation,,,,
2105,,WTIV,Crane Reequip,1.0,20833.333333333332,ACTION,5749.935461574765,MonopileInstallation,MonopileInstallation,,40.0,
2106,,WTIV,Lift Nacelle,1.32,16500.0,ACTION,5750.5006308951515,TurbineInstallation,TurbineInstallation,,40.0,132.0
2107,,Feeder 1,Transit,37.11467868303137,115983.37088447304,ACTION,5750.655934998295,MonopileInstallation,,,,
2108,,WTIV,Drive Monopile,1.2,24999.999999999996,ACTION,5751.135461574765,MonopileInstallation,MonopileInstallation,,40.0,
2109,,Feeder 1,Jackup,1.6666666666666667,5208.333333333334,ACTION,5752.322601664962,MonopileInstallation,MonopileInstallation,,,
2110,,WTIV,Attach Nacelle,2.0,25000.0,ACTION,5752.5006308951515,TurbineInstallation,TurbineInstallation,,40.0,132.0
2111,,WTIV,Reequip,1.0,12500.0,ACTION,5753.5006308951515,TurbineInstallation,,,,
2112,,WTIV,Release Blade,0.5,6250.0,ACTION,5754.0006308951515,TurbineInstallation,,,,
2113,,WTIV,Lift Blade,1.32,16500.0,ACTION,5755.320630895152,TurbineInstallation,TurbineInstallation,,40.0,132.0
2114,,Feeder 1,Transit,8.01674486822009,25052.327713187784,ACTION,5756.464120631592,TurbineInstallation,,,,
2115,,WTIV,Attach Blade,1.5,18750.0,ACTION,5756.820630895152,TurbineInstallation,TurbineInstallation,,40.0,132.0
2116,,WTIV,Release Blade,0.5,6250.0,ACTION,5757.320630895152,TurbineInstallation,,,,
2117,,Feeder 1,Jackup,1.6666666666666667,5208.333333333334,ACTION,5758.130787298259,TurbineInstallation,TurbineInstallation,,,
2118,,WTIV,Lift Blade,1.32,16500.0,ACTION,5758.640630895152,TurbineInstallation,TurbineInstallation,,40.0,132.0
2119,,WTIV,Attach Blade,1.5,18750.0,ACTION,5760.140630895152,TurbineInstallation,TurbineInstallation,,40.0,132.0
2120,,WTIV,Release Blade,0.5,6250.0,ACTION,5760.640630895152,TurbineInstallation,,,,
2121,,Feeder 0,ActiveFeeder,30.12666666666678,94145.83333333368,ACTION,5760.640630895152,TurbineInstallation,,Site,,
2122,,Feeder 1,Queue,2.5098435968932336,7843.261240291355,ACTION,5760.640630895152,TurbineInstallation,,Site,,
2123,,WTIV,Release Transition Piece,10.0,208333.3333333333,ACTION,5761.135461574765,MonopileInstallation,,,,
2124,,Feeder 0,ActiveFeeder,107.594205259501,336231.89143594063,ACTION,5761.135461574765,MonopileInstallation,,Site,,
2125,,WTIV,Lift Blade,1.32,16500.0,ACTION,5761.960630895152,TurbineInstallation,TurbineInstallation,,40.0,132.0
2126,,WTIV,Crane Reequip,1.0,20833.333333333332,ACTION,5762.135461574765,MonopileInstallation,MonopileInstallation,,40.0,
2127,,Feeder 0,Jackdown,1.6666666666666667,5208.333333333334,ACTION,5762.307297561819,TurbineInstallation,TurbineInstallation,,,
2128,,Feeder 0,Jackdown,1.6666666666666667,5208.333333333334,ACTION,5762.802128241432,MonopileInstallation,MonopileInstallation,,,
2129,,WTIV,Lower TP,1.0,20833.333333333332,ACTION,5763.135461574765,MonopileInstallation,MonopileInstallation,,40.0,
2130,,WTIV,Attach Blade,1.5,18750.0,ACTION,5763.460630895152,TurbineInstallation,TurbineInstallation,,40.0,132.0
2131,,WTIV,Jackdown,0.43333333333333335,5416.666666666667,ACTION,5763.893964228485,TurbineInstallation,TurbineInstallation,,40.0,132.0
2132,,WTIV,Bolt TP,4.0,83333.33333333333,ACTION,5767.135461574765,MonopileInstallation,MonopileInstallation,,40.0,
2133,,WTIV,Jackdown,1.6666666666666667,34722.22222222222,ACTION,5768.802128241432,MonopileInstallation,MonopileInstallation,,40.0,
2134,,WTIV,Position Onsite,5.0,62500.0,ACTION,5768.893964228485,TurbineInstallation,,,,
2135,,WTIV,Jackup,0.43333333333333335,5416.666666666667,ACTION,5769.327297561818,TurbineInstallation,TurbineInstallation,,40.0,132.0
2136,,Feeder 0,Transit,8.01674486822009,25052.327713187784,ACTION,5770.324042430038,TurbineInstallation,,,,
2137,,WTIV,Release Tower Section,1.0,12500.0,ACTION,5770.327297561818,TurbineInstallation,,,,
2138,,WTIV,Lift Tower Section,0.66,8250.0,ACTION,5770.987297561818,TurbineInstallation,TurbineInstallation,,40.0,132.0
2139,,Feeder 0,Fasten Tower Section,2.0,6250.0,ACTION,5772.324042430038,TurbineInstallation,TurbineInstallation,,,
2140,,WTIV,Attach Tower Section,2.0,25000.0,ACTION,5772.987297561818,TurbineInstallation,TurbineInstallation,,40.0,132.0
2141,,WTIV,Release Tower Section,1.0,12500.0,ACTION,5773.987297561818,TurbineInstallation,,,,
2142,,Feeder 0,Fasten Tower Section,2.0,6250.0,ACTION,5774.324042430038,TurbineInstallation,TurbineInstallation,,,
2143,,WTIV,Lift Tower Section,1.32,16500.0,ACTION,5775.307297561819,TurbineInstallation,TurbineInstallation,,40.0,132.0
2144,,Feeder 0,Fasten Nacelle,2.0,6250.0,ACTION,5776.324042430038,TurbineInstallation,TurbineInstallation,,,
2145,,Feeder 0,Fasten Blade,0.75,2343.75,ACTION,5777.074042430038,TurbineInstallation,TurbineInstallation,,,
2146,,WTIV,Attach Tower Section,2.0,25000.0,ACTION,5777.307297561819,TurbineInstallation,TurbineInstallation,,40.0,132.0
2147,,Feeder 0,Fasten Blade,0.75,2343.75,ACTION,5777.824042430038,TurbineInstallation,TurbineInstallation,,,
2148,,WTIV,Release Nacelle,1.0,12500.0,ACTION,5778.307297561819,TurbineInstallation,,,,
2149,,Feeder 0,Fasten Blade,0.75,2343.75,ACTION,5778.574042430038,TurbineInstallation,TurbineInstallation,,,
2150,,WTIV,Reequip,1.0,12500.0,ACTION,5779.307297561819,TurbineInstallation,,,,
2151,,WTIV,Lift Nacelle,1.32,16500.0,ACTION,5780.6272975618185,TurbineInstallation,TurbineInstallation,,40.0,132.0
2152,,WTIV,Attach Nacelle,2.0,25000.0,ACTION,5782.6272975618185,TurbineInstallation,TurbineInstallation,,40.0,132.0
2153,,WTIV,Reequip,1.0,12500.0,ACTION,5783.6272975618185,TurbineInstallation,,,,
2154,,WTIV,Release Blade,0.5,6250.0,ACTION,5784.1272975618185,TurbineInstallation,,,,
2155,,WTIV,Lift Blade,1.32,16500.0,ACTION,5785.447297561818,TurbineInstallation,TurbineInstallation,,40.0,132.0
2156,,Feeder 0,Transit,8.01674486822009,25052.327713187784,ACTION,5786.590787298259,TurbineInstallation,,,,
2157,,WTIV,Attach Blade,1.5,18750.0,ACTION,5786.947297561818,TurbineInstallation,TurbineInstallation,,40.0,132.0
2158,,WTIV,Release Blade,0.5,6250.0,ACTION,5787.447297561818,TurbineInstallation,,,,
2159,,Feeder 0,Jackup,1.6666666666666667,5208.333333333334,ACTION,5788.257453964925,TurbineInstallation,TurbineInstallation,,,
2160,,WTIV,Lift Blade,1.32,16500.0,ACTION,5788.767297561819,TurbineInstallation,TurbineInstallation,,40.0,132.0
2161,,WTIV,Attach Blade,1.5,18750.0,ACTION,5790.267297561819,TurbineInstallation,TurbineInstallation,,40.0,132.0
2162,,WTIV,Release Blade,0.5,6250.0,ACTION,5790.767297561819,TurbineInstallation,,,,
2163,,Feeder 1,ActiveFeeder,30.12666666666655,94145.83333333298,ACTION,5790.767297561819,TurbineInstallation,,Site,,
2164,,Feeder 0,Queue,2.509843596893006,7843.261240290644,ACTION,5790.767297561819,TurbineInstallation,,Site,,
2165,,WTIV,Lift Blade,1.32,16500.0,ACTION,5792.087297561819,TurbineInstallation,TurbineInstallation,,40.0,132.0
2166,,Feeder 1,Jackdown,1.6666666666666667,5208.333333333334,ACTION,5792.433964228485,TurbineInstallation,TurbineInstallation,,,
2167,,WTIV,Attach Blade,1.5,18750.0,ACTION,5793.587297561819,TurbineInstallation,TurbineInstallation,,40.0,132.0
2168,,WTIV,Jackdown,0.43333333333333335,5416.666666666667,ACTION,5794.020630895152,TurbineInstallation,TurbineInstallation,,40.0,132.0
2169,,WTIV,Position Onsite,5.0,62500.0,ACTION,5799.020630895152,TurbineInstallation,,,,
2170,,WTIV,Jackup,0.43333333333333335,5416.666666666667,ACTION,5799.453964228485,TurbineInstallation,TurbineInstallation,,40.0,132.0
2171,,Feeder 0,Transit,37.11467868303137,115983.37088447304,ACTION,5799.916806924463,MonopileInstallation,,,,
2172,,Feeder 1,Queue,47.594205259500995,148731.8914359406,ACTION,5799.916806924463,MonopileInstallation,,Site,,
2173,,WTIV,Delay: Not enough vessels for monopiles,31.114678683031343,648222.4725631529,ACTION,5799.916806924463,MonopileInstallation,,Site,,
2174,,Feeder 1,Transit,8.01674486822009,25052.327713187784,ACTION,5800.450709096705,TurbineInstallation,,,,
2175,,WTIV,Release Tower Section,1.0,12500.0,ACTION,5800.453964228485,TurbineInstallation,,,,
2176,,WTIV,Lift Tower Section,0.66,8250.0,ACTION,5801.113964228485,TurbineInstallation,TurbineInstallation,,40.0,132.0
2177,,Feeder 1,Fasten Tower Section,2.0,6250.0,ACTION,5802.450709096705,TurbineInstallation,TurbineInstallation,,,
2178,,WTIV,Attach Tower Section,2.0,25000.0,ACTION,5803.113964228485,TurbineInstallation,TurbineInstallation,,40.0,132.0
2179,,WTIV,Release Tower Section,1.0,12500.0,ACTION,5804.113964228485,TurbineInstallation,,,,
2180,,Feeder 1,Fasten Tower Section,2.0,6250.0,ACTION,5804.450709096705,TurbineInstallation,TurbineInstallation,,,
2181,,WTIV,Position Onsite,5.0,104166.66666666666,ACTION,5804.916806924463,MonopileInstallation,,,,
2182,,WTIV,Lift Tower Section,1.32,16500.0,ACTION,5805.433964228485,TurbineInstallation,TurbineInstallation,,40.0,132.0
2183,,Feeder 1,Fasten Nacelle,2.0,6250.0,ACTION,5806.450709096705,TurbineInstallation,TurbineInstallation,,,
2184,,WTIV,Jackup,1.6666666666666667,34722.22222222222,ACTION,5806.58347359113,MonopileInstallation,MonopileInstallation,,40.0,
2185,,Feeder 1,Fasten Blade,0.75,2343.75,ACTION,5807.200709096705,TurbineInstallation,TurbineInstallation,,,
2186,,WTIV,Attach Tower Section,2.0,25000.0,ACTION,5807.433964228485,TurbineInstallation,TurbineInstallation,,40.0,132.0
2187,,WTIV,RovSurvey,1.0,20833.333333333332,ACTION,5807.58347359113,MonopileInstallation,MonopileInstallation,,40.0,
2188,,Feeder 1,Fasten Blade,0.75,2343.75,ACTION,5807.950709096705,TurbineInstallation,TurbineInstallation,,,
2189,,WTIV,Release Nacelle,1.0,12500.0,ACTION,5808.433964228485,TurbineInstallation,,,,
2190,,Feeder 1,Fasten Blade,0.75,2343.75,ACTION,5808.700709096705,TurbineInstallation,TurbineInstallation,,,
2191,,WTIV,Reequip,1.0,12500.0,ACTION,5809.433964228485,TurbineInstallation,,,,
2192,,WTIV,Lift Nacelle,1.32,16500.0,ACTION,5810.753964228485,TurbineInstallation,TurbineInstallation,,40.0,132.0
2193,,Feeder 0,Fasten Monopile,12.0,37500.0,ACTION,5811.916806924463,MonopileInstallation,MonopileInstallation,,,
2194,,WTIV,Attach Nacelle,2.0,25000.0,ACTION,5812.753964228485,TurbineInstallation,TurbineInstallation,,40.0,132.0
2195,,WTIV,Reequip,1.0,12500.0,ACTION,5813.753964228485,TurbineInstallation,,,,
2196,,WTIV,Release Blade,0.5,6250.0,ACTION,5814.253964228485,TurbineInstallation,,,,
2197,,WTIV,Lift Blade,1.32,16500.0,ACTION,5815.573964228485,TurbineInstallation,TurbineInstallation,,40.0,132.0
2198,,Feeder 1,Transit,8.01674486822009,25052.327713187784,ACTION,5816.717453964925,TurbineInstallation,,,,
2199,,WTIV,Attach Blade,1.5,18750.0,ACTION,5817.073964228485,TurbineInstallation,TurbineInstallation,,40.0,132.0
2200,,WTIV,Release Blade,0.5,6250.0,ACTION,5817.573964228485,TurbineInstallation,,,,
2201,,WTIV,Release Monopile,10.0,208333.3333333333,ACTION,5817.58347359113,MonopileInstallation,,,,
2202,,Feeder 1,Jackup,1.6666666666666667,5208.333333333334,ACTION,5818.384120631592,TurbineInstallation,TurbineInstallation,,,
2203,,WTIV,Upend Monopile,0.8819573087220198,18374.110598375413,ACTION,5818.465430899852,MonopileInstallation,MonopileInstallation,,40.0,
2204,,WTIV,Lower Monopile,0.005,104.16666666666666,ACTION,5818.4704308998525,MonopileInstallation,MonopileInstallation,,40.0,
2205,,WTIV,Lift Blade,1.32,16500.0,ACTION,5818.893964228485,TurbineInstallation,TurbineInstallation,,40.0,132.0
2206,,WTIV,Crane Reequip,1.0,20833.333333333332,ACTION,5819.4704308998525,MonopileInstallation,MonopileInstallation,,40.0,
2207,,Feeder 0,Fasten Transition Piece,8.0,25000.0,ACTION,5819.916806924463,MonopileInstallation,MonopileInstallation,,,
2208,,WTIV,Attach Blade,1.5,18750.0,ACTION,5820.393964228485,TurbineInstallation,TurbineInstallation,,40.0,132.0
2209,,WTIV,Drive Monopile,1.2,24999.999999999996,ACTION,5820.670430899852,MonopileInstallation,MonopileInstallation,,40.0,
2210,,WTIV,Release Blade,0.5,6250.0,ACTION,5820.893964228485,TurbineInstallation,,,,
2211,,Feeder 0,ActiveFeeder,30.12666666666655,94145.83333333298,ACTION,5820.893964228485,TurbineInstallation,,Site,,
2212,,Feeder 1,Queue,2.509843596893006,7843.261240290644,ACTION,5820.893964228485,TurbineInstallation,,Site,,
2213,,WTIV,Lift Blade,1.32,16500.0,ACTION,5822.213964228485,TurbineInstallation,TurbineInstallation,,40.0,132.0
2214,,Feeder 0,Jackdown,1.6666666666666667,5208.333333333334,ACTION,5822.560630895152,TurbineInstallation,TurbineInstallation,,,
2215,,WTIV,Attach Blade,1.5,18750.0,ACTION,5823.713964228485,TurbineInstallation,TurbineInstallation,,40.0,132.0
2216,,WTIV,Jackdown,0.43333333333333335,5416.666666666667,ACTION,5824.147297561818,TurbineInstallation,TurbineInstallation,,40.0,132.0
2217,,WTIV,Position Onsite,5.0,62500.0,ACTION,5829.147297561818,TurbineInstallation,,,,
2218,,WTIV,Jackup,0.43333333333333335,5416.666666666667,ACTION,5829.580630895151,TurbineInstallation,TurbineInstallation,,40.0,132.0
2219,,Feeder 0,Transit,8.01674486822009,25052.327713187784,ACTION,5830.5773757633715,TurbineInstallation,,,,
2220,,WTIV,Release Tower Section,1.0,12500.0,ACTION,5830.580630895151,TurbineInstallation,,,,
2221,,WTIV,Release Transition Piece,10.0,208333.3333333333,ACTION,5830.670430899852,MonopileInstallation,,,,
2222,,WTIV,Lift Tower Section,0.66,8250.0,ACTION,5831.240630895152,TurbineInstallation,TurbineInstallation,,40.0,132.0
2223,,WTIV,Crane Reequip,1.0,20833.333333333332,ACTION,5831.670430899852,MonopileInstallation,MonopileInstallation,,40.0,
2224,,Feeder 0,Fasten Monopile,12.0,37500.0,ACTION,5831.916806924463,MonopileInstallation,MonopileInstallation,,,
2225,,Feeder 0,Fasten Tower Section,2.0,6250.0,ACTION,5832.5773757633715,TurbineInstallation,TurbineInstallation,,,
2226,,WTIV,Lower TP,1.0,20833.333333333332,ACTION,5832.670430899852,MonopileInstallation,MonopileInstallation,,40.0,
2227,,WTIV,Attach Tower Section,2.0,25000.0,ACTION,5833.240630895152,TurbineInstallation,TurbineInstallation,,40.0,132.0
2228,,WTIV,Release Tower Section,1.0,12500.0,ACTION,5834.240630895152,TurbineInstallation,,,,
2229,,Feeder 0,Fasten Tower Section,2.0,6250.0,ACTION,5834.5773757633715,TurbineInstallation,TurbineInstallation,,,
2230,,WTIV,Lift Tower Section,1.32,16500.0,ACTION,5835.560630895152,TurbineInstallation,TurbineInstallation,,40.0,132.0
2231,,Feeder 0,Fasten Nacelle,2.0,6250.0,ACTION,5836.5773757633715,TurbineInstallation,TurbineInstallation,,,
2232,,WTIV,Bolt TP,4.0,83333.33333333333,ACTION,5836.670430899852,MonopileInstallation,MonopileInstallation,,40.0,
2233,,Feeder 0,Fasten Blade,0.75,2343.75,ACTION,5837.3273757633715,TurbineInstallation,TurbineInstallation,,,
2234,,WTIV,Attach Tower Section,2.0,25000.0,ACTION,5837.560630895152,TurbineInstallation,TurbineInstallation,,40.0,132.0
2235,,Feeder 0,Fasten Blade,0.75,2343.75,ACTION,5838.0773757633715,TurbineInstallation,TurbineInstallation,,,
2236,,WTIV,Jackdown,1.6666666666666667,34722.22222222222,ACTION,5838.337097566519,MonopileInstallation,MonopileInstallation,,40.0,
2237,,WTIV,Release Nacelle,1.0,12500.0,ACTION,5838.560630895152,TurbineInstallation,,,,
2238,,Feeder 0,Fasten Blade,0.75,2343.75,ACTION,5838.8273757633715,TurbineInstallation,TurbineInstallation,,,
2239,,WTIV,Reequip,1.0,12500.0,ACTION,5839.560630895152,TurbineInstallation,,,,
2240,,Feeder 0,Fasten Transition Piece,8.0,25000.0,ACTION,5839.916806924463,MonopileInstallation,MonopileInstallation,,,
2241,,WTIV,Lift Nacelle,1.32,16500.0,ACTION,5840.880630895152,TurbineInstallation,TurbineInstallation,,40.0,132.0
2242,,WTIV,Attach Nacelle,2.0,25000.0,ACTION,5842.880630895152,TurbineInstallation,TurbineInstallation,,40.0,132.0
2243,,WTIV,Position Onsite,5.0,104166.66666666666,ACTION,5843.337097566519,MonopileInstallation,,,,
2244,,WTIV,Reequip,1.0,12500.0,ACTION,5843.880630895152,TurbineInstallation,,,,
2245,,WTIV,Release Blade,0.5,6250.0,ACTION,5844.380630895152,TurbineInstallation,,,,
2246,,WTIV,Jackup,1.6666666666666667,34722.22222222222,ACTION,5845.003764233186,MonopileInstallation,MonopileInstallation,,40.0,
2247,,WTIV,Lift Blade,1.32,16500.0,ACTION,5845.700630895151,TurbineInstallation,TurbineInstallation,,40.0,132.0
2248,,WTIV,RovSurvey,1.0,20833.333333333332,ACTION,5846.003764233186,MonopileInstallation,MonopileInstallation,,40.0,
2249,,Feeder 0,Transit,8.01674486822009,25052.327713187784,ACTION,5846.844120631592,TurbineInstallation,,,,
2250,,WTIV,Attach Blade,1.5,18750.0,ACTION,5847.200630895151,TurbineInstallation,TurbineInstallation,,40.0,132.0
2251,,WTIV,Release Blade,0.5,6250.0,ACTION,5847.700630895151,TurbineInstallation,,,,
2252,,Feeder 0,Jackup,1.6666666666666667,5208.333333333334,ACTION,5848.510787298259,TurbineInstallation,TurbineInstallation,,,
2253,,WTIV,Lift Blade,1.32,16500.0,ACTION,5849.020630895151,TurbineInstallation,TurbineInstallation,,40.0,132.0
2254,,WTIV,Attach Blade,1.5,18750.0,ACTION,5850.520630895151,TurbineInstallation,TurbineInstallation,,40.0,132.0
2255,,WTIV,Release Blade,0.5,6250.0,ACTION,5851.020630895151,TurbineInstallation,,,,
2256,,Feeder 1,ActiveFeeder,30.12666666666655,94145.83333333298,ACTION,5851.020630895151,TurbineInstallation,,Site,,
2257,,Feeder 0,Queue,2.509843596893006,7843.261240290644,ACTION,5851.020630895151,TurbineInstallation,,Site,,
2258,,WTIV,Lift Blade,1.32,16500.0,ACTION,5852.340630895152,TurbineInstallation,TurbineInstallation,,40.0,132.0
2259,,Feeder 1,Jackdown,1.6666666666666667,5208.333333333334,ACTION,5852.687297561818,TurbineInstallation,TurbineInstallation,,,
2260,,WTIV,Attach Blade,1.5,18750.0,ACTION,5853.840630895152,TurbineInstallation,TurbineInstallation,,40.0,132.0
2261,,WTIV,Jackdown,0.43333333333333335,5416.666666666667,ACTION,5854.273964228485,TurbineInstallation,TurbineInstallation,,40.0,132.0
2262,,WTIV,Release Monopile,10.0,208333.3333333333,ACTION,5856.003764233186,MonopileInstallation,,,,
2263,,WTIV,Upend Monopile,0.8819573087220198,18374.110598375413,ACTION,5856.885721541908,MonopileInstallation,MonopileInstallation,,40.0,
2264,,WTIV,Lower Monopile,0.005,104.16666666666666,ACTION,5856.8907215419085,MonopileInstallation,MonopileInstallation,,40.0,
2265,,WTIV,Crane Reequip,1.0,20833.333333333332,ACTION,5857.8907215419085,MonopileInstallation,MonopileInstallation,,40.0,
2266,,WTIV,Drive Monopile,1.2,24999.999999999996,ACTION,5859.090721541908,MonopileInstallation,MonopileInstallation,,40.0,
2267,,WTIV,Position Onsite,5.0,62500.0,ACTION,5859.273964228485,TurbineInstallation,,,,
2268,,WTIV,Jackup,0.43333333333333335,5416.666666666667,ACTION,5859.707297561818,TurbineInstallation,TurbineInstallation,,40.0,132.0
2269,,Feeder 1,Transit,8.01674486822009,25052.327713187784,ACTION,5860.7040424300385,TurbineInstallation,,,,
2270,,WTIV,Release Tower Section,1.0,12500.0,ACTION,5860.707297561818,TurbineInstallation,,,,
2271,,WTIV,Lift Tower Section,0.66,8250.0,ACTION,5861.367297561818,TurbineInstallation,TurbineInstallation,,40.0,132.0
2272,,Feeder 1,Fasten Tower Section,2.0,6250.0,ACTION,5862.7040424300385,TurbineInstallation,TurbineInstallation,,,
2273,,WTIV,Attach Tower Section,2.0,25000.0,ACTION,5863.367297561818,TurbineInstallation,TurbineInstallation,,40.0,132.0
2274,,WTIV,Release Tower Section,1.0,12500.0,ACTION,5864.367297561818,TurbineInstallation,,,,
2275,,Feeder 1,Fasten Tower Section,2.0,6250.0,ACTION,5864.7040424300385,TurbineInstallation,TurbineInstallation,,,
2276,,WTIV,Lift Tower Section,1.32,16500.0,ACTION,5865.687297561818,TurbineInstallation,TurbineInstallation,,40.0,132.0
2277,,Feeder 1,Fasten Nacelle,2.0,6250.0,ACTION,5866.7040424300385,TurbineInstallation,TurbineInstallation,,,
2278,,Feeder 1,Fasten Blade,0.75,2343.75,ACTION,5867.4540424300385,TurbineInstallation,TurbineInstallation,,,
2279,,WTIV,Attach Tower Section,2.0,25000.0,ACTION,5867.687297561818,TurbineInstallation,TurbineInstallation,,40.0,132.0
2280,,Feeder 1,Fasten Blade,0.75,2343.75,ACTION,5868.2040424300385,TurbineInstallation,TurbineInstallation,,,
2281,,WTIV,Release Nacelle,1.0,12500.0,ACTION,5868.687297561818,TurbineInstallation,,,,
2282,,Feeder 1,Fasten Blade,0.75,2343.75,ACTION,5868.9540424300385,TurbineInstallation,TurbineInstallation,,,
2283,,WTIV,Release Transition Piece,10.0,208333.3333333333,ACTION,5869.090721541908,MonopileInstallation,,,,
2284,,WTIV,Reequip,1.0,12500.0,ACTION,5869.687297561818,TurbineInstallation,,,,
2285,,WTIV,Crane Reequip,1.0,20833.333333333332,ACTION,5870.090721541908,MonopileInstallation,MonopileInstallation,,40.0,
2286,,WTIV,Lift Nacelle,1.32,16500.0,ACTION,5871.007297561819,TurbineInstallation,TurbineInstallation,,40.0,132.0
2287,,WTIV,Lower TP,1.0,20833.333333333332,ACTION,5871.090721541908,MonopileInstallation,MonopileInstallation,,40.0,
2288,,WTIV,Attach Nacelle,2.0,25000.0,ACTION,5873.007297561819,TurbineInstallation,TurbineInstallation,,40.0,132.0
2289,,WTIV,Reequip,1.0,12500.0,ACTION,5874.007297561819,TurbineInstallation,,,,
2290,,WTIV,Release Blade,0.5,6250.0,ACTION,5874.507297561819,TurbineInstallation,,,,
2291,,WTIV,Bolt TP,4.0,83333.33333333333,ACTION,5875.090721541908,MonopileInstallation,MonopileInstallation,,40.0,
2292,,WTIV,Lift Blade,1.32,16500.0,ACTION,5875.827297561818,TurbineInstallation,TurbineInstallation,,40.0,132.0
2293,,WTIV,Jackdown,1.6666666666666667,34722.22222222222,ACTION,5876.757388208575,MonopileInstallation,MonopileInstallation,,40.0,
2294,,Feeder 1,Transit,8.01674486822009,25052.327713187784,ACTION,5876.970787298258,TurbineInstallation,,,,
2295,,WTIV,Attach Blade,1.5,18750.0,ACTION,5877.327297561818,TurbineInstallation,TurbineInstallation,,40.0,132.0
2296,,WTIV,Release Blade,0.5,6250.0,ACTION,5877.827297561818,TurbineInstallation,,,,
2297,,Feeder 1,Jackup,1.6666666666666667,5208.333333333334,ACTION,5878.637453964925,TurbineInstallation,TurbineInstallation,,,
2298,,WTIV,Lift Blade,1.32,16500.0,ACTION,5879.147297561818,TurbineInstallation,TurbineInstallation,,40.0,132.0
2299,,WTIV,Attach Blade,1.5,18750.0,ACTION,5880.647297561818,TurbineInstallation,TurbineInstallation,,40.0,132.0
2300,,WTIV,Release Blade,0.5,6250.0,ACTION,5881.147297561818,TurbineInstallation,,,,
2301,,Feeder 0,ActiveFeeder,30.12666666666655,94145.83333333298,ACTION,5881.147297561818,TurbineInstallation,,Site,,
2302,,Feeder 1,Queue,2.509843596893006,7843.261240290644,ACTION,5881.147297561818,TurbineInstallation,,Site,,
2303,,WTIV,Position Onsite,5.0,104166.66666666666,ACTION,5881.757388208575,MonopileInstallation,,,,
2304,,WTIV,Lift Blade,1.32,16500.0,ACTION,5882.467297561818,TurbineInstallation,TurbineInstallation,,40.0,132.0
2305,,Feeder 0,Jackdown,1.6666666666666667,5208.333333333334,ACTION,5882.813964228485,TurbineInstallation,TurbineInstallation,,,
2306,,WTIV,Jackup,1.6666666666666667,34722.22222222222,ACTION,5883.424054875242,MonopileInstallation,MonopileInstallation,,40.0,
2307,,WTIV,Attach Blade,1.5,18750.0,ACTION,5883.967297561818,TurbineInstallation,TurbineInstallation,,40.0,132.0
2308,,WTIV,Jackdown,0.43333333333333335,5416.666666666667,ACTION,5884.400630895151,TurbineInstallation,TurbineInstallation,,40.0,132.0
2309,,WTIV,RovSurvey,1.0,20833.333333333332,ACTION,5884.424054875242,MonopileInstallation,MonopileInstallation,,40.0,
2310,,WTIV,Position Onsite,5.0,62500.0,ACTION,5889.400630895151,TurbineInstallation,,,,
2311,,WTIV,Jackup,0.43333333333333335,5416.666666666667,ACTION,5889.833964228485,TurbineInstallation,TurbineInstallation,,40.0,132.0
2312,,Feeder 0,Transit,8.01674486822009,25052.327713187784,ACTION,5890.830709096705,TurbineInstallation,,,,
2313,,WTIV,Release Tower Section,1.0,12500.0,ACTION,5890.833964228485,TurbineInstallation,,,,
2314,,WTIV,Lift Tower Section,0.66,8250.0,ACTION,5891.493964228484,TurbineInstallation,TurbineInstallation,,40.0,132.0
2315,,Feeder 0,Fasten Tower Section,2.0,6250.0,ACTION,5892.830709096705,TurbineInstallation,TurbineInstallation,,,
2316,,WTIV,Attach Tower Section,2.0,25000.0,ACTION,5893.493964228484,TurbineInstallation,TurbineInstallation,,40.0,132.0
2317,,WTIV,Release Monopile,10.0,208333.3333333333,ACTION,5894.424054875242,MonopileInstallation,,,,
2318,,WTIV,Release Tower Section,1.0,12500.0,ACTION,5894.493964228484,TurbineInstallation,,,,
2319,,Feeder 0,Fasten Tower Section,2.0,6250.0,ACTION,5894.830709096705,TurbineInstallation,TurbineInstallation,,,
2320,,WTIV,Upend Monopile,0.8819573087220198,18374.110598375413,ACTION,5895.306012183964,MonopileInstallation,MonopileInstallation,,40.0,
2321,,WTIV,Lower Monopile,0.005,104.16666666666666,ACTION,5895.3110121839645,MonopileInstallation,MonopileInstallation,,40.0,
2322,,WTIV,Lift Tower Section,1.32,16500.0,ACTION,5895.813964228485,TurbineInstallation,TurbineInstallation,,40.0,132.0
2323,,WTIV,Crane Reequip,1.0,20833.333333333332,ACTION,5896.3110121839645,MonopileInstallation,MonopileInstallation,,40.0,
2324,,Feeder 0,Fasten Nacelle,2.0,6250.0,ACTION,5896.830709096705,TurbineInstallation,TurbineInstallation,,,
2325,,WTIV,Drive Monopile,1.2,24999.999999999996,ACTION,5897.511012183964,MonopileInstallation,MonopileInstallation,,40.0,
2326,,Feeder 0,Fasten Blade,0.75,2343.75,ACTION,5897.580709096705,TurbineInstallation,TurbineInstallation,,,
2327,,WTIV,Attach Tower Section,2.0,25000.0,ACTION,5897.813964228485,TurbineInstallation,TurbineInstallation,,40.0,132.0
2328,,Feeder 0,Fasten Blade,0.75,2343.75,ACTION,5898.330709096705,TurbineInstallation,TurbineInstallation,,,
2329,,WTIV,Release Nacelle,1.0,12500.0,ACTION,5898.813964228485,TurbineInstallation,,,,
2330,,Feeder 0,Fasten Blade,0.75,2343.75,ACTION,5899.080709096705,TurbineInstallation,TurbineInstallation,,,
2331,,WTIV,Reequip,1.0,12500.0,ACTION,5899.813964228485,TurbineInstallation,,,,
2332,,WTIV,Lift Nacelle,1.32,16500.0,ACTION,5901.133964228485,TurbineInstallation,TurbineInstallation,,40.0,132.0
2333,,WTIV,Attach Nacelle,2.0,25000.0,ACTION,5903.133964228485,TurbineInstallation,TurbineInstallation,,40.0,132.0
2334,,WTIV,Reequip,1.0,12500.0,ACTION,5904.133964228485,TurbineInstallation,,,,
2335,,WTIV,Release Blade,0.5,6250.0,ACTION,5904.633964228485,TurbineInstallation,,,,
2336,,WTIV,Lift Blade,1.32,16500.0,ACTION,5905.953964228484,TurbineInstallation,TurbineInstallation,,40.0,132.0
2337,,Feeder 0,Transit,8.01674486822009,25052.327713187784,ACTION,5907.097453964925,TurbineInstallation,,,,
2338,,WTIV,Attach Blade,1.5,18750.0,ACTION,5907.453964228484,TurbineInstallation,TurbineInstallation,,40.0,132.0
2339,,WTIV,Release Transition Piece,10.0,208333.3333333333,ACTION,5907.511012183964,MonopileInstallation,,,,
2340,,Feeder 1,ActiveFeeder,107.594205259501,336231.89143594063,ACTION,5907.511012183964,MonopileInstallation,,Site,,
2341,,WTIV,Release Blade,0.5,6250.0,ACTION,5907.953964228484,TurbineInstallation,,,,
2342,,WTIV,Crane Reequip,1.0,20833.333333333332,ACTION,5908.511012183964,MonopileInstallation,MonopileInstallation,,40.0,
2343,,Feeder 0,Jackup,1.6666666666666667,5208.333333333334,ACTION,5908.764120631591,TurbineInstallation,TurbineInstallation,,,
2344,,Feeder 1,Jackdown,1.6666666666666667,5208.333333333334,ACTION,5909.177678850631,MonopileInstallation,MonopileInstallation,,,
2345,,WTIV,Lift Blade,1.32,16500.0,ACTION,5909.273964228485,TurbineInstallation,TurbineInstallation,,40.0,132.0
2346,,WTIV,Lower TP,1.0,20833.333333333332,ACTION,5909.511012183964,MonopileInstallation,MonopileInstallation,,40.0,
2347,,WTIV,Attach Blade,1.5,18750.0,ACTION,5910.773964228485,TurbineInstallation,TurbineInstallation,,40.0,132.0
2348,,WTIV,Release Blade,0.5,6250.0,ACTION,5911.273964228485,TurbineInstallation,,,,
2349,,Feeder 1,ActiveFeeder,30.12666666666655,94145.83333333298,ACTION,5911.273964228485,TurbineInstallation,,Site,,
2350,,Feeder 0,Queue,2.509843596893006,7843.261240290644,ACTION,5911.273964228485,TurbineInstallation,,Site,,
2351,,WTIV,Lift Blade,1.32,16500.0,ACTION,5912.593964228485,TurbineInstallation,TurbineInstallation,,40.0,132.0
2352,,Feeder 1,Jackdown,1.6666666666666667,5208.333333333334,ACTION,5912.940630895151,TurbineInstallation,TurbineInstallation,,,
2353,,WTIV,Bolt TP,4.0,83333.33333333333,ACTION,5913.511012183964,MonopileInstallation,MonopileInstallation,,40.0,
2354,,WTIV,Attach Blade,1.5,18750.0,ACTION,5914.093964228485,TurbineInstallation,TurbineInstallation,,40.0,132.0
2355,,WTIV,Jackdown,0.43333333333333335,5416.666666666667,ACTION,5914.527297561818,TurbineInstallation,TurbineInstallation,,40.0,132.0
2356,,WTIV,Jackdown,1.6666666666666667,34722.22222222222,ACTION,5915.177678850631,MonopileInstallation,MonopileInstallation,,40.0,
2357,,WTIV,Position Onsite,5.0,62500.0,ACTION,5919.527297561818,TurbineInstallation,,,,
2358,,WTIV,Jackup,0.43333333333333335,5416.666666666667,ACTION,5919.960630895152,TurbineInstallation,TurbineInstallation,,40.0,132.0
2359,,Feeder 1,Transit,8.01674486822009,25052.327713187784,ACTION,5920.957375763372,TurbineInstallation,,,,
2360,,WTIV,Release Tower Section,1.0,12500.0,ACTION,5920.960630895152,TurbineInstallation,,,,
2361,,WTIV,Lift Tower Section,0.66,8250.0,ACTION,5921.620630895151,TurbineInstallation,TurbineInstallation,,40.0,132.0
2362,,Feeder 1,Fasten Tower Section,2.0,6250.0,ACTION,5922.957375763372,TurbineInstallation,TurbineInstallation,,,
2363,,WTIV,Attach Tower Section,2.0,25000.0,ACTION,5923.620630895151,TurbineInstallation,TurbineInstallation,,40.0,132.0
2364,,WTIV,Release Tower Section,1.0,12500.0,ACTION,5924.620630895151,TurbineInstallation,,,,
2365,,Feeder 1,Fasten Tower Section,2.0,6250.0,ACTION,5924.957375763372,TurbineInstallation,TurbineInstallation,,,
2366,,WTIV,Lift Tower Section,1.32,16500.0,ACTION,5925.940630895151,TurbineInstallation,TurbineInstallation,,40.0,132.0
2367,,Feeder 1,Fasten Nacelle,2.0,6250.0,ACTION,5926.957375763372,TurbineInstallation,TurbineInstallation,,,
2368,,Feeder 1,Fasten Blade,0.75,2343.75,ACTION,5927.707375763372,TurbineInstallation,TurbineInstallation,,,
2369,,WTIV,Attach Tower Section,2.0,25000.0,ACTION,5927.940630895151,TurbineInstallation,TurbineInstallation,,40.0,132.0
2370,,Feeder 1,Fasten Blade,0.75,2343.75,ACTION,5928.457375763372,TurbineInstallation,TurbineInstallation,,,
2371,,WTIV,Release Nacelle,1.0,12500.0,ACTION,5928.940630895151,TurbineInstallation,,,,
2372,,Feeder 1,Fasten Blade,0.75,2343.75,ACTION,5929.207375763372,TurbineInstallation,TurbineInstallation,,,
2373,,WTIV,Reequip,1.0,12500.0,ACTION,5929.940630895151,TurbineInstallation,,,,
2374,,WTIV,Lift Nacelle,1.32,16500.0,ACTION,5931.260630895151,TurbineInstallation,TurbineInstallation,,40.0,132.0
2375,,WTIV,Attach Nacelle,2.0,25000.0,ACTION,5933.260630895151,TurbineInstallation,TurbineInstallation,,40.0,132.0
2376,,WTIV,Reequip,1.0,12500.0,ACTION,5934.260630895151,TurbineInstallation,,,,
2377,,WTIV,Release Blade,0.5,6250.0,ACTION,5934.760630895151,TurbineInstallation,,,,
2378,,WTIV,Lift Blade,1.32,16500.0,ACTION,5936.080630895151,TurbineInstallation,TurbineInstallation,,40.0,132.0
2379,,Feeder 1,Transit,8.01674486822009,25052.327713187784,ACTION,5937.224120631591,TurbineInstallation,,,,
2380,,WTIV,Attach Blade,1.5,18750.0,ACTION,5937.580630895151,TurbineInstallation,TurbineInstallation,,40.0,132.0
2381,,WTIV,Release Blade,0.5,6250.0,ACTION,5938.080630895151,TurbineInstallation,,,,
2382,,Feeder 1,Jackup,1.6666666666666667,5208.333333333334,ACTION,5938.890787298258,TurbineInstallation,TurbineInstallation,,,
2383,,WTIV,Lift Blade,1.32,16500.0,ACTION,5939.400630895151,TurbineInstallation,TurbineInstallation,,40.0,132.0
2384,,WTIV,Attach Blade,1.5,18750.0,ACTION,5940.900630895151,TurbineInstallation,TurbineInstallation,,40.0,132.0
2385,,WTIV,Release Blade,0.5,6250.0,ACTION,5941.400630895151,TurbineInstallation,,,,
2386,,Feeder 0,ActiveFeeder,30.12666666666655,94145.83333333298,ACTION,5941.400630895151,TurbineInstallation,,Site,,
2387,,Feeder 1,Queue,2.509843596893006,7843.261240290644,ACTION,5941.400630895151,TurbineInstallation,,Site,,
2388,,WTIV,Lift Blade,1.32,16500.0,ACTION,5942.720630895151,TurbineInstallation,TurbineInstallation,,40.0,132.0
2389,,Feeder 0,Jackdown,1.6666666666666667,5208.333333333334,ACTION,5943.067297561818,TurbineInstallation,TurbineInstallation,,,
2390,,WTIV,Attach Blade,1.5,18750.0,ACTION,5944.220630895151,TurbineInstallation,TurbineInstallation,,40.0,132.0
2391,,WTIV,Jackdown,0.43333333333333335,5416.666666666667,ACTION,5944.653964228484,TurbineInstallation,TurbineInstallation,,40.0,132.0
2392,,Feeder 1,Transit,37.11467868303137,115983.37088447304,ACTION,5946.292357533663,MonopileInstallation,,,,
2393,,WTIV,Position Onsite,5.0,62500.0,ACTION,5949.653964228484,TurbineInstallation,,,,
2394,,WTIV,Jackup,0.43333333333333335,5416.666666666667,ACTION,5950.087297561818,TurbineInstallation,TurbineInstallation,,40.0,132.0
2395,,Feeder 0,Transit,8.01674486822009,25052.327713187784,ACTION,5951.084042430038,TurbineInstallation,,,,
2396,,WTIV,Release Tower Section,1.0,12500.0,ACTION,5951.087297561818,TurbineInstallation,,,,
2397,,WTIV,Lift Tower Section,0.66,8250.0,ACTION,5951.747297561818,TurbineInstallation,TurbineInstallation,,40.0,132.0
2398,,Feeder 0,Fasten Tower Section,2.0,6250.0,ACTION,5953.084042430038,TurbineInstallation,TurbineInstallation,,,
2399,,WTIV,Attach Tower Section,2.0,25000.0,ACTION,5953.747297561818,TurbineInstallation,TurbineInstallation,,40.0,132.0
2400,,WTIV,Release Tower Section,1.0,12500.0,ACTION,5954.747297561818,TurbineInstallation,,,,
2401,,Feeder 0,Fasten Tower Section,2.0,6250.0,ACTION,5955.084042430038,TurbineInstallation,TurbineInstallation,,,
2402,,WTIV,Lift Tower Section,1.32,16500.0,ACTION,5956.067297561818,TurbineInstallation,TurbineInstallation,,40.0,132.0
2403,,Feeder 0,Fasten Nacelle,2.0,6250.0,ACTION,5957.084042430038,TurbineInstallation,TurbineInstallation,,,
2404,,Feeder 0,Fasten Blade,0.75,2343.75,ACTION,5957.834042430038,TurbineInstallation,TurbineInstallation,,,
2405,,WTIV,Attach Tower Section,2.0,25000.0,ACTION,5958.067297561818,TurbineInstallation,TurbineInstallation,,40.0,132.0
2406,,Feeder 0,Fasten Blade,0.75,2343.75,ACTION,5958.584042430038,TurbineInstallation,TurbineInstallation,,,
2407,,WTIV,Release Nacelle,1.0,12500.0,ACTION,5959.067297561818,TurbineInstallation,,,,
2408,,Feeder 0,Fasten Blade,0.75,2343.75,ACTION,5959.334042430038,TurbineInstallation,TurbineInstallation,,,
2409,,WTIV,Reequip,1.0,12500.0,ACTION,5960.067297561818,TurbineInstallation,,,,
2410,,WTIV,Lift Nacelle,1.32,16500.0,ACTION,5961.387297561818,TurbineInstallation,TurbineInstallation,,40.0,132.0
2411,,WTIV,Attach Nacelle,2.0,25000.0,ACTION,5963.387297561818,TurbineInstallation,TurbineInstallation,,40.0,132.0
2412,,WTIV,Reequip,1.0,12500.0,ACTION,5964.387297561818,TurbineInstallation,,,,
2413,,WTIV,Release Blade,0.5,6250.0,ACTION,5964.887297561818,TurbineInstallation,,,,
2414,,WTIV,Lift Blade,1.32,16500.0,ACTION,5966.2072975618175,TurbineInstallation,TurbineInstallation,,40.0,132.0
2415,,Feeder 0,Transit,8.01674486822009,25052.327713187784,ACTION,5967.350787298258,TurbineInstallation,,,,
2416,,WTIV,Attach Blade,1.5,18750.0,ACTION,5967.7072975618175,TurbineInstallation,TurbineInstallation,,40.0,132.0
2417,,WTIV,Release Blade,0.5,6250.0,ACTION,5968.2072975618175,TurbineInstallation,,,,
2418,,Feeder 0,Jackup,1.6666666666666667,5208.333333333334,ACTION,5969.017453964925,TurbineInstallation,TurbineInstallation,,,
2419,,WTIV,Lift Blade,1.32,16500.0,ACTION,5969.527297561817,TurbineInstallation,TurbineInstallation,,40.0,132.0
2420,,WTIV,Attach Blade,1.5,18750.0,ACTION,5971.027297561817,TurbineInstallation,TurbineInstallation,,40.0,132.0
2421,,WTIV,Release Blade,0.5,6250.0,ACTION,5971.527297561817,TurbineInstallation,,,,
2422,,Feeder 1,ActiveFeeder,30.12666666666655,94145.83333333298,ACTION,5971.527297561817,TurbineInstallation,,Site,,
2423,,Feeder 0,Queue,2.509843596893006,7843.261240290644,ACTION,5971.527297561817,TurbineInstallation,,Site,,
2424,,WTIV,Lift Blade,1.32,16500.0,ACTION,5972.847297561818,TurbineInstallation,TurbineInstallation,,40.0,132.0
2425,,Feeder 1,Jackdown,1.6666666666666667,5208.333333333334,ACTION,5973.193964228484,TurbineInstallation,TurbineInstallation,,,
2426,,WTIV,Attach Blade,1.5,18750.0,ACTION,5974.347297561818,TurbineInstallation,TurbineInstallation,,40.0,132.0
2427,,WTIV,Jackdown,0.43333333333333335,5416.666666666667,ACTION,5974.780630895151,TurbineInstallation,TurbineInstallation,,40.0,132.0
2428,,WTIV,Position Onsite,5.0,62500.0,ACTION,5979.780630895151,TurbineInstallation,,,,
2429,,WTIV,Jackup,0.43333333333333335,5416.666666666667,ACTION,5980.213964228485,TurbineInstallation,TurbineInstallation,,40.0,132.0
2430,,Feeder 1,Transit,8.01674486822009,25052.327713187784,ACTION,5981.210709096705,TurbineInstallation,,,,
2431,,WTIV,Release Tower Section,1.0,12500.0,ACTION,5981.213964228485,TurbineInstallation,,,,
2432,,WTIV,Lift Tower Section,0.66,8250.0,ACTION,5981.8739642284845,TurbineInstallation,TurbineInstallation,,40.0,132.0
2433,,Feeder 1,Fasten Tower Section,2.0,6250.0,ACTION,5983.210709096705,TurbineInstallation,TurbineInstallation,,,
2434,,WTIV,Attach Tower Section,2.0,25000.0,ACTION,5983.8739642284845,TurbineInstallation,TurbineInstallation,,40.0,132.0
2435,,WTIV,Release Tower Section,1.0,12500.0,ACTION,5984.8739642284845,TurbineInstallation,,,,
2436,,Feeder 1,Fasten Tower Section,2.0,6250.0,ACTION,5985.210709096705,TurbineInstallation,TurbineInstallation,,,
2437,,WTIV,Lift Tower Section,1.32,16500.0,ACTION,5986.193964228484,TurbineInstallation,TurbineInstallation,,40.0,132.0
2438,,Feeder 1,Fasten Nacelle,2.0,6250.0,ACTION,5987.210709096705,TurbineInstallation,TurbineInstallation,,,
2439,,Feeder 1,Fasten Blade,0.75,2343.75,ACTION,5987.960709096705,TurbineInstallation,TurbineInstallation,,,
2440,,WTIV,Attach Tower Section,2.0,25000.0,ACTION,5988.193964228484,TurbineInstallation,TurbineInstallation,,40.0,132.0
2441,,Feeder 1,Fasten Blade,0.75,2343.75,ACTION,5988.710709096705,TurbineInstallation,TurbineInstallation,,,
2442,,WTIV,Release Nacelle,1.0,12500.0,ACTION,5989.193964228484,TurbineInstallation,,,,
2443,,Feeder 1,Fasten Blade,0.75,2343.75,ACTION,5989.460709096705,TurbineInstallation,TurbineInstallation,,,
2444,,WTIV,Reequip,1.0,12500.0,ACTION,5990.193964228484,TurbineInstallation,,,,
2445,,WTIV,Lift Nacelle,1.32,16500.0,ACTION,5991.513964228485,TurbineInstallation,TurbineInstallation,,40.0,132.0
2446,,WTIV,Attach Nacelle,2.0,25000.0,ACTION,5993.513964228485,TurbineInstallation,TurbineInstallation,,40.0,132.0
2447,,WTIV,Reequip,1.0,12500.0,ACTION,5994.513964228485,TurbineInstallation,,,,
2448,,WTIV,Release Blade,0.5,6250.0,ACTION,5995.013964228485,TurbineInstallation,,,,
2449,,WTIV,Lift Blade,1.32,16500.0,ACTION,5996.333964228485,TurbineInstallation,TurbineInstallation,,40.0,132.0
2450,,Feeder 1,Transit,8.01674486822009,25052.327713187784,ACTION,5997.477453964924,TurbineInstallation,,,,
2451,,WTIV,Attach Blade,1.5,18750.0,ACTION,5997.833964228485,TurbineInstallation,TurbineInstallation,,40.0,132.0
2452,,WTIV,Release Blade,0.5,6250.0,ACTION,5998.333964228485,TurbineInstallation,,,,
2453,,Feeder 1,Jackup,1.6666666666666667,5208.333333333334,ACTION,5999.144120631591,TurbineInstallation,TurbineInstallation,,,
2454,,WTIV,Lift Blade,1.32,16500.0,ACTION,5999.653964228484,TurbineInstallation,TurbineInstallation,,40.0,132.0
2455,,WTIV,Attach Blade,1.5,18750.0,ACTION,6001.153964228484,TurbineInstallation,TurbineInstallation,,40.0,132.0
2456,,WTIV,Release Blade,0.5,6250.0,ACTION,6001.653964228484,TurbineInstallation,,,,
2457,,Feeder 0,ActiveFeeder,30.12666666666655,94145.83333333298,ACTION,6001.653964228484,TurbineInstallation,,Site,,
2458,,Feeder 1,Queue,2.509843596893006,7843.261240290644,ACTION,6001.653964228484,TurbineInstallation,,Site,,
2459,,WTIV,Lift Blade,1.32,16500.0,ACTION,6002.973964228484,TurbineInstallation,TurbineInstallation,,40.0,132.0
2460,,Feeder 0,Jackdown,1.6666666666666667,5208.333333333334,ACTION,6003.320630895151,TurbineInstallation,TurbineInstallation,,,
2461,,WTIV,Attach Blade,1.5,18750.0,ACTION,6004.473964228484,TurbineInstallation,TurbineInstallation,,40.0,132.0
2462,,WTIV,Jackdown,0.43333333333333335,5416.666666666667,ACTION,6004.907297561817,TurbineInstallation,TurbineInstallation,,40.0,132.0
2463,,WTIV,Position Onsite,5.0,62500.0,ACTION,6009.907297561817,TurbineInstallation,,,,
2464,,WTIV,Jackup,0.43333333333333335,5416.666666666667,ACTION,6010.340630895151,TurbineInstallation,TurbineInstallation,,40.0,132.0
2465,,Feeder 0,Transit,8.01674486822009,25052.327713187784,ACTION,6011.337375763371,TurbineInstallation,,,,
2466,,WTIV,Release Tower Section,1.0,12500.0,ACTION,6011.340630895151,TurbineInstallation,,,,
2467,,WTIV,Lift Tower Section,0.66,8250.0,ACTION,6012.000630895151,TurbineInstallation,TurbineInstallation,,40.0,132.0
2468,,Feeder 0,Fasten Tower Section,2.0,6250.0,ACTION,6013.337375763371,TurbineInstallation,TurbineInstallation,,,
2469,,WTIV,Attach Tower Section,2.0,25000.0,ACTION,6014.000630895151,TurbineInstallation,TurbineInstallation,,40.0,132.0
2470,,WTIV,Release Tower Section,1.0,12500.0,ACTION,6015.000630895151,TurbineInstallation,,,,
2471,,Feeder 0,Fasten Tower Section,2.0,6250.0,ACTION,6015.337375763371,TurbineInstallation,TurbineInstallation,,,
2472,,WTIV,Lift Tower Section,1.32,16500.0,ACTION,6016.320630895151,TurbineInstallation,TurbineInstallation,,40.0,132.0
2473,,Feeder 0,Fasten Nacelle,2.0,6250.0,ACTION,6017.337375763371,TurbineInstallation,TurbineInstallation,,,
2474,,Feeder 0,Fasten Blade,0.75,2343.75,ACTION,6018.087375763371,TurbineInstallation,TurbineInstallation,,,
2475,,WTIV,Attach Tower Section,2.0,25000.0,ACTION,6018.320630895151,TurbineInstallation,TurbineInstallation,,40.0,132.0
2476,,Feeder 0,Fasten Blade,0.75,2343.75,ACTION,6018.837375763371,TurbineInstallation,TurbineInstallation,,,
2477,,WTIV,Release Nacelle,1.0,12500.0,ACTION,6019.320630895151,TurbineInstallation,,,,
2478,,Feeder 0,Fasten Blade,0.75,2343.75,ACTION,6019.587375763371,TurbineInstallation,TurbineInstallation,,,
2479,,WTIV,Reequip,1.0,12500.0,ACTION,6020.320630895151,TurbineInstallation,,,,
2480,,WTIV,Lift Nacelle,1.32,16500.0,ACTION,6021.640630895151,TurbineInstallation,TurbineInstallation,,40.0,132.0
2481,,WTIV,Attach Nacelle,2.0,25000.0,ACTION,6023.640630895151,TurbineInstallation,TurbineInstallation,,40.0,132.0
2482,,WTIV,Reequip,1.0,12500.0,ACTION,6024.640630895151,TurbineInstallation,,,,
2483,,WTIV,Release Blade,0.5,6250.0,ACTION,6025.140630895151,TurbineInstallation,,,,
2484,,WTIV,Lift Blade,1.32,16500.0,ACTION,6026.460630895151,TurbineInstallation,TurbineInstallation,,40.0,132.0
2485,,Feeder 0,Transit,8.01674486822009,25052.327713187784,ACTION,6027.604120631591,TurbineInstallation,,,,
2486,,WTIV,Attach Blade,1.5,18750.0,ACTION,6027.960630895151,TurbineInstallation,TurbineInstallation,,40.0,132.0
2487,,WTIV,Release Blade,0.5,6250.0,ACTION,6028.460630895151,TurbineInstallation,,,,
2488,,Feeder 0,Jackup,1.6666666666666667,5208.333333333334,ACTION,6029.270787298257,TurbineInstallation,TurbineInstallation,,,
2489,,WTIV,Lift Blade,1.32,16500.0,ACTION,6029.780630895151,TurbineInstallation,TurbineInstallation,,40.0,132.0
2490,,WTIV,Attach Blade,1.5,18750.0,ACTION,6031.280630895151,TurbineInstallation,TurbineInstallation,,40.0,132.0
2491,,WTIV,Release Blade,0.5,6250.0,ACTION,6031.780630895151,TurbineInstallation,,,,
2492,,Feeder 1,ActiveFeeder,30.12666666666655,94145.83333333298,ACTION,6031.780630895151,TurbineInstallation,,Site,,
2493,,Feeder 0,Queue,2.509843596893006,7843.261240290644,ACTION,6031.780630895151,TurbineInstallation,,Site,,
2494,,WTIV,Lift Blade,1.32,16500.0,ACTION,6033.100630895151,TurbineInstallation,TurbineInstallation,,40.0,132.0
2495,,Feeder 1,Jackdown,1.6666666666666667,5208.333333333334,ACTION,6033.447297561817,TurbineInstallation,TurbineInstallation,,,
2496,,WTIV,Attach Blade,1.5,18750.0,ACTION,6034.600630895151,TurbineInstallation,TurbineInstallation,,40.0,132.0
2497,,WTIV,Jackdown,0.43333333333333335,5416.666666666667,ACTION,6035.033964228484,TurbineInstallation,TurbineInstallation,,40.0,132.0
2498,,WTIV,Position Onsite,5.0,62500.0,ACTION,6040.033964228484,TurbineInstallation,,,,
2499,,WTIV,Jackup,0.43333333333333335,5416.666666666667,ACTION,6040.467297561818,TurbineInstallation,TurbineInstallation,,40.0,132.0
2500,,Feeder 1,Transit,8.01674486822009,25052.327713187784,ACTION,6041.464042430038,TurbineInstallation,,,,
2501,,WTIV,Release Tower Section,1.0,12500.0,ACTION,6041.467297561818,TurbineInstallation,,,,
2502,,WTIV,Lift Tower Section,0.66,8250.0,ACTION,6042.127297561818,TurbineInstallation,TurbineInstallation,,40.0,132.0
2503,,Feeder 1,Fasten Tower Section,2.0,6250.0,ACTION,6043.464042430038,TurbineInstallation,TurbineInstallation,,,
2504,,WTIV,Attach Tower Section,2.0,25000.0,ACTION,6044.127297561818,TurbineInstallation,TurbineInstallation,,40.0,132.0
2505,,WTIV,Release Tower Section,1.0,12500.0,ACTION,6045.127297561818,TurbineInstallation,,,,
2506,,Feeder 1,Fasten Tower Section,2.0,6250.0,ACTION,6045.464042430038,TurbineInstallation,TurbineInstallation,,,
2507,,WTIV,Lift Tower Section,1.32,16500.0,ACTION,6046.447297561817,TurbineInstallation,TurbineInstallation,,40.0,132.0
2508,,Feeder 1,Fasten Nacelle,2.0,6250.0,ACTION,6047.464042430038,TurbineInstallation,TurbineInstallation,,,
2509,,Feeder 1,Fasten Blade,0.75,2343.75,ACTION,6048.214042430038,TurbineInstallation,TurbineInstallation,,,
2510,,WTIV,Attach Tower Section,2.0,25000.0,ACTION,6048.447297561817,TurbineInstallation,TurbineInstallation,,40.0,132.0
2511,,Feeder 1,Fasten Blade,0.75,2343.75,ACTION,6048.964042430038,TurbineInstallation,TurbineInstallation,,,
2512,,WTIV,Release Nacelle,1.0,12500.0,ACTION,6049.447297561817,TurbineInstallation,,,,
2513,,Feeder 1,Fasten Blade,0.75,2343.75,ACTION,6049.714042430038,TurbineInstallation,TurbineInstallation,,,
2514,,WTIV,Reequip,1.0,12500.0,ACTION,6050.447297561817,TurbineInstallation,,,,
2515,,WTIV,Lift Nacelle,1.32,16500.0,ACTION,6051.767297561817,TurbineInstallation,TurbineInstallation,,40.0,132.0
2516,,WTIV,Attach Nacelle,2.0,25000.0,ACTION,6053.767297561817,TurbineInstallation,TurbineInstallation,,40.0,132.0
2517,,WTIV,Reequip,1.0,12500.0,ACTION,6054.767297561817,TurbineInstallation,,,,
2518,,WTIV,Release Blade,0.5,6250.0,ACTION,6055.267297561817,TurbineInstallation,,,,
2519,,WTIV,Lift Blade,1.32,16500.0,ACTION,6056.587297561818,TurbineInstallation,TurbineInstallation,,40.0,132.0
2520,,Feeder 1,Transit,8.01674486822009,25052.327713187784,ACTION,6057.730787298257,TurbineInstallation,,,,
2521,,WTIV,Attach Blade,1.5,18750.0,ACTION,6058.087297561818,TurbineInstallation,TurbineInstallation,,40.0,132.0
2522,,WTIV,Release Blade,0.5,6250.0,ACTION,6058.587297561818,TurbineInstallation,,,,
2523,,Feeder 1,Jackup,1.6666666666666667,5208.333333333334,ACTION,6059.397453964924,TurbineInstallation,TurbineInstallation,,,
2524,,WTIV,Lift Blade,1.32,16500.0,ACTION,6059.907297561817,TurbineInstallation,TurbineInstallation,,40.0,132.0
2525,,WTIV,Attach Blade,1.5,18750.0,ACTION,6061.407297561817,TurbineInstallation,TurbineInstallation,,40.0,132.0
2526,,WTIV,Release Blade,0.5,6250.0,ACTION,6061.907297561817,TurbineInstallation,,,,
2527,,Feeder 0,ActiveFeeder,30.12666666666655,94145.83333333298,ACTION,6061.907297561817,TurbineInstallation,,Site,,
2528,,Feeder 1,Queue,2.509843596893006,7843.261240290644,ACTION,6061.907297561817,TurbineInstallation,,Site,,
2529,,WTIV,Lift Blade,1.32,16500.0,ACTION,6063.227297561817,TurbineInstallation,TurbineInstallation,,40.0,132.0
2530,,Feeder 0,Jackdown,1.6666666666666667,5208.333333333334,ACTION,6063.573964228484,TurbineInstallation,TurbineInstallation,,,
2531,,WTIV,Attach Blade,1.5,18750.0,ACTION,6064.727297561817,TurbineInstallation,TurbineInstallation,,40.0,132.0
2532,,WTIV,Jackdown,0.43333333333333335,5416.666666666667,ACTION,6065.1606308951505,TurbineInstallation,TurbineInstallation,,40.0,132.0
2533,,WTIV,Position Onsite,5.0,62500.0,ACTION,6070.1606308951505,TurbineInstallation,,,,
2534,,WTIV,Jackup,0.43333333333333335,5416.666666666667,ACTION,6070.593964228484,TurbineInstallation,TurbineInstallation,,40.0,132.0
2535,,Feeder 0,Transit,8.01674486822009,25052.327713187784,ACTION,6071.590709096704,TurbineInstallation,,,,
2536,,WTIV,Release Tower Section,1.0,12500.0,ACTION,6071.593964228484,TurbineInstallation,,,,
2537,,WTIV,Lift Tower Section,0.66,8250.0,ACTION,6072.253964228485,TurbineInstallation,TurbineInstallation,,40.0,132.0
2538,,Feeder 0,Fasten Tower Section,2.0,6250.0,ACTION,6073.590709096704,TurbineInstallation,TurbineInstallation,,,
2539,,WTIV,Attach Tower Section,2.0,25000.0,ACTION,6074.253964228485,TurbineInstallation,TurbineInstallation,,40.0,132.0
2540,,WTIV,Release Tower Section,1.0,12500.0,ACTION,6075.253964228485,TurbineInstallation,,,,
2541,,Feeder 0,Fasten Tower Section,2.0,6250.0,ACTION,6075.590709096704,TurbineInstallation,TurbineInstallation,,,
2542,,WTIV,Lift Tower Section,1.32,16500.0,ACTION,6076.573964228484,TurbineInstallation,TurbineInstallation,,40.0,132.0
2543,,Feeder 0,Fasten Nacelle,2.0,6250.0,ACTION,6077.590709096704,TurbineInstallation,TurbineInstallation,,,
2544,,Feeder 0,Fasten Blade,0.75,2343.75,ACTION,6078.340709096704,TurbineInstallation,TurbineInstallation,,,
2545,,WTIV,Attach Tower Section,2.0,25000.0,ACTION,6078.573964228484,TurbineInstallation,TurbineInstallation,,40.0,132.0
2546,,Feeder 0,Fasten Blade,0.75,2343.75,ACTION,6079.090709096704,TurbineInstallation,TurbineInstallation,,,
2547,,WTIV,Release Nacelle,1.0,12500.0,ACTION,6079.573964228484,TurbineInstallation,,,,
2548,,Feeder 0,Fasten Blade,0.75,2343.75,ACTION,6079.840709096704,TurbineInstallation,TurbineInstallation,,,
2549,,WTIV,Reequip,1.0,12500.0,ACTION,6080.573964228484,TurbineInstallation,,,,
2550,,WTIV,Lift Nacelle,1.32,16500.0,ACTION,6081.893964228484,TurbineInstallation,TurbineInstallation,,40.0,132.0
2551,,WTIV,Attach Nacelle,2.0,25000.0,ACTION,6083.893964228484,TurbineInstallation,TurbineInstallation,,40.0,132.0
2552,,WTIV,Reequip,1.0,12500.0,ACTION,6084.893964228484,TurbineInstallation,,,,
2553,,WTIV,Release Blade,0.5,6250.0,ACTION,6085.393964228484,TurbineInstallation,,,,
2554,,WTIV,Lift Blade,1.32,16500.0,ACTION,6086.713964228484,TurbineInstallation,TurbineInstallation,,40.0,132.0
2555,,Feeder 0,Transit,8.01674486822009,25052.327713187784,ACTION,6087.857453964924,TurbineInstallation,,,,
2556,,WTIV,Attach Blade,1.5,18750.0,ACTION,6088.213964228484,TurbineInstallation,TurbineInstallation,,40.0,132.0
2557,,WTIV,Release Blade,0.5,6250.0,ACTION,6088.713964228484,TurbineInstallation,,,,
2558,,Feeder 0,Jackup,1.6666666666666667,5208.333333333334,ACTION,6089.524120631591,TurbineInstallation,TurbineInstallation,,,
2559,,WTIV,Lift Blade,1.32,16500.0,ACTION,6090.0339642284835,TurbineInstallation,TurbineInstallation,,40.0,132.0
2560,,WTIV,Attach Blade,1.5,18750.0,ACTION,6091.5339642284835,TurbineInstallation,TurbineInstallation,,40.0,132.0
2561,,WTIV,Release Blade,0.5,6250.0,ACTION,6092.0339642284835,TurbineInstallation,,,,
2562,,Feeder 1,ActiveFeeder,30.12666666666655,94145.83333333298,ACTION,6092.0339642284835,TurbineInstallation,,Site,,
2563,,Feeder 0,Queue,2.509843596893006,7843.261240290644,ACTION,6092.0339642284835,TurbineInstallation,,Site,,
2564,,WTIV,Lift Blade,1.32,16500.0,ACTION,6093.353964228484,TurbineInstallation,TurbineInstallation,,40.0,132.0
2565,,Feeder 1,Jackdown,1.6666666666666667,5208.333333333334,ACTION,6093.70063089515,TurbineInstallation,TurbineInstallation,,,
2566,,WTIV,Attach Blade,1.5,18750.0,ACTION,6094.853964228484,TurbineInstallation,TurbineInstallation,,40.0,132.0
2567,,WTIV,Jackdown,0.43333333333333335,5416.666666666667,ACTION,6095.2872975618175,TurbineInstallation,TurbineInstallation,,40.0,132.0
2568,,WTIV,Position Onsite,5.0,62500.0,ACTION,6100.2872975618175,TurbineInstallation,,,,
2569,,WTIV,Jackup,0.43333333333333335,5416.666666666667,ACTION,6100.720630895151,TurbineInstallation,TurbineInstallation,,40.0,132.0
2570,,Feeder 1,Transit,8.01674486822009,25052.327713187784,ACTION,6101.717375763371,TurbineInstallation,,,,
2571,,WTIV,Release Tower Section,1.0,12500.0,ACTION,6101.720630895151,TurbineInstallation,,,,
2572,,WTIV,Lift Tower Section,0.66,8250.0,ACTION,6102.380630895151,TurbineInstallation,TurbineInstallation,,40.0,132.0
2573,,Feeder 1,Fasten Tower Section,2.0,6250.0,ACTION,6103.717375763371,TurbineInstallation,TurbineInstallation,,,
2574,,WTIV,Attach Tower Section,2.0,25000.0,ACTION,6104.380630895151,TurbineInstallation,TurbineInstallation,,40.0,132.0
2575,,WTIV,Release Tower Section,1.0,12500.0,ACTION,6105.380630895151,TurbineInstallation,,,,
2576,,Feeder 1,Fasten Tower Section,2.0,6250.0,ACTION,6105.717375763371,TurbineInstallation,TurbineInstallation,,,
2577,,WTIV,Lift Tower Section,1.32,16500.0,ACTION,6106.70063089515,TurbineInstallation,TurbineInstallation,,40.0,132.0
2578,,Feeder 1,Fasten Nacelle,2.0,6250.0,ACTION,6107.717375763371,TurbineInstallation,TurbineInstallation,,,
2579,,Feeder 1,Fasten Blade,0.75,2343.75,ACTION,6108.467375763371,TurbineInstallation,TurbineInstallation,,,
2580,,WTIV,Attach Tower Section,2.0,25000.0,ACTION,6108.70063089515,TurbineInstallation,TurbineInstallation,,40.0,132.0
2581,,Feeder 1,Fasten Blade,0.75,2343.75,ACTION,6109.217375763371,TurbineInstallation,TurbineInstallation,,,
2582,,WTIV,Release Nacelle,1.0,12500.0,ACTION,6109.70063089515,TurbineInstallation,,,,
2583,,Feeder 1,Fasten Blade,0.75,2343.75,ACTION,6109.967375763371,TurbineInstallation,TurbineInstallation,,,
2584,,WTIV,Reequip,1.0,12500.0,ACTION,6110.70063089515,TurbineInstallation,,,,
2585,,WTIV,Lift Nacelle,1.32,16500.0,ACTION,6112.020630895151,TurbineInstallation,TurbineInstallation,,40.0,132.0
2586,,WTIV,Attach Nacelle,2.0,25000.0,ACTION,6114.020630895151,TurbineInstallation,TurbineInstallation,,40.0,132.0
2587,,WTIV,Reequip,1.0,12500.0,ACTION,6115.020630895151,TurbineInstallation,,,,
2588,,WTIV,Release Blade,0.5,6250.0,ACTION,6115.520630895151,TurbineInstallation,,,,
2589,,WTIV,Lift Blade,1.32,16500.0,ACTION,6116.840630895151,TurbineInstallation,TurbineInstallation,,40.0,132.0
2590,,Feeder 1,Transit,8.01674486822009,25052.327713187784,ACTION,6117.9841206315905,TurbineInstallation,,,,
2591,,WTIV,Attach Blade,1.5,18750.0,ACTION,6118.340630895151,TurbineInstallation,TurbineInstallation,,40.0,132.0
2592,,WTIV,Release Blade,0.5,6250.0,ACTION,6118.840630895151,TurbineInstallation,,,,
2593,,Feeder 1,Jackup,1.6666666666666667,5208.333333333334,ACTION,6119.6507872982575,TurbineInstallation,TurbineInstallation,,,
2594,,WTIV,Lift Blade,1.32,16500.0,ACTION,6120.1606308951505,TurbineInstallation,TurbineInstallation,,40.0,132.0
2595,,WTIV,Attach Blade,1.5,18750.0,ACTION,6121.6606308951505,TurbineInstallation,TurbineInstallation,,40.0,132.0
2596,,WTIV,Release Blade,0.5,6250.0,ACTION,6122.1606308951505,TurbineInstallation,,,,
2597,,Feeder 0,ActiveFeeder,30.12666666666655,94145.83333333298,ACTION,6122.1606308951505,TurbineInstallation,,Site,,
2598,,Feeder 1,Queue,2.509843596893006,7843.261240290644,ACTION,6122.1606308951505,TurbineInstallation,,Site,,
2599,,WTIV,Lift Blade,1.32,16500.0,ACTION,6123.48063089515,TurbineInstallation,TurbineInstallation,,40.0,132.0
2600,,Feeder 0,Jackdown,1.6666666666666667,5208.333333333334,ACTION,6123.827297561817,TurbineInstallation,TurbineInstallation,,,
2601,,WTIV,Attach Blade,1.5,18750.0,ACTION,6124.98063089515,TurbineInstallation,TurbineInstallation,,40.0,132.0
2602,,WTIV,Jackdown,0.43333333333333335,5416.666666666667,ACTION,6125.413964228484,TurbineInstallation,TurbineInstallation,,40.0,132.0
2603,,WTIV,Position Onsite,5.0,62500.0,ACTION,6130.413964228484,TurbineInstallation,,,,
2604,,WTIV,Jackup,0.43333333333333335,5416.666666666667,ACTION,6130.847297561817,TurbineInstallation,TurbineInstallation,,40.0,132.0
2605,,Feeder 0,Transit,8.01674486822009,25052.327713187784,ACTION,6131.844042430037,TurbineInstallation,,,,
2606,,WTIV,Release Tower Section,1.0,12500.0,ACTION,6131.847297561817,TurbineInstallation,,,,
2607,,WTIV,Lift Tower Section,0.66,8250.0,ACTION,6132.507297561817,TurbineInstallation,TurbineInstallation,,40.0,132.0
2608,,Feeder 0,Fasten Tower Section,2.0,6250.0,ACTION,6133.844042430037,TurbineInstallation,TurbineInstallation,,,
2609,,WTIV,Attach Tower Section,2.0,25000.0,ACTION,6134.507297561817,TurbineInstallation,TurbineInstallation,,40.0,132.0
2610,,WTIV,Release Tower Section,1.0,12500.0,ACTION,6135.507297561817,TurbineInstallation,,,,
2611,,Feeder 0,Fasten Tower Section,2.0,6250.0,ACTION,6135.844042430037,TurbineInstallation,TurbineInstallation,,,
2612,,WTIV,Lift Tower Section,1.32,16500.0,ACTION,6136.827297561817,TurbineInstallation,TurbineInstallation,,40.0,132.0
2613,,Feeder 0,Fasten Nacelle,2.0,6250.0,ACTION,6137.844042430037,TurbineInstallation,TurbineInstallation,,,
2614,,Feeder 0,Fasten Blade,0.75,2343.75,ACTION,6138.594042430037,TurbineInstallation,TurbineInstallation,,,
2615,,WTIV,Attach Tower Section,2.0,25000.0,ACTION,6138.827297561817,TurbineInstallation,TurbineInstallation,,40.0,132.0
2616,,Feeder 0,Fasten Blade,0.75,2343.75,ACTION,6139.344042430037,TurbineInstallation,TurbineInstallation,,,
2617,,WTIV,Release Nacelle,1.0,12500.0,ACTION,6139.827297561817,TurbineInstallation,,,,
2618,,Feeder 0,Fasten Blade,0.75,2343.75,ACTION,6140.094042430037,TurbineInstallation,TurbineInstallation,,,
2619,,WTIV,Reequip,1.0,12500.0,ACTION,6140.827297561817,TurbineInstallation,,,,
2620,,WTIV,Lift Nacelle,1.32,16500.0,ACTION,6142.147297561817,TurbineInstallation,TurbineInstallation,,40.0,132.0
2621,,WTIV,Attach Nacelle,2.0,25000.0,ACTION,6144.147297561817,TurbineInstallation,TurbineInstallation,,40.0,132.0
2622,,WTIV,Reequip,1.0,12500.0,ACTION,6145.147297561817,TurbineInstallation,,,,
2623,,WTIV,Release Blade,0.5,6250.0,ACTION,6145.647297561817,TurbineInstallation,,,,
2624,,WTIV,Lift Blade,1.32,16500.0,ACTION,6146.967297561817,TurbineInstallation,TurbineInstallation,,40.0,132.0
2625,,Feeder 0,Transit,8.01674486822009,25052.327713187784,ACTION,6148.1107872982575,TurbineInstallation,,,,
2626,,WTIV,Attach Blade,1.5,18750.0,ACTION,6148.467297561817,TurbineInstallation,TurbineInstallation,,40.0,132.0
2627,,WTIV,Release Blade,0.5,6250.0,ACTION,6148.967297561817,TurbineInstallation,,,,
2628,,Feeder 0,Jackup,1.6666666666666667,5208.333333333334,ACTION,6149.777453964924,TurbineInstallation,TurbineInstallation,,,
2629,,WTIV,Lift Blade,1.32,16500.0,ACTION,6150.2872975618175,TurbineInstallation,TurbineInstallation,,40.0,132.0
2630,,WTIV,Attach Blade,1.5,18750.0,ACTION,6151.7872975618175,TurbineInstallation,TurbineInstallation,,40.0,132.0
2631,,WTIV,Release Blade,0.5,6250.0,ACTION,6152.2872975618175,TurbineInstallation,,,,
2632,,Feeder 1,ActiveFeeder,30.12666666666655,94145.83333333298,ACTION,6152.2872975618175,TurbineInstallation,,Site,,
2633,,Feeder 0,Queue,2.509843596893006,7843.261240290644,ACTION,6152.2872975618175,TurbineInstallation,,Site,,
2634,,WTIV,Lift Blade,1.32,16500.0,ACTION,6153.607297561817,TurbineInstallation,TurbineInstallation,,40.0,132.0
2635,,Feeder 1,Jackdown,1.6666666666666667,5208.333333333334,ACTION,6153.9539642284835,TurbineInstallation,TurbineInstallation,,,
2636,,WTIV,Attach Blade,1.5,18750.0,ACTION,6155.107297561817,TurbineInstallation,TurbineInstallation,,40.0,132.0
2637,,WTIV,Jackdown,0.43333333333333335,5416.666666666667,ACTION,6155.540630895151,TurbineInstallation,TurbineInstallation,,40.0,132.0
2638,,WTIV,Delay,11.0,137500.0,ACTION,6166.540630895151,TurbineInstallation,,,,
2639,,Feeder 1,Delay,13.0,40625.0,ACTION,6166.9539642284835,TurbineInstallation,,,,
2640,,WTIV,Position Onsite,5.0,62500.0,ACTION,6171.540630895151,TurbineInstallation,,,,
2641,,WTIV,Jackup,0.43333333333333335,5416.666666666667,ACTION,6171.973964228484,TurbineInstallation,TurbineInstallation,,40.0,132.0
2642,,WTIV,Release Tower Section,1.0,12500.0,ACTION,6172.973964228484,TurbineInstallation,,,,
2643,,WTIV,Lift Tower Section,0.66,8250.0,ACTION,6173.633964228484,TurbineInstallation,TurbineInstallation,,40.0,132.0
2644,,Feeder 1,Transit,8.01674486822009,25052.327713187784,ACTION,6174.970709096704,TurbineInstallation,,,,
2645,,WTIV,Attach Tower Section,2.0,25000.0,ACTION,6175.633964228484,TurbineInstallation,TurbineInstallation,,40.0,132.0
2646,,WTIV,Release Tower Section,1.0,12500.0,ACTION,6176.633964228484,TurbineInstallation,,,,
2647,,Feeder 1,Fasten Tower Section,2.0,6250.0,ACTION,6176.970709096704,TurbineInstallation,TurbineInstallation,,,
2648,,WTIV,Lift Tower Section,1.32,16500.0,ACTION,6177.9539642284835,TurbineInstallation,TurbineInstallation,,40.0,132.0
2649,,Feeder 1,Fasten Tower Section,2.0,6250.0,ACTION,6178.970709096704,TurbineInstallation,TurbineInstallation,,,
2650,,WTIV,Attach Tower Section,2.0,25000.0,ACTION,6179.9539642284835,TurbineInstallation,TurbineInstallation,,40.0,132.0
2651,,WTIV,Release Nacelle,1.0,12500.0,ACTION,6180.9539642284835,TurbineInstallation,,,,
2652,,Feeder 1,Fasten Nacelle,2.0,6250.0,ACTION,6180.970709096704,TurbineInstallation,TurbineInstallation,,,
2653,,Feeder 1,Fasten Blade,0.75,2343.75,ACTION,6181.720709096704,TurbineInstallation,TurbineInstallation,,,
2654,,WTIV,Reequip,1.0,12500.0,ACTION,6181.9539642284835,TurbineInstallation,,,,
2655,,Feeder 1,Fasten Blade,0.75,2343.75,ACTION,6182.470709096704,TurbineInstallation,TurbineInstallation,,,
2656,,Feeder 1,Fasten Blade,0.75,2343.75,ACTION,6183.220709096704,TurbineInstallation,TurbineInstallation,,,
2657,,WTIV,Lift Nacelle,1.32,16500.0,ACTION,6183.273964228483,TurbineInstallation,TurbineInstallation,,40.0,132.0
2658,,WTIV,Attach Nacelle,2.0,25000.0,ACTION,6185.273964228483,TurbineInstallation,TurbineInstallation,,40.0,132.0
2659,,WTIV,Reequip,1.0,12500.0,ACTION,6186.273964228483,TurbineInstallation,,,,
2660,,WTIV,Release Blade,0.5,6250.0,ACTION,6186.773964228483,TurbineInstallation,,,,
2661,,WTIV,Lift Blade,1.32,16500.0,ACTION,6188.093964228484,TurbineInstallation,TurbineInstallation,,40.0,132.0
2662,,WTIV,Attach Blade,1.5,18750.0,ACTION,6189.593964228484,TurbineInstallation,TurbineInstallation,,40.0,132.0
2663,,WTIV,Release Blade,0.5,6250.0,ACTION,6190.093964228484,TurbineInstallation,,,,
2664,,Feeder 1,Transit,8.01674486822009,25052.327713187784,ACTION,6191.237453964924,TurbineInstallation,,,,
2665,,WTIV,Lift Blade,1.32,16500.0,ACTION,6191.413964228484,TurbineInstallation,TurbineInstallation,,40.0,132.0
2666,,Feeder 1,Jackup,1.6666666666666667,5208.333333333334,ACTION,6192.904120631591,TurbineInstallation,TurbineInstallation,,,
2667,,WTIV,Attach Blade,1.5,18750.0,ACTION,6192.913964228484,TurbineInstallation,TurbineInstallation,,40.0,132.0
2668,,WTIV,Release Blade,0.5,6250.0,ACTION,6193.413964228484,TurbineInstallation,,,,
2669,,Feeder 0,ActiveFeeder,41.12666666666655,128520.83333333298,ACTION,6193.413964228484,TurbineInstallation,,Site,,
2670,,Feeder 1,Queue,0.5098435968930062,1593.2612402906443,ACTION,6193.413964228484,TurbineInstallation,,Site,,
2671,,WTIV,Lift Blade,1.32,16500.0,ACTION,6194.733964228483,TurbineInstallation,TurbineInstallation,,40.0,132.0
2672,,Feeder 0,Jackdown,1.6666666666666667,5208.333333333334,ACTION,6195.0806308951505,TurbineInstallation,TurbineInstallation,,,
2673,,WTIV,Attach Blade,1.5,18750.0,ACTION,6196.233964228483,TurbineInstallation,TurbineInstallation,,40.0,132.0
2674,,WTIV,Jackdown,0.43333333333333335,5416.666666666667,ACTION,6196.667297561817,TurbineInstallation,TurbineInstallation,,40.0,132.0
2675,,WTIV,Position Onsite,5.0,62500.0,ACTION,6201.667297561817,TurbineInstallation,,,,
2676,,WTIV,Jackup,0.43333333333333335,5416.666666666667,ACTION,6202.10063089515,TurbineInstallation,TurbineInstallation,,40.0,132.0
2677,,Feeder 0,Transit,8.01674486822009,25052.327713187784,ACTION,6203.09737576337,TurbineInstallation,,,,
2678,,WTIV,Release Tower Section,1.0,12500.0,ACTION,6203.10063089515,TurbineInstallation,,,,
2679,,WTIV,Lift Tower Section,0.66,8250.0,ACTION,6203.760630895151,TurbineInstallation,TurbineInstallation,,40.0,132.0
2680,,Feeder 0,Fasten Tower Section,2.0,6250.0,ACTION,6205.09737576337,TurbineInstallation,TurbineInstallation,,,
2681,,WTIV,Attach Tower Section,2.0,25000.0,ACTION,6205.760630895151,TurbineInstallation,TurbineInstallation,,40.0,132.0
2682,,WTIV,Release Tower Section,1.0,12500.0,ACTION,6206.760630895151,TurbineInstallation,,,,
2683,,Feeder 0,Fasten Tower Section,2.0,6250.0,ACTION,6207.09737576337,TurbineInstallation,TurbineInstallation,,,
2684,,WTIV,Lift Tower Section,1.32,16500.0,ACTION,6208.0806308951505,TurbineInstallation,TurbineInstallation,,40.0,132.0
2685,,Feeder 0,Fasten Nacelle,2.0,6250.0,ACTION,6209.09737576337,TurbineInstallation,TurbineInstallation,,,
2686,,Feeder 0,Fasten Blade,0.75,2343.75,ACTION,6209.84737576337,TurbineInstallation,TurbineInstallation,,,
2687,,WTIV,Attach Tower Section,2.0,25000.0,ACTION,6210.0806308951505,TurbineInstallation,TurbineInstallation,,40.0,132.0
2688,,Feeder 0,Fasten Blade,0.75,2343.75,ACTION,6210.59737576337,TurbineInstallation,TurbineInstallation,,,
2689,,WTIV,Release Nacelle,1.0,12500.0,ACTION,6211.0806308951505,TurbineInstallation,,,,
2690,,Feeder 0,Fasten Blade,0.75,2343.75,ACTION,6211.34737576337,TurbineInstallation,TurbineInstallation,,,
2691,,WTIV,Reequip,1.0,12500.0,ACTION,6212.0806308951505,TurbineInstallation,,,,
2692,,WTIV,Lift Nacelle,1.32,16500.0,ACTION,6213.40063089515,TurbineInstallation,TurbineInstallation,,40.0,132.0
2693,,WTIV,Attach Nacelle,2.0,25000.0,ACTION,6215.40063089515,TurbineInstallation,TurbineInstallation,,40.0,132.0
2694,,WTIV,Reequip,1.0,12500.0,ACTION,6216.40063089515,TurbineInstallation,,,,
2695,,WTIV,Release Blade,0.5,6250.0,ACTION,6216.90063089515,TurbineInstallation,,,,
2696,,WTIV,Lift Blade,1.32,16500.0,ACTION,6218.22063089515,TurbineInstallation,TurbineInstallation,,40.0,132.0
2697,,Feeder 0,Transit,8.01674486822009,25052.327713187784,ACTION,6219.364120631591,TurbineInstallation,,,,
2698,,WTIV,Attach Blade,1.5,18750.0,ACTION,6219.72063089515,TurbineInstallation,TurbineInstallation,,40.0,132.0
2699,,WTIV,Release Blade,0.5,6250.0,ACTION,6220.22063089515,TurbineInstallation,,,,
2700,,Feeder 0,Jackup,1.6666666666666667,5208.333333333334,ACTION,6221.030787298258,TurbineInstallation,TurbineInstallation,,,
2701,,WTIV,Lift Blade,1.32,16500.0,ACTION,6221.54063089515,TurbineInstallation,TurbineInstallation,,40.0,132.0
2702,,WTIV,Attach Blade,1.5,18750.0,ACTION,6223.04063089515,TurbineInstallation,TurbineInstallation,,40.0,132.0
2703,,WTIV,Release Blade,0.5,6250.0,ACTION,6223.54063089515,TurbineInstallation,,,,
2704,,Feeder 1,ActiveFeeder,30.12666666666655,94145.83333333298,ACTION,6223.54063089515,TurbineInstallation,,Site,,
2705,,Feeder 0,Queue,2.509843596893006,7843.261240290644,ACTION,6223.54063089515,TurbineInstallation,,Site,,
2706,,WTIV,Lift Blade,1.32,16500.0,ACTION,6224.86063089515,TurbineInstallation,TurbineInstallation,,40.0,132.0
2707,,Feeder 1,Jackdown,1.6666666666666667,5208.333333333334,ACTION,6225.207297561817,TurbineInstallation,TurbineInstallation,,,
2708,,WTIV,Attach Blade,1.5,18750.0,ACTION,6226.36063089515,TurbineInstallation,TurbineInstallation,,40.0,132.0
2709,,WTIV,Jackdown,0.43333333333333335,5416.666666666667,ACTION,6226.793964228484,TurbineInstallation,TurbineInstallation,,40.0,132.0
2710,,WTIV,Position Onsite,5.0,62500.0,ACTION,6231.793964228484,TurbineInstallation,,,,
2711,,WTIV,Jackup,0.43333333333333335,5416.666666666667,ACTION,6232.227297561817,TurbineInstallation,TurbineInstallation,,40.0,132.0
2712,,Feeder 1,Transit,8.01674486822009,25052.327713187784,ACTION,6233.224042430037,TurbineInstallation,,,,
2713,,WTIV,Release Tower Section,1.0,12500.0,ACTION,6233.227297561817,TurbineInstallation,,,,
2714,,WTIV,Lift Tower Section,0.66,8250.0,ACTION,6233.887297561817,TurbineInstallation,TurbineInstallation,,40.0,132.0
2715,,Feeder 1,Fasten Tower Section,2.0,6250.0,ACTION,6235.224042430037,TurbineInstallation,TurbineInstallation,,,
2716,,WTIV,Attach Tower Section,2.0,25000.0,ACTION,6235.887297561817,TurbineInstallation,TurbineInstallation,,40.0,132.0
2717,,WTIV,Release Tower Section,1.0,12500.0,ACTION,6236.887297561817,TurbineInstallation,,,,
2718,,Feeder 1,Fasten Tower Section,2.0,6250.0,ACTION,6237.224042430037,TurbineInstallation,TurbineInstallation,,,
2719,,WTIV,Lift Tower Section,1.32,16500.0,ACTION,6238.207297561817,TurbineInstallation,TurbineInstallation,,40.0,132.0
2720,,Feeder 1,Fasten Nacelle,2.0,6250.0,ACTION,6239.224042430037,TurbineInstallation,TurbineInstallation,,,
2721,,Feeder 1,Fasten Blade,0.75,2343.75,ACTION,6239.974042430037,TurbineInstallation,TurbineInstallation,,,
2722,,WTIV,Attach Tower Section,2.0,25000.0,ACTION,6240.207297561817,TurbineInstallation,TurbineInstallation,,40.0,132.0
2723,,Feeder 1,Fasten Blade,0.75,2343.75,ACTION,6240.724042430037,TurbineInstallation,TurbineInstallation,,,
2724,,WTIV,Release Nacelle,1.0,12500.0,ACTION,6241.207297561817,TurbineInstallation,,,,
2725,,Feeder 1,Fasten Blade,0.75,2343.75,ACTION,6241.474042430037,TurbineInstallation,TurbineInstallation,,,
2726,,WTIV,Reequip,1.0,12500.0,ACTION,6242.207297561817,TurbineInstallation,,,,
2727,,WTIV,Lift Nacelle,1.32,16500.0,ACTION,6243.527297561817,TurbineInstallation,TurbineInstallation,,40.0,132.0
2728,,WTIV,Attach Nacelle,2.0,25000.0,ACTION,6245.527297561817,TurbineInstallation,TurbineInstallation,,40.0,132.0
2729,,WTIV,Reequip,1.0,12500.0,ACTION,6246.527297561817,TurbineInstallation,,,,
2730,,WTIV,Release Blade,0.5,6250.0,ACTION,6247.027297561817,TurbineInstallation,,,,
2731,,WTIV,Lift Blade,1.32,16500.0,ACTION,6248.347297561817,TurbineInstallation,TurbineInstallation,,40.0,132.0
2732,,Feeder 1,Transit,8.01674486822009,25052.327713187784,ACTION,6249.490787298257,TurbineInstallation,,,,
2733,,WTIV,Attach Blade,1.5,18750.0,ACTION,6249.847297561817,TurbineInstallation,TurbineInstallation,,40.0,132.0
2734,,WTIV,Release Blade,0.5,6250.0,ACTION,6250.347297561817,TurbineInstallation,,,,
2735,,Feeder 1,Jackup,1.6666666666666667,5208.333333333334,ACTION,6251.157453964924,TurbineInstallation,TurbineInstallation,,,
2736,,WTIV,Lift Blade,1.32,16500.0,ACTION,6251.667297561817,TurbineInstallation,TurbineInstallation,,40.0,132.0
2737,,WTIV,Attach Blade,1.5,18750.0,ACTION,6253.167297561817,TurbineInstallation,TurbineInstallation,,40.0,132.0
2738,,WTIV,Release Blade,0.5,6250.0,ACTION,6253.667297561817,TurbineInstallation,,,,
2739,,Feeder 0,ActiveFeeder,30.12666666666655,94145.83333333298,ACTION,6253.667297561817,TurbineInstallation,,Site,,
2740,,Feeder 1,Queue,2.509843596893006,7843.261240290644,ACTION,6253.667297561817,TurbineInstallation,,Site,,
2741,,WTIV,Lift Blade,1.32,16500.0,ACTION,6254.987297561816,TurbineInstallation,TurbineInstallation,,40.0,132.0
2742,,Feeder 0,Jackdown,1.6666666666666667,5208.333333333334,ACTION,6255.333964228484,TurbineInstallation,TurbineInstallation,,,
2743,,WTIV,Attach Blade,1.5,18750.0,ACTION,6256.487297561816,TurbineInstallation,TurbineInstallation,,40.0,132.0
2744,,WTIV,Jackdown,0.43333333333333335,5416.666666666667,ACTION,6256.92063089515,TurbineInstallation,TurbineInstallation,,40.0,132.0
2745,,WTIV,Position Onsite,5.0,62500.0,ACTION,6261.92063089515,TurbineInstallation,,,,
2746,,WTIV,Jackup,0.43333333333333335,5416.666666666667,ACTION,6262.353964228483,TurbineInstallation,TurbineInstallation,,40.0,132.0
2747,,Feeder 0,Transit,8.01674486822009,25052.327713187784,ACTION,6263.350709096703,TurbineInstallation,,,,
2748,,WTIV,Release Tower Section,1.0,12500.0,ACTION,6263.353964228483,TurbineInstallation,,,,
2749,,WTIV,Lift Tower Section,0.66,8250.0,ACTION,6264.013964228483,TurbineInstallation,TurbineInstallation,,40.0,132.0
2750,,Feeder 0,Fasten Tower Section,2.0,6250.0,ACTION,6265.350709096703,TurbineInstallation,TurbineInstallation,,,
2751,,WTIV,Attach Tower Section,2.0,25000.0,ACTION,6266.013964228483,TurbineInstallation,TurbineInstallation,,40.0,132.0
2752,,WTIV,Release Tower Section,1.0,12500.0,ACTION,6267.013964228483,TurbineInstallation,,,,
2753,,Feeder 0,Fasten Tower Section,2.0,6250.0,ACTION,6267.350709096703,TurbineInstallation,TurbineInstallation,,,
2754,,WTIV,Lift Tower Section,1.32,16500.0,ACTION,6268.333964228484,TurbineInstallation,TurbineInstallation,,40.0,132.0
2755,,Feeder 0,Fasten Nacelle,2.0,6250.0,ACTION,6269.350709096703,TurbineInstallation,TurbineInstallation,,,
2756,,Feeder 0,Fasten Blade,0.75,2343.75,ACTION,6270.100709096703,TurbineInstallation,TurbineInstallation,,,
2757,,WTIV,Attach Tower Section,2.0,25000.0,ACTION,6270.333964228484,TurbineInstallation,TurbineInstallation,,40.0,132.0
2758,,Feeder 0,Fasten Blade,0.75,2343.75,ACTION,6270.850709096703,TurbineInstallation,TurbineInstallation,,,
2759,,WTIV,Release Nacelle,1.0,12500.0,ACTION,6271.333964228484,TurbineInstallation,,,,
2760,,Feeder 0,Fasten Blade,0.75,2343.75,ACTION,6271.600709096703,TurbineInstallation,TurbineInstallation,,,
2761,,WTIV,Reequip,1.0,12500.0,ACTION,6272.333964228484,TurbineInstallation,,,,
2762,,WTIV,Lift Nacelle,1.32,16500.0,ACTION,6273.653964228483,TurbineInstallation,TurbineInstallation,,40.0,132.0
2763,,WTIV,Attach Nacelle,2.0,25000.0,ACTION,6275.653964228483,TurbineInstallation,TurbineInstallation,,40.0,132.0
2764,,WTIV,Reequip,1.0,12500.0,ACTION,6276.653964228483,TurbineInstallation,,,,
2765,,WTIV,Release Blade,0.5,6250.0,ACTION,6277.153964228483,TurbineInstallation,,,,
2766,,WTIV,Lift Blade,1.32,16500.0,ACTION,6278.473964228483,TurbineInstallation,TurbineInstallation,,40.0,132.0
2767,,Feeder 0,Transit,8.01674486822009,25052.327713187784,ACTION,6279.617453964924,TurbineInstallation,,,,
2768,,WTIV,Attach Blade,1.5,18750.0,ACTION,6279.973964228483,TurbineInstallation,TurbineInstallation,,40.0,132.0
2769,,WTIV,Release Blade,0.5,6250.0,ACTION,6280.473964228483,TurbineInstallation,,,,
2770,,Feeder 0,Jackup,1.6666666666666667,5208.333333333334,ACTION,6281.28412063159,TurbineInstallation,TurbineInstallation,,,
2771,,WTIV,Lift Blade,1.32,16500.0,ACTION,6281.793964228484,TurbineInstallation,TurbineInstallation,,40.0,132.0
2772,,WTIV,Attach Blade,1.5,18750.0,ACTION,6283.293964228484,TurbineInstallation,TurbineInstallation,,40.0,132.0
2773,,WTIV,Release Blade,0.5,6250.0,ACTION,6283.793964228484,TurbineInstallation,,,,
2774,,Feeder 1,ActiveFeeder,30.12666666666655,94145.83333333298,ACTION,6283.793964228484,TurbineInstallation,,Site,,
2775,,Feeder 0,Queue,2.509843596893006,7843.261240290644,ACTION,6283.793964228484,TurbineInstallation,,Site,,
2776,,WTIV,Lift Blade,1.32,16500.0,ACTION,6285.113964228483,TurbineInstallation,TurbineInstallation,,40.0,132.0
2777,,Feeder 1,Jackdown,1.6666666666666667,5208.333333333334,ACTION,6285.46063089515,TurbineInstallation,TurbineInstallation,,,
2778,,WTIV,Attach Blade,1.5,18750.0,ACTION,6286.613964228483,TurbineInstallation,TurbineInstallation,,40.0,132.0
2779,,WTIV,Jackdown,0.43333333333333335,5416.666666666667,ACTION,6287.047297561817,TurbineInstallation,TurbineInstallation,,40.0,132.0
2780,,WTIV,Position Onsite,5.0,62500.0,ACTION,6292.047297561817,TurbineInstallation,,,,
2781,,WTIV,Jackup,0.43333333333333335,5416.666666666667,ACTION,6292.48063089515,TurbineInstallation,TurbineInstallation,,40.0,132.0
2782,,Feeder 1,Transit,8.01674486822009,25052.327713187784,ACTION,6293.47737576337,TurbineInstallation,,,,
2783,,WTIV,Release Tower Section,1.0,12500.0,ACTION,6293.48063089515,TurbineInstallation,,,,
2784,,WTIV,Lift Tower Section,0.66,8250.0,ACTION,6294.14063089515,TurbineInstallation,TurbineInstallation,,40.0,132.0
2785,,Feeder 1,Fasten Tower Section,2.0,6250.0,ACTION,6295.47737576337,TurbineInstallation,TurbineInstallation,,,
2786,,WTIV,Attach Tower Section,2.0,25000.0,ACTION,6296.14063089515,TurbineInstallation,TurbineInstallation,,40.0,132.0
2787,,WTIV,Release Tower Section,1.0,12500.0,ACTION,6297.14063089515,TurbineInstallation,,,,
2788,,Feeder 1,Fasten Tower Section,2.0,6250.0,ACTION,6297.47737576337,TurbineInstallation,TurbineInstallation,,,
2789,,WTIV,Lift Tower Section,1.32,16500.0,ACTION,6298.46063089515,TurbineInstallation,TurbineInstallation,,40.0,132.0
2790,,Feeder 1,Fasten Nacelle,2.0,6250.0,ACTION,6299.47737576337,TurbineInstallation,TurbineInstallation,,,
2791,,Feeder 1,Fasten Blade,0.75,2343.75,ACTION,6300.22737576337,TurbineInstallation,TurbineInstallation,,,
2792,,WTIV,Attach Tower Section,2.0,25000.0,ACTION,6300.46063089515,TurbineInstallation,TurbineInstallation,,40.0,132.0
2793,,Feeder 1,Fasten Blade,0.75,2343.75,ACTION,6300.97737576337,TurbineInstallation,TurbineInstallation,,,
2794,,WTIV,Release Nacelle,1.0,12500.0,ACTION,6301.46063089515,TurbineInstallation,,,,
2795,,Feeder 1,Fasten Blade,0.75,2343.75,ACTION,6301.72737576337,TurbineInstallation,TurbineInstallation,,,
2796,,WTIV,Reequip,1.0,12500.0,ACTION,6302.46063089515,TurbineInstallation,,,,
2797,,WTIV,Lift Nacelle,1.32,16500.0,ACTION,6303.780630895149,TurbineInstallation,TurbineInstallation,,40.0,132.0
2798,,WTIV,Attach Nacelle,2.0,25000.0,ACTION,6305.780630895149,TurbineInstallation,TurbineInstallation,,40.0,132.0
2799,,WTIV,Reequip,1.0,12500.0,ACTION,6306.780630895149,TurbineInstallation,,,,
2800,,WTIV,Release Blade,0.5,6250.0,ACTION,6307.280630895149,TurbineInstallation,,,,
2801,,WTIV,Lift Blade,1.32,16500.0,ACTION,6308.60063089515,TurbineInstallation,TurbineInstallation,,40.0,132.0
2802,,Feeder 1,Transit,8.01674486822009,25052.327713187784,ACTION,6309.74412063159,TurbineInstallation,,,,
2803,,WTIV,Attach Blade,1.5,18750.0,ACTION,6310.10063089515,TurbineInstallation,TurbineInstallation,,40.0,132.0
2804,,WTIV,Release Blade,0.5,6250.0,ACTION,6310.60063089515,TurbineInstallation,,,,
2805,,Feeder 1,Jackup,1.6666666666666667,5208.333333333334,ACTION,6311.410787298257,TurbineInstallation,TurbineInstallation,,,
2806,,WTIV,Lift Blade,1.32,16500.0,ACTION,6311.92063089515,TurbineInstallation,TurbineInstallation,,40.0,132.0
2807,,WTIV,Attach Blade,1.5,18750.0,ACTION,6313.42063089515,TurbineInstallation,TurbineInstallation,,40.0,132.0
2808,,WTIV,Release Blade,0.5,6250.0,ACTION,6313.92063089515,TurbineInstallation,,,,
2809,,Feeder 0,ActiveFeeder,30.12666666666655,94145.83333333298,ACTION,6313.92063089515,TurbineInstallation,,Site,,
2810,,Feeder 1,Queue,2.509843596893006,7843.261240290644,ACTION,6313.92063089515,TurbineInstallation,,Site,,
2811,,WTIV,Lift Blade,1.32,16500.0,ACTION,6315.2406308951495,TurbineInstallation,TurbineInstallation,,40.0,132.0
2812,,Feeder 0,Jackdown,1.6666666666666667,5208.333333333334,ACTION,6315.587297561817,TurbineInstallation,TurbineInstallation,,,
2813,,WTIV,Attach Blade,1.5,18750.0,ACTION,6316.7406308951495,TurbineInstallation,TurbineInstallation,,40.0,132.0
2814,,WTIV,Jackdown,0.43333333333333335,5416.666666666667,ACTION,6317.173964228483,TurbineInstallation,TurbineInstallation,,40.0,132.0
2815,,WTIV,Position Onsite,5.0,62500.0,ACTION,6322.173964228483,TurbineInstallation,,,,
2816,,WTIV,Jackup,0.43333333333333335,5416.666666666667,ACTION,6322.607297561816,TurbineInstallation,TurbineInstallation,,40.0,132.0
2817,,Feeder 0,Transit,8.01674486822009,25052.327713187784,ACTION,6323.604042430036,TurbineInstallation,,,,
2818,,WTIV,Release Tower Section,1.0,12500.0,ACTION,6323.607297561816,TurbineInstallation,,,,
2819,,WTIV,Lift Tower Section,0.66,8250.0,ACTION,6324.267297561817,TurbineInstallation,TurbineInstallation,,40.0,132.0
2820,,Feeder 0,Fasten Tower Section,2.0,6250.0,ACTION,6325.604042430036,TurbineInstallation,TurbineInstallation,,,
2821,,WTIV,Attach Tower Section,2.0,25000.0,ACTION,6326.267297561817,TurbineInstallation,TurbineInstallation,,40.0,132.0
2822,,WTIV,Release Tower Section,1.0,12500.0,ACTION,6327.267297561817,TurbineInstallation,,,,
2823,,Feeder 0,Fasten Tower Section,2.0,6250.0,ACTION,6327.604042430036,TurbineInstallation,TurbineInstallation,,,
2824,,WTIV,Lift Tower Section,1.32,16500.0,ACTION,6328.587297561817,TurbineInstallation,TurbineInstallation,,40.0,132.0
2825,,Feeder 0,Fasten Nacelle,2.0,6250.0,ACTION,6329.604042430036,TurbineInstallation,TurbineInstallation,,,
2826,,Feeder 0,Fasten Blade,0.75,2343.75,ACTION,6330.354042430036,TurbineInstallation,TurbineInstallation,,,
2827,,WTIV,Attach Tower Section,2.0,25000.0,ACTION,6330.587297561817,TurbineInstallation,TurbineInstallation,,40.0,132.0
2828,,Feeder 0,Fasten Blade,0.75,2343.75,ACTION,6331.104042430036,TurbineInstallation,TurbineInstallation,,,
2829,,WTIV,Release Nacelle,1.0,12500.0,ACTION,6331.587297561817,TurbineInstallation,,,,
2830,,Feeder 0,Fasten Blade,0.75,2343.75,ACTION,6331.854042430036,TurbineInstallation,TurbineInstallation,,,
2831,,WTIV,Reequip,1.0,12500.0,ACTION,6332.587297561817,TurbineInstallation,,,,
2832,,WTIV,Lift Nacelle,1.32,16500.0,ACTION,6333.907297561816,TurbineInstallation,TurbineInstallation,,40.0,132.0
2833,,WTIV,Delay,17.0,212500.0,ACTION,6350.907297561816,TurbineInstallation,TurbineInstallation,,40.0,132.0
2834,,WTIV,Attach Nacelle,2.0,25000.0,ACTION,6352.907297561816,TurbineInstallation,TurbineInstallation,,40.0,132.0
2835,,Feeder 0,Delay,25.0,78125.0,ACTION,6356.854042430036,TurbineInstallation,,,,
2836,,WTIV,Delay,4.0,50000.0,ACTION,6356.907297561816,TurbineInstallation,,,,
2837,,WTIV,Reequip,1.0,12500.0,ACTION,6357.907297561816,TurbineInstallation,,,,
2838,,WTIV,Release Blade,0.5,6250.0,ACTION,6358.407297561816,TurbineInstallation,,,,
2839,,WTIV,Lift Blade,1.32,16500.0,ACTION,6359.727297561816,TurbineInstallation,TurbineInstallation,,40.0,132.0
2840,,WTIV,Attach Blade,1.5,18750.0,ACTION,6361.227297561816,TurbineInstallation,TurbineInstallation,,40.0,132.0
2841,,WTIV,Release Blade,0.5,6250.0,ACTION,6361.727297561816,TurbineInstallation,,,,
2842,,WTIV,Lift Blade,1.32,16500.0,ACTION,6363.047297561816,TurbineInstallation,TurbineInstallation,,40.0,132.0
2843,,WTIV,Attach Blade,1.5,18750.0,ACTION,6364.547297561816,TurbineInstallation,TurbineInstallation,,40.0,132.0
2844,,Feeder 0,Transit,8.01674486822009,25052.327713187784,ACTION,6364.870787298257,TurbineInstallation,,,,
2845,,WTIV,Release Blade,0.5,6250.0,ACTION,6365.047297561816,TurbineInstallation,,,,
2846,,Feeder 1,ActiveFeeder,51.12666666666655,159770.83333333296,ACTION,6365.047297561816,TurbineInstallation,,Site,,
2847,,WTIV,Lift Blade,1.32,16500.0,ACTION,6366.3672975618165,TurbineInstallation,TurbineInstallation,,40.0,132.0
2848,,Feeder 0,Jackup,1.6666666666666667,5208.333333333334,ACTION,6366.537453964924,TurbineInstallation,TurbineInstallation,,,
2849,,Feeder 1,Jackdown,1.6666666666666667,5208.333333333334,ACTION,6366.713964228483,TurbineInstallation,TurbineInstallation,,,
2850,,WTIV,Attach Blade,1.5,18750.0,ACTION,6367.8672975618165,TurbineInstallation,TurbineInstallation,,40.0,132.0
2851,,WTIV,Jackdown,0.43333333333333335,5416.666666666667,ACTION,6368.30063089515,TurbineInstallation,TurbineInstallation,,40.0,132.0
2852,,WTIV,Position Onsite,5.0,62500.0,ACTION,6373.30063089515,TurbineInstallation,,,,
2853,,WTIV,Jackup,0.43333333333333335,5416.666666666667,ACTION,6373.733964228483,TurbineInstallation,TurbineInstallation,,40.0,132.0
2854,,Feeder 1,Transit,8.01674486822009,25052.327713187784,ACTION,6374.730709096703,TurbineInstallation,,,,
2855,,WTIV,Release Tower Section,1.0,12500.0,ACTION,6374.733964228483,TurbineInstallation,,,,
2856,,WTIV,Lift Tower Section,0.66,8250.0,ACTION,6375.393964228483,TurbineInstallation,TurbineInstallation,,40.0,132.0
2857,,Feeder 1,Fasten Tower Section,2.0,6250.0,ACTION,6376.730709096703,TurbineInstallation,TurbineInstallation,,,
2858,,WTIV,Attach Tower Section,2.0,25000.0,ACTION,6377.393964228483,TurbineInstallation,TurbineInstallation,,40.0,132.0
2859,,WTIV,Release Tower Section,1.0,12500.0,ACTION,6378.393964228483,TurbineInstallation,,,,
2860,,Feeder 1,Fasten Tower Section,2.0,6250.0,ACTION,6378.730709096703,TurbineInstallation,TurbineInstallation,,,
2861,,WTIV,Lift Tower Section,1.32,16500.0,ACTION,6379.713964228483,TurbineInstallation,TurbineInstallation,,40.0,132.0
2862,,Feeder 1,Fasten Nacelle,2.0,6250.0,ACTION,6380.730709096703,TurbineInstallation,TurbineInstallation,,,
2863,,Feeder 1,Fasten Blade,0.75,2343.75,ACTION,6381.480709096703,TurbineInstallation,TurbineInstallation,,,
2864,,WTIV,Attach Tower Section,2.0,25000.0,ACTION,6381.713964228483,TurbineInstallation,TurbineInstallation,,40.0,132.0
2865,,Feeder 1,Fasten Blade,0.75,2343.75,ACTION,6382.230709096703,TurbineInstallation,TurbineInstallation,,,
2866,,WTIV,Release Nacelle,1.0,12500.0,ACTION,6382.713964228483,TurbineInstallation,,,,
2867,,Feeder 1,Fasten Blade,0.75,2343.75,ACTION,6382.980709096703,TurbineInstallation,TurbineInstallation,,,
2868,,WTIV,Reequip,1.0,12500.0,ACTION,6383.713964228483,TurbineInstallation,,,,
2869,,WTIV,Lift Nacelle,1.32,16500.0,ACTION,6385.0339642284835,TurbineInstallation,TurbineInstallation,,40.0,132.0
2870,,WTIV,Attach Nacelle,2.0,25000.0,ACTION,6387.0339642284835,TurbineInstallation,TurbineInstallation,,40.0,132.0
2871,,WTIV,Reequip,1.0,12500.0,ACTION,6388.0339642284835,TurbineInstallation,,,,
2872,,WTIV,Release Blade,0.5,6250.0,ACTION,6388.5339642284835,TurbineInstallation,,,,
2873,,WTIV,Lift Blade,1.32,16500.0,ACTION,6389.853964228483,TurbineInstallation,TurbineInstallation,,40.0,132.0
2874,,Feeder 1,Transit,8.01674486822009,25052.327713187784,ACTION,6390.997453964923,TurbineInstallation,,,,
2875,,WTIV,Attach Blade,1.5,18750.0,ACTION,6391.353964228483,TurbineInstallation,TurbineInstallation,,40.0,132.0
2876,,WTIV,Release Blade,0.5,6250.0,ACTION,6391.853964228483,TurbineInstallation,,,,
2877,,Feeder 1,Jackup,1.6666666666666667,5208.333333333334,ACTION,6392.66412063159,TurbineInstallation,TurbineInstallation,,,
2878,,WTIV,Lift Blade,1.32,16500.0,ACTION,6393.173964228483,TurbineInstallation,TurbineInstallation,,40.0,132.0
2879,,WTIV,Attach Blade,1.5,18750.0,ACTION,6394.673964228483,TurbineInstallation,TurbineInstallation,,40.0,132.0
2880,,WTIV,Release Blade,0.5,6250.0,ACTION,6395.173964228483,TurbineInstallation,,,,
2881,,Feeder 0,ActiveFeeder,28.636510263559558,89489.09457362362,ACTION,6395.173964228483,TurbineInstallation,,Site,,
2882,,Feeder 1,Queue,2.509843596893006,7843.261240290644,ACTION,6395.173964228483,TurbineInstallation,,Site,,
2883,,WTIV,Lift Blade,1.32,16500.0,ACTION,6396.493964228483,TurbineInstallation,TurbineInstallation,,40.0,132.0
2884,,Feeder 0,Jackdown,1.6666666666666667,5208.333333333334,ACTION,6396.84063089515,TurbineInstallation,TurbineInstallation,,,
2885,,WTIV,Attach Blade,1.5,18750.0,ACTION,6397.993964228483,TurbineInstallation,TurbineInstallation,,40.0,132.0
2886,,WTIV,Jackdown,0.43333333333333335,5416.666666666667,ACTION,6398.427297561816,TurbineInstallation,TurbineInstallation,,40.0,132.0
2887,,WTIV,Position Onsite,5.0,62500.0,ACTION,6403.427297561816,TurbineInstallation,,,,
2888,,WTIV,Jackup,0.43333333333333335,5416.666666666667,ACTION,6403.860630895149,TurbineInstallation,TurbineInstallation,,40.0,132.0
2889,,Feeder 0,Transit,8.01674486822009,25052.327713187784,ACTION,6404.857375763369,TurbineInstallation,,,,
2890,,WTIV,Release Tower Section,1.0,12500.0,ACTION,6404.860630895149,TurbineInstallation,,,,
2891,,WTIV,Lift Tower Section,0.66,8250.0,ACTION,6405.520630895149,TurbineInstallation,TurbineInstallation,,40.0,132.0
2892,,Feeder 0,Fasten Tower Section,2.0,6250.0,ACTION,6406.857375763369,TurbineInstallation,TurbineInstallation,,,
2893,,WTIV,Attach Tower Section,2.0,25000.0,ACTION,6407.520630895149,TurbineInstallation,TurbineInstallation,,40.0,132.0
2894,,WTIV,Release Tower Section,1.0,12500.0,ACTION,6408.520630895149,TurbineInstallation,,,,
2895,,Feeder 0,Fasten Tower Section,2.0,6250.0,ACTION,6408.857375763369,TurbineInstallation,TurbineInstallation,,,
2896,,WTIV,Lift Tower Section,1.32,16500.0,ACTION,6409.84063089515,TurbineInstallation,TurbineInstallation,,40.0,132.0
2897,,Feeder 0,Fasten Nacelle,2.0,6250.0,ACTION,6410.857375763369,TurbineInstallation,TurbineInstallation,,,
2898,,Feeder 0,Fasten Blade,0.75,2343.75,ACTION,6411.607375763369,TurbineInstallation,TurbineInstallation,,,
2899,,WTIV,Attach Tower Section,2.0,25000.0,ACTION,6411.84063089515,TurbineInstallation,TurbineInstallation,,40.0,132.0
2900,,Feeder 0,Fasten Blade,0.75,2343.75,ACTION,6412.357375763369,TurbineInstallation,TurbineInstallation,,,
2901,,WTIV,Release Nacelle,1.0,12500.0,ACTION,6412.84063089515,TurbineInstallation,,,,
2902,,Feeder 0,Fasten Blade,0.75,2343.75,ACTION,6413.107375763369,TurbineInstallation,TurbineInstallation,,,
2903,,WTIV,Reequip,1.0,12500.0,ACTION,6413.84063089515,TurbineInstallation,,,,
2904,,WTIV,Lift Nacelle,1.32,16500.0,ACTION,6415.16063089515,TurbineInstallation,TurbineInstallation,,40.0,132.0
2905,,WTIV,Attach Nacelle,2.0,25000.0,ACTION,6417.16063089515,TurbineInstallation,TurbineInstallation,,40.0,132.0
2906,,WTIV,Reequip,1.0,12500.0,ACTION,6418.16063089515,TurbineInstallation,,,,
2907,,WTIV,Release Blade,0.5,6250.0,ACTION,6418.66063089515,TurbineInstallation,,,,
2908,,WTIV,Lift Blade,1.32,16500.0,ACTION,6419.980630895149,TurbineInstallation,TurbineInstallation,,40.0,132.0
2909,,Feeder 0,Transit,8.01674486822009,25052.327713187784,ACTION,6421.12412063159,TurbineInstallation,,,,
2910,,WTIV,Attach Blade,1.5,18750.0,ACTION,6421.480630895149,TurbineInstallation,TurbineInstallation,,40.0,132.0
2911,,WTIV,Release Blade,0.5,6250.0,ACTION,6421.980630895149,TurbineInstallation,,,,
2912,,Feeder 0,Jackup,1.6666666666666667,5208.333333333334,ACTION,6422.790787298256,TurbineInstallation,TurbineInstallation,,,
2913,,WTIV,Lift Blade,1.32,16500.0,ACTION,6423.30063089515,TurbineInstallation,TurbineInstallation,,40.0,132.0
2914,,WTIV,Attach Blade,1.5,18750.0,ACTION,6424.80063089515,TurbineInstallation,TurbineInstallation,,40.0,132.0
2915,,WTIV,Release Blade,0.5,6250.0,ACTION,6425.30063089515,TurbineInstallation,,,,
2916,,Feeder 1,ActiveFeeder,30.12666666666655,94145.83333333298,ACTION,6425.30063089515,TurbineInstallation,,Site,,
2917,,Feeder 0,Queue,2.509843596893006,7843.261240290644,ACTION,6425.30063089515,TurbineInstallation,,Site,,
2918,,WTIV,Lift Blade,1.32,16500.0,ACTION,6426.62063089515,TurbineInstallation,TurbineInstallation,,40.0,132.0
2919,,Feeder 1,Jackdown,1.6666666666666667,5208.333333333334,ACTION,6426.967297561816,TurbineInstallation,TurbineInstallation,,,
2920,,WTIV,Attach Blade,1.5,18750.0,ACTION,6428.12063089515,TurbineInstallation,TurbineInstallation,,40.0,132.0
2921,,WTIV,Jackdown,0.43333333333333335,5416.666666666667,ACTION,6428.553964228483,TurbineInstallation,TurbineInstallation,,40.0,132.0
2922,,WTIV,Position Onsite,5.0,62500.0,ACTION,6433.553964228483,TurbineInstallation,,,,
2923,,WTIV,Jackup,0.43333333333333335,5416.666666666667,ACTION,6433.987297561816,TurbineInstallation,TurbineInstallation,,40.0,132.0
2924,,Feeder 1,Transit,8.01674486822009,25052.327713187784,ACTION,6434.984042430036,TurbineInstallation,,,,
2925,,WTIV,Release Tower Section,1.0,12500.0,ACTION,6434.987297561816,TurbineInstallation,,,,
2926,,WTIV,Lift Tower Section,0.66,8250.0,ACTION,6435.647297561816,TurbineInstallation,TurbineInstallation,,40.0,132.0
2927,,Feeder 1,Fasten Tower Section,2.0,6250.0,ACTION,6436.984042430036,TurbineInstallation,TurbineInstallation,,,
2928,,WTIV,Attach Tower Section,2.0,25000.0,ACTION,6437.647297561816,TurbineInstallation,TurbineInstallation,,40.0,132.0
2929,,WTIV,Release Tower Section,1.0,12500.0,ACTION,6438.647297561816,TurbineInstallation,,,,
2930,,Feeder 1,Fasten Tower Section,2.0,6250.0,ACTION,6438.984042430036,TurbineInstallation,TurbineInstallation,,,
2931,,WTIV,Lift Tower Section,1.32,16500.0,ACTION,6439.967297561816,TurbineInstallation,TurbineInstallation,,40.0,132.0
2932,,Feeder 1,Fasten Nacelle,2.0,6250.0,ACTION,6440.984042430036,TurbineInstallation,TurbineInstallation,,,
2933,,Feeder 1,Fasten Blade,0.75,2343.75,ACTION,6441.734042430036,TurbineInstallation,TurbineInstallation,,,
2934,,WTIV,Attach Tower Section,2.0,25000.0,ACTION,6441.967297561816,TurbineInstallation,TurbineInstallation,,40.0,132.0
2935,,Feeder 1,Fasten Blade,0.75,2343.75,ACTION,6442.484042430036,TurbineInstallation,TurbineInstallation,,,
2936,,WTIV,Release Nacelle,1.0,12500.0,ACTION,6442.967297561816,TurbineInstallation,,,,
2937,,Feeder 1,Fasten Blade,0.75,2343.75,ACTION,6443.234042430036,TurbineInstallation,TurbineInstallation,,,
2938,,WTIV,Reequip,1.0,12500.0,ACTION,6443.967297561816,TurbineInstallation,,,,
2939,,WTIV,Lift Nacelle,1.32,16500.0,ACTION,6445.287297561816,TurbineInstallation,TurbineInstallation,,40.0,132.0
2940,,WTIV,Attach Nacelle,2.0,25000.0,ACTION,6447.287297561816,TurbineInstallation,TurbineInstallation,,40.0,132.0
2941,,WTIV,Reequip,1.0,12500.0,ACTION,6448.287297561816,TurbineInstallation,,,,
2942,,WTIV,Release Blade,0.5,6250.0,ACTION,6448.787297561816,TurbineInstallation,,,,
2943,,WTIV,Lift Blade,1.32,16500.0,ACTION,6450.107297561816,TurbineInstallation,TurbineInstallation,,40.0,132.0
2944,,Feeder 1,Transit,8.01674486822009,25052.327713187784,ACTION,6451.250787298256,TurbineInstallation,,,,
2945,,WTIV,Attach Blade,1.5,18750.0,ACTION,6451.607297561816,TurbineInstallation,TurbineInstallation,,40.0,132.0
2946,,WTIV,Release Blade,0.5,6250.0,ACTION,6452.107297561816,TurbineInstallation,,,,
2947,,Feeder 1,Jackup,1.6666666666666667,5208.333333333334,ACTION,6452.917453964923,TurbineInstallation,TurbineInstallation,,,
2948,,WTIV,Lift Blade,1.32,16500.0,ACTION,6453.427297561816,TurbineInstallation,TurbineInstallation,,40.0,132.0
2949,,WTIV,Attach Blade,1.5,18750.0,ACTION,6454.927297561816,TurbineInstallation,TurbineInstallation,,40.0,132.0
2950,,WTIV,Release Blade,0.5,6250.0,ACTION,6455.427297561816,TurbineInstallation,,,,
2951,,Feeder 0,ActiveFeeder,30.12666666666655,94145.83333333298,ACTION,6455.427297561816,TurbineInstallation,,Site,,
2952,,Feeder 1,Queue,2.509843596893006,7843.261240290644,ACTION,6455.427297561816,TurbineInstallation,,Site,,
2953,,WTIV,Lift Blade,1.32,16500.0,ACTION,6456.747297561816,TurbineInstallation,TurbineInstallation,,40.0,132.0
2954,,Feeder 0,Jackdown,1.6666666666666667,5208.333333333334,ACTION,6457.093964228483,TurbineInstallation,TurbineInstallation,,,
2955,,WTIV,Attach Blade,1.5,18750.0,ACTION,6458.247297561816,TurbineInstallation,TurbineInstallation,,40.0,132.0
2956,,WTIV,Jackdown,0.43333333333333335,5416.666666666667,ACTION,6458.680630895149,TurbineInstallation,TurbineInstallation,,40.0,132.0
2957,,WTIV,Position Onsite,5.0,62500.0,ACTION,6463.680630895149,TurbineInstallation,,,,
2958,,WTIV,Jackup,0.43333333333333335,5416.666666666667,ACTION,6464.1139642284825,TurbineInstallation,TurbineInstallation,,40.0,132.0
2959,,Feeder 0,Transit,8.01674486822009,25052.327713187784,ACTION,6465.1107090967025,TurbineInstallation,,,,
2960,,WTIV,Release Tower Section,1.0,12500.0,ACTION,6465.1139642284825,TurbineInstallation,,,,
2961,,WTIV,Lift Tower Section,0.66,8250.0,ACTION,6465.773964228483,TurbineInstallation,TurbineInstallation,,40.0,132.0
2962,,Feeder 0,Fasten Tower Section,2.0,6250.0,ACTION,6467.1107090967025,TurbineInstallation,TurbineInstallation,,,
2963,,WTIV,Attach Tower Section,2.0,25000.0,ACTION,6467.773964228483,TurbineInstallation,TurbineInstallation,,40.0,132.0
2964,,WTIV,Release Tower Section,1.0,12500.0,ACTION,6468.773964228483,TurbineInstallation,,,,
2965,,Feeder 0,Fasten Tower Section,2.0,6250.0,ACTION,6469.1107090967025,TurbineInstallation,TurbineInstallation,,,
2966,,WTIV,Lift Tower Section,1.32,16500.0,ACTION,6470.093964228483,TurbineInstallation,TurbineInstallation,,40.0,132.0
2967,,Feeder 0,Fasten Nacelle,2.0,6250.0,ACTION,6471.1107090967025,TurbineInstallation,TurbineInstallation,,,
2968,,Feeder 0,Fasten Blade,0.75,2343.75,ACTION,6471.8607090967025,TurbineInstallation,TurbineInstallation,,,
2969,,WTIV,Attach Tower Section,2.0,25000.0,ACTION,6472.093964228483,TurbineInstallation,TurbineInstallation,,40.0,132.0
2970,,Feeder 0,Fasten Blade,0.75,2343.75,ACTION,6472.6107090967025,TurbineInstallation,TurbineInstallation,,,
2971,,WTIV,Release Nacelle,1.0,12500.0,ACTION,6473.093964228483,TurbineInstallation,,,,
2972,,Feeder 0,Fasten Blade,0.75,2343.75,ACTION,6473.3607090967025,TurbineInstallation,TurbineInstallation,,,
2973,,WTIV,Reequip,1.0,12500.0,ACTION,6474.093964228483,TurbineInstallation,,,,
2974,,WTIV,Lift Nacelle,1.32,16500.0,ACTION,6475.413964228483,TurbineInstallation,TurbineInstallation,,40.0,132.0
2975,,WTIV,Attach Nacelle,2.0,25000.0,ACTION,6477.413964228483,TurbineInstallation,TurbineInstallation,,40.0,132.0
2976,,WTIV,Reequip,1.0,12500.0,ACTION,6478.413964228483,TurbineInstallation,,,,
2977,,WTIV,Release Blade,0.5,6250.0,ACTION,6478.913964228483,TurbineInstallation,,,,
2978,,WTIV,Lift Blade,1.32,16500.0,ACTION,6480.233964228482,TurbineInstallation,TurbineInstallation,,40.0,132.0
2979,,Feeder 0,Transit,8.01674486822009,25052.327713187784,ACTION,6481.377453964923,TurbineInstallation,,,,
2980,,WTIV,Attach Blade,1.5,18750.0,ACTION,6481.733964228482,TurbineInstallation,TurbineInstallation,,40.0,132.0
2981,,WTIV,Release Blade,0.5,6250.0,ACTION,6482.233964228482,TurbineInstallation,,,,
2982,,WTIV,Delay,14.0,175000.0,ACTION,6496.233964228482,TurbineInstallation,TurbineInstallation,,40.0,132.0
2983,,Feeder 0,Delay,15.0,46875.0,ACTION,6496.377453964923,TurbineInstallation,TurbineInstallation,,,
2984,,WTIV,Lift Blade,1.32,16500.0,ACTION,6497.553964228482,TurbineInstallation,TurbineInstallation,,40.0,132.0
2985,,Feeder 0,Jackup,1.6666666666666667,5208.333333333334,ACTION,6498.04412063159,TurbineInstallation,TurbineInstallation,,,
2986,,WTIV,Delay,48.0,600000.0,ACTION,6545.553964228482,TurbineInstallation,TurbineInstallation,,40.0,132.0
2987,,WTIV,Attach Blade,1.5,18750.0,ACTION,6547.053964228482,TurbineInstallation,TurbineInstallation,,40.0,132.0
2988,,WTIV,Release Blade,0.5,6250.0,ACTION,6547.553964228482,TurbineInstallation,,,,
2989,,Feeder 1,ActiveFeeder,92.12666666666655,287895.83333333296,ACTION,6547.553964228482,TurbineInstallation,,Site,,
2990,,Feeder 0,Queue,49.509843596893006,154718.26124029065,ACTION,6547.553964228482,TurbineInstallation,,Site,,
2991,,WTIV,Lift Blade,1.32,16500.0,ACTION,6548.873964228483,TurbineInstallation,TurbineInstallation,,40.0,132.0
2992,,Feeder 1,Jackdown,1.6666666666666667,5208.333333333334,ACTION,6549.220630895149,TurbineInstallation,TurbineInstallation,,,
2993,,WTIV,Attach Blade,1.5,18750.0,ACTION,6550.373964228483,TurbineInstallation,TurbineInstallation,,40.0,132.0
2994,,WTIV,Jackdown,0.43333333333333335,5416.666666666667,ACTION,6550.807297561816,TurbineInstallation,TurbineInstallation,,40.0,132.0
2995,,WTIV,Position Onsite,5.0,62500.0,ACTION,6555.807297561816,TurbineInstallation,,,,
2996,,WTIV,Jackup,0.43333333333333335,5416.666666666667,ACTION,6556.2406308951495,TurbineInstallation,TurbineInstallation,,40.0,132.0
2997,,Feeder 1,Transit,8.01674486822009,25052.327713187784,ACTION,6557.2373757633695,TurbineInstallation,,,,
2998,,WTIV,Release Tower Section,1.0,12500.0,ACTION,6557.2406308951495,TurbineInstallation,,,,
2999,,WTIV,Lift Tower Section,0.66,8250.0,ACTION,6557.900630895149,TurbineInstallation,TurbineInstallation,,40.0,132.0
3000,,Feeder 1,Fasten Tower Section,2.0,6250.0,ACTION,6559.2373757633695,TurbineInstallation,TurbineInstallation,,,
3001,,WTIV,Attach Tower Section,2.0,25000.0,ACTION,6559.900630895149,TurbineInstallation,TurbineInstallation,,40.0,132.0
3002,,WTIV,Release Tower Section,1.0,12500.0,ACTION,6560.900630895149,TurbineInstallation,,,,
3003,,Feeder 1,Fasten Tower Section,2.0,6250.0,ACTION,6561.2373757633695,TurbineInstallation,TurbineInstallation,,,
3004,,WTIV,Lift Tower Section,1.32,16500.0,ACTION,6562.220630895149,TurbineInstallation,TurbineInstallation,,40.0,132.0
3005,,Feeder 1,Fasten Nacelle,2.0,6250.0,ACTION,6563.2373757633695,TurbineInstallation,TurbineInstallation,,,
3006,,Feeder 1,Fasten Blade,0.75,2343.75,ACTION,6563.9873757633695,TurbineInstallation,TurbineInstallation,,,
3007,,WTIV,Attach Tower Section,2.0,25000.0,ACTION,6564.220630895149,TurbineInstallation,TurbineInstallation,,40.0,132.0
3008,,Feeder 1,Fasten Blade,0.75,2343.75,ACTION,6564.7373757633695,TurbineInstallation,TurbineInstallation,,,
3009,,WTIV,Release Nacelle,1.0,12500.0,ACTION,6565.220630895149,TurbineInstallation,,,,
3010,,Feeder 1,Fasten Blade,0.75,2343.75,ACTION,6565.4873757633695,TurbineInstallation,TurbineInstallation,,,
3011,,WTIV,Reequip,1.0,12500.0,ACTION,6566.220630895149,TurbineInstallation,,,,
3012,,WTIV,Lift Nacelle,1.32,16500.0,ACTION,6567.54063089515,TurbineInstallation,TurbineInstallation,,40.0,132.0
3013,,WTIV,Attach Nacelle,2.0,25000.0,ACTION,6569.54063089515,TurbineInstallation,TurbineInstallation,,40.0,132.0
3014,,WTIV,Reequip,1.0,12500.0,ACTION,6570.54063089515,TurbineInstallation,,,,
3015,,WTIV,Release Blade,0.5,6250.0,ACTION,6571.04063089515,TurbineInstallation,,,,
3016,,WTIV,Lift Blade,1.32,16500.0,ACTION,6572.360630895149,TurbineInstallation,TurbineInstallation,,40.0,132.0
3017,,Feeder 1,Transit,8.01674486822009,25052.327713187784,ACTION,6573.504120631589,TurbineInstallation,,,,
3018,,WTIV,Attach Blade,1.5,18750.0,ACTION,6573.860630895149,TurbineInstallation,TurbineInstallation,,40.0,132.0
3019,,WTIV,Release Blade,0.5,6250.0,ACTION,6574.360630895149,TurbineInstallation,,,,
3020,,Feeder 1,Jackup,1.6666666666666667,5208.333333333334,ACTION,6575.170787298256,TurbineInstallation,TurbineInstallation,,,
3021,,WTIV,Lift Blade,1.32,16500.0,ACTION,6575.680630895149,TurbineInstallation,TurbineInstallation,,40.0,132.0
3022,,WTIV,Attach Blade,1.5,18750.0,ACTION,6577.180630895149,TurbineInstallation,TurbineInstallation,,40.0,132.0
3023,,WTIV,Release Blade,0.5,6250.0,ACTION,6577.680630895149,TurbineInstallation,,,,
3024,,Feeder 0,ActiveFeeder,30.12666666666655,94145.83333333298,ACTION,6577.680630895149,TurbineInstallation,,Site,,
3025,,Feeder 1,Queue,2.509843596893006,7843.261240290644,ACTION,6577.680630895149,TurbineInstallation,,Site,,
3026,,WTIV,Lift Blade,1.32,16500.0,ACTION,6579.000630895149,TurbineInstallation,TurbineInstallation,,40.0,132.0
3027,,Feeder 0,Jackdown,1.6666666666666667,5208.333333333334,ACTION,6579.347297561816,TurbineInstallation,TurbineInstallation,,,
3028,,WTIV,Attach Blade,1.5,18750.0,ACTION,6580.500630895149,TurbineInstallation,TurbineInstallation,,40.0,132.0
3029,,WTIV,Jackdown,0.43333333333333335,5416.666666666667,ACTION,6580.933964228482,TurbineInstallation,TurbineInstallation,,40.0,132.0
3030,,WTIV,Position Onsite,5.0,62500.0,ACTION,6585.933964228482,TurbineInstallation,,,,
3031,,WTIV,Jackup,0.43333333333333335,5416.666666666667,ACTION,6586.367297561816,TurbineInstallation,TurbineInstallation,,40.0,132.0
3032,,Feeder 0,Transit,8.01674486822009,25052.327713187784,ACTION,6587.364042430036,TurbineInstallation,,,,
3033,,WTIV,Release Tower Section,1.0,12500.0,ACTION,6587.367297561816,TurbineInstallation,,,,
3034,,WTIV,Lift Tower Section,0.66,8250.0,ACTION,6588.027297561815,TurbineInstallation,TurbineInstallation,,40.0,132.0
3035,,Feeder 0,Fasten Tower Section,2.0,6250.0,ACTION,6589.364042430036,TurbineInstallation,TurbineInstallation,,,
3036,,WTIV,Attach Tower Section,2.0,25000.0,ACTION,6590.027297561815,TurbineInstallation,TurbineInstallation,,40.0,132.0
3037,,WTIV,Release Tower Section,1.0,12500.0,ACTION,6591.027297561815,TurbineInstallation,,,,
3038,,Feeder 0,Fasten Tower Section,2.0,6250.0,ACTION,6591.364042430036,TurbineInstallation,TurbineInstallation,,,
3039,,WTIV,Lift Tower Section,1.32,16500.0,ACTION,6592.347297561816,TurbineInstallation,TurbineInstallation,,40.0,132.0
3040,,Feeder 0,Fasten Nacelle,2.0,6250.0,ACTION,6593.364042430036,TurbineInstallation,TurbineInstallation,,,
3041,,Feeder 0,Fasten Blade,0.75,2343.75,ACTION,6594.114042430036,TurbineInstallation,TurbineInstallation,,,
3042,,WTIV,Attach Tower Section,2.0,25000.0,ACTION,6594.347297561816,TurbineInstallation,TurbineInstallation,,40.0,132.0
3043,,Feeder 0,Fasten Blade,0.75,2343.75,ACTION,6594.864042430036,TurbineInstallation,TurbineInstallation,,,
3044,,WTIV,Release Nacelle,1.0,12500.0,ACTION,6595.347297561816,TurbineInstallation,,,,
3045,,Feeder 0,Fasten Blade,0.75,2343.75,ACTION,6595.614042430036,TurbineInstallation,TurbineInstallation,,,
3046,,WTIV,Reequip,1.0,12500.0,ACTION,6596.347297561816,TurbineInstallation,,,,
3047,,WTIV,Lift Nacelle,1.32,16500.0,ACTION,6597.667297561816,TurbineInstallation,TurbineInstallation,,40.0,132.0
3048,,WTIV,Attach Nacelle,2.0,25000.0,ACTION,6599.667297561816,TurbineInstallation,TurbineInstallation,,40.0,132.0
3049,,WTIV,Reequip,1.0,12500.0,ACTION,6600.667297561816,TurbineInstallation,,,,
3050,,WTIV,Release Blade,0.5,6250.0,ACTION,6601.167297561816,TurbineInstallation,,,,
3051,,WTIV,Lift Blade,1.32,16500.0,ACTION,6602.4872975618155,TurbineInstallation,TurbineInstallation,,40.0,132.0
3052,,Feeder 0,Transit,8.01674486822009,25052.327713187784,ACTION,6603.630787298256,TurbineInstallation,,,,
3053,,WTIV,Attach Blade,1.5,18750.0,ACTION,6603.9872975618155,TurbineInstallation,TurbineInstallation,,40.0,132.0
3054,,WTIV,Release Blade,0.5,6250.0,ACTION,6604.4872975618155,TurbineInstallation,,,,
3055,,Feeder 0,Jackup,1.6666666666666667,5208.333333333334,ACTION,6605.297453964922,TurbineInstallation,TurbineInstallation,,,
3056,,WTIV,Lift Blade,1.32,16500.0,ACTION,6605.807297561816,TurbineInstallation,TurbineInstallation,,40.0,132.0
3057,,WTIV,Attach Blade,1.5,18750.0,ACTION,6607.307297561816,TurbineInstallation,TurbineInstallation,,40.0,132.0
3058,,WTIV,Release Blade,0.5,6250.0,ACTION,6607.807297561816,TurbineInstallation,,,,
3059,,Feeder 1,ActiveFeeder,30.12666666666655,94145.83333333298,ACTION,6607.807297561816,TurbineInstallation,,Site,,
3060,,Feeder 0,Queue,2.509843596893006,7843.261240290644,ACTION,6607.807297561816,TurbineInstallation,,Site,,
3061,,WTIV,Lift Blade,1.32,16500.0,ACTION,6609.127297561816,TurbineInstallation,TurbineInstallation,,40.0,132.0
3062,,Feeder 1,Jackdown,1.6666666666666667,5208.333333333334,ACTION,6609.473964228482,TurbineInstallation,TurbineInstallation,,,
3063,,WTIV,Attach Blade,1.5,18750.0,ACTION,6610.627297561816,TurbineInstallation,TurbineInstallation,,40.0,132.0
3064,,WTIV,Jackdown,0.43333333333333335,5416.666666666667,ACTION,6611.060630895149,TurbineInstallation,TurbineInstallation,,40.0,132.0
3065,,WTIV,Position Onsite,5.0,62500.0,ACTION,6616.060630895149,TurbineInstallation,,,,
3066,,WTIV,Jackup,0.43333333333333335,5416.666666666667,ACTION,6616.493964228483,TurbineInstallation,TurbineInstallation,,40.0,132.0
3067,,Feeder 1,Transit,8.01674486822009,25052.327713187784,ACTION,6617.490709096703,TurbineInstallation,,,,
3068,,WTIV,Release Tower Section,1.0,12500.0,ACTION,6617.493964228483,TurbineInstallation,,,,
3069,,WTIV,Lift Tower Section,0.66,8250.0,ACTION,6618.153964228482,TurbineInstallation,TurbineInstallation,,40.0,132.0
3070,,Feeder 1,Fasten Tower Section,2.0,6250.0,ACTION,6619.490709096703,TurbineInstallation,TurbineInstallation,,,
3071,,WTIV,Attach Tower Section,2.0,25000.0,ACTION,6620.153964228482,TurbineInstallation,TurbineInstallation,,40.0,132.0
3072,,WTIV,Release Tower Section,1.0,12500.0,ACTION,6621.153964228482,TurbineInstallation,,,,
3073,,Feeder 1,Fasten Tower Section,2.0,6250.0,ACTION,6621.490709096703,TurbineInstallation,TurbineInstallation,,,
3074,,WTIV,Lift Tower Section,1.32,16500.0,ACTION,6622.473964228482,TurbineInstallation,TurbineInstallation,,40.0,132.0
3075,,Feeder 1,Fasten Nacelle,2.0,6250.0,ACTION,6623.490709096703,TurbineInstallation,TurbineInstallation,,,
3076,,Feeder 1,Fasten Blade,0.75,2343.75,ACTION,6624.240709096703,TurbineInstallation,TurbineInstallation,,,
3077,,WTIV,Attach Tower Section,2.0,25000.0,ACTION,6624.473964228482,TurbineInstallation,TurbineInstallation,,40.0,132.0
3078,,Feeder 1,Fasten Blade,0.75,2343.75,ACTION,6624.990709096703,TurbineInstallation,TurbineInstallation,,,
3079,,WTIV,Release Nacelle,1.0,12500.0,ACTION,6625.473964228482,TurbineInstallation,,,,
3080,,Feeder 1,Fasten Blade,0.75,2343.75,ACTION,6625.740709096703,TurbineInstallation,TurbineInstallation,,,
3081,,WTIV,Reequip,1.0,12500.0,ACTION,6626.473964228482,TurbineInstallation,,,,
3082,,WTIV,Lift Nacelle,1.32,16500.0,ACTION,6627.793964228482,TurbineInstallation,TurbineInstallation,,40.0,132.0
3083,,WTIV,Attach Nacelle,2.0,25000.0,ACTION,6629.793964228482,TurbineInstallation,TurbineInstallation,,40.0,132.0
3084,,WTIV,Reequip,1.0,12500.0,ACTION,6630.793964228482,TurbineInstallation,,,,
3085,,WTIV,Release Blade,0.5,6250.0,ACTION,6631.293964228482,TurbineInstallation,,,,
3086,,WTIV,Lift Blade,1.32,16500.0,ACTION,6632.6139642284825,TurbineInstallation,TurbineInstallation,,40.0,132.0
3087,,Feeder 1,Transit,8.01674486822009,25052.327713187784,ACTION,6633.757453964922,TurbineInstallation,,,,
3088,,WTIV,Attach Blade,1.5,18750.0,ACTION,6634.1139642284825,TurbineInstallation,TurbineInstallation,,40.0,132.0
3089,,WTIV,Release Blade,0.5,6250.0,ACTION,6634.6139642284825,TurbineInstallation,,,,
3090,,Feeder 1,Jackup,1.6666666666666667,5208.333333333334,ACTION,6635.424120631589,TurbineInstallation,TurbineInstallation,,,
3091,,WTIV,Lift Blade,1.32,16500.0,ACTION,6635.933964228482,TurbineInstallation,TurbineInstallation,,40.0,132.0
3092,,WTIV,Attach Blade,1.5,18750.0,ACTION,6637.433964228482,TurbineInstallation,TurbineInstallation,,40.0,132.0
3093,,WTIV,Release Blade,0.5,6250.0,ACTION,6637.933964228482,TurbineInstallation,,,,
3094,,Feeder 0,ActiveFeeder,30.12666666666655,94145.83333333298,ACTION,6637.933964228482,TurbineInstallation,,Site,,
3095,,Feeder 1,Queue,2.509843596893006,7843.261240290644,ACTION,6637.933964228482,TurbineInstallation,,Site,,
3096,,WTIV,Lift Blade,1.32,16500.0,ACTION,6639.253964228482,TurbineInstallation,TurbineInstallation,,40.0,132.0
3097,,Feeder 0,Jackdown,1.6666666666666667,5208.333333333334,ACTION,6639.600630895149,TurbineInstallation,TurbineInstallation,,,
3098,,WTIV,Attach Blade,1.5,18750.0,ACTION,6640.753964228482,TurbineInstallation,TurbineInstallation,,40.0,132.0
3099,,WTIV,Jackdown,0.43333333333333335,5416.666666666667,ACTION,6641.187297561815,TurbineInstallation,TurbineInstallation,,40.0,132.0
3100,,WTIV,Position Onsite,5.0,62500.0,ACTION,6646.187297561815,TurbineInstallation,,,,
3101,,WTIV,Jackup,0.43333333333333335,5416.666666666667,ACTION,6646.620630895149,TurbineInstallation,TurbineInstallation,,40.0,132.0
3102,,Feeder 0,Transit,8.01674486822009,25052.327713187784,ACTION,6647.617375763369,TurbineInstallation,,,,
3103,,WTIV,Release Tower Section,1.0,12500.0,ACTION,6647.620630895149,TurbineInstallation,,,,
3104,,WTIV,Lift Tower Section,0.66,8250.0,ACTION,6648.280630895149,TurbineInstallation,TurbineInstallation,,40.0,132.0
3105,,Feeder 0,Fasten Tower Section,2.0,6250.0,ACTION,6649.617375763369,TurbineInstallation,TurbineInstallation,,,
3106,,WTIV,Attach Tower Section,2.0,25000.0,ACTION,6650.280630895149,TurbineInstallation,TurbineInstallation,,40.0,132.0
3107,,WTIV,Release Tower Section,1.0,12500.0,ACTION,6651.280630895149,TurbineInstallation,,,,
3108,,Feeder 0,Fasten Tower Section,2.0,6250.0,ACTION,6651.617375763369,TurbineInstallation,TurbineInstallation,,,
3109,,WTIV,Lift Tower Section,1.32,16500.0,ACTION,6652.600630895149,TurbineInstallation,TurbineInstallation,,40.0,132.0
3110,,Feeder 0,Fasten Nacelle,2.0,6250.0,ACTION,6653.617375763369,TurbineInstallation,TurbineInstallation,,,
3111,,Feeder 0,Fasten Blade,0.75,2343.75,ACTION,6654.367375763369,TurbineInstallation,TurbineInstallation,,,
3112,,WTIV,Attach Tower Section,2.0,25000.0,ACTION,6654.600630895149,TurbineInstallation,TurbineInstallation,,40.0,132.0
3113,,Feeder 0,Fasten Blade,0.75,2343.75,ACTION,6655.117375763369,TurbineInstallation,TurbineInstallation,,,
3114,,WTIV,Release Nacelle,1.0,12500.0,ACTION,6655.600630895149,TurbineInstallation,,,,
3115,,Feeder 0,Fasten Blade,0.75,2343.75,ACTION,6655.867375763369,TurbineInstallation,TurbineInstallation,,,
3116,,WTIV,Reequip,1.0,12500.0,ACTION,6656.600630895149,TurbineInstallation,,,,
3117,,WTIV,Lift Nacelle,1.32,16500.0,ACTION,6657.920630895149,TurbineInstallation,TurbineInstallation,,40.0,132.0
3118,,WTIV,Attach Nacelle,2.0,25000.0,ACTION,6659.920630895149,TurbineInstallation,TurbineInstallation,,40.0,132.0
3119,,WTIV,Reequip,1.0,12500.0,ACTION,6660.920630895149,TurbineInstallation,,,,
3120,,WTIV,Release Blade,0.5,6250.0,ACTION,6661.420630895149,TurbineInstallation,,,,
3121,,WTIV,Lift Blade,1.32,16500.0,ACTION,6662.740630895149,TurbineInstallation,TurbineInstallation,,40.0,132.0
3122,,Feeder 0,Transit,8.01674486822009,25052.327713187784,ACTION,6663.884120631589,TurbineInstallation,,,,
3123,,WTIV,Attach Blade,1.5,18750.0,ACTION,6664.240630895149,TurbineInstallation,TurbineInstallation,,40.0,132.0
3124,,WTIV,Release Blade,0.5,6250.0,ACTION,6664.740630895149,TurbineInstallation,,,,
3125,,Feeder 0,Jackup,1.6666666666666667,5208.333333333334,ACTION,6665.550787298256,TurbineInstallation,TurbineInstallation,,,
3126,,WTIV,Lift Blade,1.32,16500.0,ACTION,6666.060630895148,TurbineInstallation,TurbineInstallation,,40.0,132.0
3127,,WTIV,Delay,13.0,162500.0,ACTION,6679.060630895148,TurbineInstallation,TurbineInstallation,,40.0,132.0
3128,,WTIV,Attach Blade,1.5,18750.0,ACTION,6680.560630895148,TurbineInstallation,TurbineInstallation,,40.0,132.0
3129,,WTIV,Release Blade,0.5,6250.0,ACTION,6681.060630895148,TurbineInstallation,,,,
3130,,Feeder 1,ActiveFeeder,43.12666666666655,134770.83333333296,ACTION,6681.060630895148,TurbineInstallation,,Site,,
3131,,Feeder 0,Queue,15.509843596893006,48468.261240290645,ACTION,6681.060630895148,TurbineInstallation,,Site,,
3132,,WTIV,Lift Blade,1.32,16500.0,ACTION,6682.380630895149,TurbineInstallation,TurbineInstallation,,40.0,132.0
3133,,Feeder 1,Jackdown,1.6666666666666667,5208.333333333334,ACTION,6682.727297561815,TurbineInstallation,TurbineInstallation,,,
3134,,WTIV,Attach Blade,1.5,18750.0,ACTION,6683.880630895149,TurbineInstallation,TurbineInstallation,,40.0,132.0
3135,,WTIV,Jackdown,0.43333333333333335,5416.666666666667,ACTION,6684.313964228482,TurbineInstallation,TurbineInstallation,,40.0,132.0
3136,,WTIV,Position Onsite,5.0,62500.0,ACTION,6689.313964228482,TurbineInstallation,,,,
3137,,WTIV,Jackup,0.43333333333333335,5416.666666666667,ACTION,6689.747297561816,TurbineInstallation,TurbineInstallation,,40.0,132.0
3138,,Feeder 1,Transit,8.01674486822009,25052.327713187784,ACTION,6690.744042430036,TurbineInstallation,,,,
3139,,WTIV,Release Tower Section,1.0,12500.0,ACTION,6690.747297561816,TurbineInstallation,,,,
3140,,WTIV,Lift Tower Section,0.66,8250.0,ACTION,6691.4072975618155,TurbineInstallation,TurbineInstallation,,40.0,132.0
3141,,Feeder 1,Fasten Tower Section,2.0,6250.0,ACTION,6692.744042430036,TurbineInstallation,TurbineInstallation,,,
3142,,WTIV,Attach Tower Section,2.0,25000.0,ACTION,6693.4072975618155,TurbineInstallation,TurbineInstallation,,40.0,132.0
3143,,WTIV,Release Tower Section,1.0,12500.0,ACTION,6694.4072975618155,TurbineInstallation,,,,
3144,,Feeder 1,Fasten Tower Section,2.0,6250.0,ACTION,6694.744042430036,TurbineInstallation,TurbineInstallation,,,
3145,,WTIV,Lift Tower Section,1.32,16500.0,ACTION,6695.727297561815,TurbineInstallation,TurbineInstallation,,40.0,132.0
3146,,Feeder 1,Fasten Nacelle,2.0,6250.0,ACTION,6696.744042430036,TurbineInstallation,TurbineInstallation,,,
3147,,Feeder 1,Fasten Blade,0.75,2343.75,ACTION,6697.494042430036,TurbineInstallation,TurbineInstallation,,,
3148,,WTIV,Attach Tower Section,2.0,25000.0,ACTION,6697.727297561815,TurbineInstallation,TurbineInstallation,,40.0,132.0
3149,,Feeder 1,Fasten Blade,0.75,2343.75,ACTION,6698.244042430036,TurbineInstallation,TurbineInstallation,,,
3150,,WTIV,Release Nacelle,1.0,12500.0,ACTION,6698.727297561815,TurbineInstallation,,,,
3151,,Feeder 1,Fasten Blade,0.75,2343.75,ACTION,6698.994042430036,TurbineInstallation,TurbineInstallation,,,
3152,,WTIV,Reequip,1.0,12500.0,ACTION,6699.727297561815,TurbineInstallation,,,,
3153,,WTIV,Lift Nacelle,1.32,16500.0,ACTION,6701.047297561816,TurbineInstallation,TurbineInstallation,,40.0,132.0
3154,,WTIV,Attach Nacelle,2.0,25000.0,ACTION,6703.047297561816,TurbineInstallation,TurbineInstallation,,40.0,132.0
3155,,WTIV,Reequip,1.0,12500.0,ACTION,6704.047297561816,TurbineInstallation,,,,
3156,,WTIV,Release Blade,0.5,6250.0,ACTION,6704.547297561816,TurbineInstallation,,,,
3157,,WTIV,Lift Blade,1.32,16500.0,ACTION,6705.867297561816,TurbineInstallation,TurbineInstallation,,40.0,132.0
3158,,Feeder 1,Transit,8.01674486822009,25052.327713187784,ACTION,6707.010787298255,TurbineInstallation,,,,
3159,,WTIV,Attach Blade,1.5,18750.0,ACTION,6707.367297561816,TurbineInstallation,TurbineInstallation,,40.0,132.0
3160,,WTIV,Release Blade,0.5,6250.0,ACTION,6707.867297561816,TurbineInstallation,,,,
3161,,Feeder 1,Jackup,1.6666666666666667,5208.333333333334,ACTION,6708.677453964922,TurbineInstallation,TurbineInstallation,,,
3162,,WTIV,Lift Blade,1.32,16500.0,ACTION,6709.187297561815,TurbineInstallation,TurbineInstallation,,40.0,132.0
3163,,WTIV,Attach Blade,1.5,18750.0,ACTION,6710.687297561815,TurbineInstallation,TurbineInstallation,,40.0,132.0
3164,,WTIV,Release Blade,0.5,6250.0,ACTION,6711.187297561815,TurbineInstallation,,,,
3165,,Feeder 0,ActiveFeeder,30.12666666666655,94145.83333333298,ACTION,6711.187297561815,TurbineInstallation,,Site,,
3166,,Feeder 1,Queue,2.509843596893006,7843.261240290644,ACTION,6711.187297561815,TurbineInstallation,,Site,,
3167,,WTIV,Lift Blade,1.32,16500.0,ACTION,6712.507297561815,TurbineInstallation,TurbineInstallation,,40.0,132.0
3168,,Feeder 0,Jackdown,1.6666666666666667,5208.333333333334,ACTION,6712.853964228482,TurbineInstallation,TurbineInstallation,,,
3169,,WTIV,Attach Blade,1.5,18750.0,ACTION,6714.007297561815,TurbineInstallation,TurbineInstallation,,40.0,132.0
3170,,WTIV,Jackdown,0.43333333333333335,5416.666666666667,ACTION,6714.440630895148,TurbineInstallation,TurbineInstallation,,40.0,132.0
3171,,WTIV,Position Onsite,5.0,62500.0,ACTION,6719.440630895148,TurbineInstallation,,,,
3172,,WTIV,Jackup,0.43333333333333335,5416.666666666667,ACTION,6719.873964228482,TurbineInstallation,TurbineInstallation,,40.0,132.0
3173,,Feeder 0,Transit,8.01674486822009,25052.327713187784,ACTION,6720.870709096702,TurbineInstallation,,,,
3174,,WTIV,Release Tower Section,1.0,12500.0,ACTION,6720.873964228482,TurbineInstallation,,,,
3175,,WTIV,Lift Tower Section,0.66,8250.0,ACTION,6721.533964228482,TurbineInstallation,TurbineInstallation,,40.0,132.0
3176,,Feeder 0,Fasten Tower Section,2.0,6250.0,ACTION,6722.870709096702,TurbineInstallation,TurbineInstallation,,,
3177,,WTIV,Attach Tower Section,2.0,25000.0,ACTION,6723.533964228482,TurbineInstallation,TurbineInstallation,,40.0,132.0
3178,,WTIV,Release Tower Section,1.0,12500.0,ACTION,6724.533964228482,TurbineInstallation,,,,
3179,,Feeder 0,Fasten Tower Section,2.0,6250.0,ACTION,6724.870709096702,TurbineInstallation,TurbineInstallation,,,
3180,,WTIV,Lift Tower Section,1.32,16500.0,ACTION,6725.853964228482,TurbineInstallation,TurbineInstallation,,40.0,132.0
3181,,Feeder 0,Fasten Nacelle,2.0,6250.0,ACTION,6726.870709096702,TurbineInstallation,TurbineInstallation,,,
3182,,Feeder 0,Fasten Blade,0.75,2343.75,ACTION,6727.620709096702,TurbineInstallation,TurbineInstallation,,,
3183,,WTIV,Attach Tower Section,2.0,25000.0,ACTION,6727.853964228482,TurbineInstallation,TurbineInstallation,,40.0,132.0
3184,,Feeder 0,Fasten Blade,0.75,2343.75,ACTION,6728.370709096702,TurbineInstallation,TurbineInstallation,,,
3185,,WTIV,Release Nacelle,1.0,12500.0,ACTION,6728.853964228482,TurbineInstallation,,,,
3186,,Feeder 0,Fasten Blade,0.75,2343.75,ACTION,6729.120709096702,TurbineInstallation,TurbineInstallation,,,
3187,,WTIV,Reequip,1.0,12500.0,ACTION,6729.853964228482,TurbineInstallation,,,,
3188,,WTIV,Lift Nacelle,1.32,16500.0,ACTION,6731.173964228482,TurbineInstallation,TurbineInstallation,,40.0,132.0
3189,,WTIV,Attach Nacelle,2.0,25000.0,ACTION,6733.173964228482,TurbineInstallation,TurbineInstallation,,40.0,132.0
3190,,WTIV,Reequip,1.0,12500.0,ACTION,6734.173964228482,TurbineInstallation,,,,
3191,,WTIV,Release Blade,0.5,6250.0,ACTION,6734.673964228482,TurbineInstallation,,,,
3192,,WTIV,Lift Blade,1.32,16500.0,ACTION,6735.993964228482,TurbineInstallation,TurbineInstallation,,40.0,132.0
3193,,Feeder 0,Transit,8.01674486822009,25052.327713187784,ACTION,6737.137453964922,TurbineInstallation,,,,
3194,,WTIV,Attach Blade,1.5,18750.0,ACTION,6737.493964228482,TurbineInstallation,TurbineInstallation,,40.0,132.0
3195,,WTIV,Release Blade,0.5,6250.0,ACTION,6737.993964228482,TurbineInstallation,,,,
3196,,Feeder 0,Jackup,1.6666666666666667,5208.333333333334,ACTION,6738.804120631588,TurbineInstallation,TurbineInstallation,,,
3197,,WTIV,Lift Blade,1.32,16500.0,ACTION,6739.313964228482,TurbineInstallation,TurbineInstallation,,40.0,132.0
3198,,WTIV,Attach Blade,1.5,18750.0,ACTION,6740.813964228482,TurbineInstallation,TurbineInstallation,,40.0,132.0
3199,,WTIV,Release Blade,0.5,6250.0,ACTION,6741.313964228482,TurbineInstallation,,,,
3200,,Feeder 1,ActiveFeeder,30.12666666666655,94145.83333333298,ACTION,6741.313964228482,TurbineInstallation,,Site,,
3201,,Feeder 0,Queue,2.509843596893006,7843.261240290644,ACTION,6741.313964228482,TurbineInstallation,,Site,,
3202,,WTIV,Lift Blade,1.32,16500.0,ACTION,6742.633964228482,TurbineInstallation,TurbineInstallation,,40.0,132.0
3203,,Feeder 1,Jackdown,1.6666666666666667,5208.333333333334,ACTION,6742.980630895148,TurbineInstallation,TurbineInstallation,,,
3204,,WTIV,Attach Blade,1.5,18750.0,ACTION,6744.133964228482,TurbineInstallation,TurbineInstallation,,40.0,132.0
3205,,WTIV,Jackdown,0.43333333333333335,5416.666666666667,ACTION,6744.567297561815,TurbineInstallation,TurbineInstallation,,40.0,132.0
3206,,WTIV,Position Onsite,5.0,62500.0,ACTION,6749.567297561815,TurbineInstallation,,,,
3207,,WTIV,Jackup,0.43333333333333335,5416.666666666667,ACTION,6750.000630895149,TurbineInstallation,TurbineInstallation,,40.0,132.0
3208,,Feeder 1,Transit,8.01674486822009,25052.327713187784,ACTION,6750.997375763369,TurbineInstallation,,,,
3209,,WTIV,Release Tower Section,1.0,12500.0,ACTION,6751.000630895149,TurbineInstallation,,,,
3210,,WTIV,Lift Tower Section,0.66,8250.0,ACTION,6751.660630895149,TurbineInstallation,TurbineInstallation,,40.0,132.0
3211,,Feeder 1,Fasten Tower Section,2.0,6250.0,ACTION,6752.997375763369,TurbineInstallation,TurbineInstallation,,,
3212,,WTIV,Attach Tower Section,2.0,25000.0,ACTION,6753.660630895149,TurbineInstallation,TurbineInstallation,,40.0,132.0
3213,,WTIV,Release Tower Section,1.0,12500.0,ACTION,6754.660630895149,TurbineInstallation,,,,
3214,,Feeder 1,Fasten Tower Section,2.0,6250.0,ACTION,6754.997375763369,TurbineInstallation,TurbineInstallation,,,
3215,,WTIV,Lift Tower Section,1.32,16500.0,ACTION,6755.980630895148,TurbineInstallation,TurbineInstallation,,40.0,132.0
3216,,Feeder 1,Fasten Nacelle,2.0,6250.0,ACTION,6756.997375763369,TurbineInstallation,TurbineInstallation,,,
3217,,Feeder 1,Fasten Blade,0.75,2343.75,ACTION,6757.747375763369,TurbineInstallation,TurbineInstallation,,,
3218,,WTIV,Attach Tower Section,2.0,25000.0,ACTION,6757.980630895148,TurbineInstallation,TurbineInstallation,,40.0,132.0
3219,,Feeder 1,Fasten Blade,0.75,2343.75,ACTION,6758.497375763369,TurbineInstallation,TurbineInstallation,,,
3220,,WTIV,Release Nacelle,1.0,12500.0,ACTION,6758.980630895148,TurbineInstallation,,,,
3221,,Feeder 1,Fasten Blade,0.75,2343.75,ACTION,6759.247375763369,TurbineInstallation,TurbineInstallation,,,
3222,,WTIV,Reequip,1.0,12500.0,ACTION,6759.980630895148,TurbineInstallation,,,,
3223,,WTIV,Lift Nacelle,1.32,16500.0,ACTION,6761.300630895148,TurbineInstallation,TurbineInstallation,,40.0,132.0
3224,,WTIV,Attach Nacelle,2.0,25000.0,ACTION,6763.300630895148,TurbineInstallation,TurbineInstallation,,40.0,132.0
3225,,WTIV,Reequip,1.0,12500.0,ACTION,6764.300630895148,TurbineInstallation,,,,
3226,,WTIV,Release Blade,0.5,6250.0,ACTION,6764.800630895148,TurbineInstallation,,,,
3227,,WTIV,Lift Blade,1.32,16500.0,ACTION,6766.120630895149,TurbineInstallation,TurbineInstallation,,40.0,132.0
3228,,Feeder 1,Transit,8.01674486822009,25052.327713187784,ACTION,6767.264120631588,TurbineInstallation,,,,
3229,,WTIV,Attach Blade,1.5,18750.0,ACTION,6767.620630895149,TurbineInstallation,TurbineInstallation,,40.0,132.0
3230,,WTIV,Release Blade,0.5,6250.0,ACTION,6768.120630895149,TurbineInstallation,,,,
3231,,Feeder 1,Jackup,1.6666666666666667,5208.333333333334,ACTION,6768.930787298255,TurbineInstallation,TurbineInstallation,,,
3232,,WTIV,Lift Blade,1.32,16500.0,ACTION,6769.440630895148,TurbineInstallation,TurbineInstallation,,40.0,132.0
3233,,WTIV,Attach Blade,1.5,18750.0,ACTION,6770.940630895148,TurbineInstallation,TurbineInstallation,,40.0,132.0
3234,,WTIV,Release Blade,0.5,6250.0,ACTION,6771.440630895148,TurbineInstallation,,,,
3235,,Feeder 0,ActiveFeeder,30.12666666666655,94145.83333333298,ACTION,6771.440630895148,TurbineInstallation,,Site,,
3236,,Feeder 1,Queue,2.509843596893006,7843.261240290644,ACTION,6771.440630895148,TurbineInstallation,,Site,,
3237,,WTIV,Lift Blade,1.32,16500.0,ACTION,6772.760630895148,TurbineInstallation,TurbineInstallation,,40.0,132.0
3238,,Feeder 0,Jackdown,1.6666666666666667,5208.333333333334,ACTION,6773.107297561815,TurbineInstallation,TurbineInstallation,,,
3239,,Feeder 0,Delay,130.0,406250.0,ACTION,6903.107297561815,TurbineInstallation,,,,
3240,,WTIV,Delay,131.0,1637500.0,ACTION,6903.760630895148,TurbineInstallation,TurbineInstallation,,40.0,132.0
3241,,WTIV,Attach Blade,1.5,18750.0,ACTION,6905.260630895148,TurbineInstallation,TurbineInstallation,,40.0,132.0
3242,,WTIV,Jackdown,0.43333333333333335,5416.666666666667,ACTION,6905.6939642284815,TurbineInstallation,TurbineInstallation,,40.0,132.0
3243,,WTIV,Position Onsite,5.0,62500.0,ACTION,6910.6939642284815,TurbineInstallation,,,,
3244,,Feeder 0,Transit,8.01674486822009,25052.327713187784,ACTION,6911.124042430036,TurbineInstallation,,,,
3245,,WTIV,Jackup,0.43333333333333335,5416.666666666667,ACTION,6911.127297561815,TurbineInstallation,TurbineInstallation,,40.0,132.0
3246,,WTIV,Release Tower Section,1.0,12500.0,ACTION,6912.127297561815,TurbineInstallation,,,,
3247,,WTIV,Lift Tower Section,0.66,8250.0,ACTION,6912.787297561815,TurbineInstallation,TurbineInstallation,,40.0,132.0
3248,,WTIV,Attach Tower Section,2.0,25000.0,ACTION,6914.787297561815,TurbineInstallation,TurbineInstallation,,40.0,132.0
3249,,WTIV,Release Tower Section,1.0,12500.0,ACTION,6915.787297561815,TurbineInstallation,,,,
3250,,WTIV,Lift Tower Section,1.32,16500.0,ACTION,6917.107297561815,TurbineInstallation,TurbineInstallation,,40.0,132.0
3251,,WTIV,Attach Tower Section,2.0,25000.0,ACTION,6919.107297561815,TurbineInstallation,TurbineInstallation,,40.0,132.0
3252,,WTIV,Release Nacelle,1.0,12500.0,ACTION,6920.107297561815,TurbineInstallation,,,,
3253,,WTIV,Reequip,1.0,12500.0,ACTION,6921.107297561815,TurbineInstallation,,,,
3254,,WTIV,Lift Nacelle,1.32,16500.0,ACTION,6922.427297561815,TurbineInstallation,TurbineInstallation,,40.0,132.0
3255,,WTIV,Attach Nacelle,2.0,25000.0,ACTION,6924.427297561815,TurbineInstallation,TurbineInstallation,,40.0,132.0
3256,,WTIV,Reequip,1.0,12500.0,ACTION,6925.427297561815,TurbineInstallation,,,,
3257,,WTIV,Release Blade,0.5,6250.0,ACTION,6925.927297561815,TurbineInstallation,,,,
3258,,WTIV,Lift Blade,1.32,16500.0,ACTION,6927.247297561815,TurbineInstallation,TurbineInstallation,,40.0,132.0
3259,,WTIV,Attach Blade,1.5,18750.0,ACTION,6928.747297561815,TurbineInstallation,TurbineInstallation,,40.0,132.0
3260,,WTIV,Release Blade,0.5,6250.0,ACTION,6929.247297561815,TurbineInstallation,,,,
3261,,WTIV,Lift Blade,1.32,16500.0,ACTION,6930.567297561815,TurbineInstallation,TurbineInstallation,,40.0,132.0
3262,,WTIV,Attach Blade,1.5,18750.0,ACTION,6932.067297561815,TurbineInstallation,TurbineInstallation,,40.0,132.0
3263,,WTIV,Release Blade,0.5,6250.0,ACTION,6932.567297561815,TurbineInstallation,,,,
3264,,Feeder 1,ActiveFeeder,161.126666666667,503520.8333333344,ACTION,6932.567297561815,TurbineInstallation,,Site,,
3265,,WTIV,Lift Blade,1.32,16500.0,ACTION,6933.887297561816,TurbineInstallation,TurbineInstallation,,40.0,132.0
3266,,Feeder 1,Jackdown,1.6666666666666667,5208.333333333334,ACTION,6934.233964228482,TurbineInstallation,TurbineInstallation,,,
3267,,WTIV,Attach Blade,1.5,18750.0,ACTION,6935.387297561816,TurbineInstallation,TurbineInstallation,,40.0,132.0
3268,,WTIV,Jackdown,0.43333333333333335,5416.666666666667,ACTION,6935.8206308951485,TurbineInstallation,TurbineInstallation,,40.0,132.0
3269,,Feeder 1,Transit,8.01674486822009,25052.327713187784,ACTION,6942.250709096702,TurbineInstallation,,,,
3270,,WTIV,Transit,8.01674486822009,100209.31085275114,ACTION,6943.837375763369,TurbineInstallation,,,,
